iteration;agentId;positionBefore;positionAfter;personalBest;personalBestFitness;globalBest;globalBestFitness;popAvgFitness;popStdDev;distToOptimum
0;0;-16.25683680919964 -9.670529069429030;-16.25683680919964 -9.670529069429030;-16.25683680919964 -9.670529069429030;20.56989681496528;-1.661662655478228 2.192411774975142;8.247060496256562;19.59343172253015;3.339310109357558;18.91570446807679
0;1;3.935069260688096 20.11874261483620;3.935069260688096 20.11874261483620;3.935069260688096 20.11874261483620;19.33237762158580;-1.661662655478228 2.192411774975142;8.247060496256562;19.59343172253015;3.339310109357558;20.49996523139584
0;2;-30.13427440820803 8.463993963484953;-30.13427440820803 8.463993963484953;-30.13427440820803 8.463993963484953;21.62266303317064;-1.661662655478228 2.192411774975142;8.247060496256562;19.59343172253015;3.339310109357558;31.30037839904002
0;3;15.51520804204913 1.530696448155403;15.51520804204913 1.530696448155403;15.51520804204913 1.530696448155403;20.14075206974853;-1.661662655478228 2.192411774975142;8.247060496256562;19.59343172253015;3.339310109357558;15.59053277487532
0;4;-1.661662655478228 2.192411774975142;-1.661662655478228 2.192411774975142;-1.661662655478228 2.192411774975142;8.247060496256562;-1.661662655478228 2.192411774975142;8.247060496256562;19.59343172253015;3.339310109357558;2.750962044751001
0;5;25.41707098256534 -15.61259803013450;25.41707098256534 -15.61259803013450;25.41707098256534 -15.61259803013450;21.98062557936192;-1.661662655478228 2.192411774975142;8.247060496256562;19.59343172253015;3.339310109357558;29.82919232200773
0;6;11.65503792602562 -8.686958165824361;11.65503792602562 -8.686958165824361;11.65503792602562 -8.686958165824361;19.53572108881212;-1.661662655478228 2.192411774975142;8.247060496256562;19.59343172253015;3.339310109357558;14.53627019671409
0;7;21.42729883504138 -1.056800659703345;21.42729883504138 -1.056800659703345;21.42729883504138 -1.056800659703345;20.73583385148192;-1.661662655478228 2.192411774975142;8.247060496256562;19.59343172253015;3.339310109357558;21.45334386524662
0;8;30.53565443919148 -31.47094434200928;30.53565443919148 -31.47094434200928;30.53565443919148 -31.47094434200928;22.30213586276853;-1.661662655478228 2.192411774975142;8.247060496256562;19.59343172253015;3.339310109357558;43.85027399923015
0;9;-5.894916220115789 -4.908945242037799;-5.894916220115789 -4.908945242037799;-5.894916220115789 -4.908945242037799;13.69956412512603;-1.661662655478228 2.192411774975142;8.247060496256562;19.59343172253015;3.339310109357558;7.671230711659621
0;10;23.72614041563092 24.67696140080395;23.72614041563092 24.67696140080395;23.72614041563092 24.67696140080395;21.81667225009339;-1.661662655478228 2.192411774975142;8.247060496256562;19.59343172253015;3.339310109357558;34.23276446620989
0;11;22.80539325336843 9.124189434371658;22.80539325336843 9.124189434371658;22.80539325336843 9.124189434371658;20.40630493096825;-1.661662655478228 2.192411774975142;8.247060496256562;19.59343172253015;3.339310109357558;24.56291501990514
0;12;-10.42078034314520 13.70389633702896;-10.42078034314520 13.70389633702896;-10.42078034314520 13.70389633702896;20.40711469997660;-1.661662655478228 2.192411774975142;8.247060496256562;19.59343172253015;3.339310109357558;17.21596461939084
0;13;-29.15245547307014 4.259519629832163;-29.15245547307014 4.259519629832163;-29.15245547307014 4.259519629832163;21.11418330688964;-1.661662655478228 2.192411774975142;8.247060496256562;19.59343172253015;3.339310109357558;29.46199530897836
0;14;13.44135721876131 15.32372306816612;13.44135721876131 15.32372306816612;13.44135721876131 15.32372306816612;21.09692048883087;-1.661662655478228 2.192411774975142;8.247060496256562;19.59343172253015;3.339310109357558;20.38348774258697
0;15;-10.08093748333948 -7.739066503863256;-10.08093748333948 -7.739066503863256;-10.08093748333948 -7.739066503863256;17.90802391312286;-1.661662655478228 2.192411774975142;8.247060496256562;19.59343172253015;3.339310109357558;12.70899094712940
0;16;-13.65597221922556 14.56195562798659;-13.65597221922556 14.56195562798659;-13.65597221922556 14.56195562798659;21.05343877628098;-1.661662655478228 2.192411774975142;8.247060496256562;19.59343172253015;3.339310109357558;19.96336967958342
0;17;-21.49113448373362 20.33234332241776;-21.49113448373362 20.33234332241776;-21.49113448373362 20.33234332241776;21.93950838078818;-1.661662655478228 2.192411774975142;8.247060496256562;19.59343172253015;3.339310109357558;29.58501388166973
0;18;-5.150687643353660 -7.752521182903934;-5.150687643353660 -7.752521182903934;-5.150687643353660 -7.752521182903934;16.00578266801308;-1.661662655478228 2.192411774975142;8.247060496256562;19.59343172253015;3.339310109357558;9.307586577129985
0;19;24.53975878940203 -29.22141365897084;24.53975878940203 -29.22141365897084;24.53975878940203 -29.22141365897084;21.95405449236174;-1.661662655478228 2.192411774975142;8.247060496256562;19.59343172253015;3.339310109357558;38.15875754883434
1;0;-16.25683680919964 -9.670529069429030;-16.25683680919964 -9.670529069429030;-16.25683680919964 -9.670529069429030;20.56989681496528;-1.661662655478228 2.192411774975142;8.247060496256562;19.51447341698631;3.337806437532326;18.91570446807679
1;1;3.935069260688096 20.11874261483620;3.935069260688096 20.11874261483620;3.935069260688096 20.11874261483620;19.33237762158580;-1.661662655478228 2.192411774975142;8.247060496256562;19.51447341698631;3.337806437532326;20.49996523139584
1;2;-30.13427440820803 8.463993963484953;-30.13427440820803 8.463993963484953;-30.13427440820803 8.463993963484953;21.62266303317064;-1.661662655478228 2.192411774975142;8.247060496256562;19.51447341698631;3.337806437532326;31.30037839904002
1;3;15.51520804204913 1.530696448155403;15.51520804204913 1.530696448155403;15.51520804204913 1.530696448155403;20.14075206974853;-1.661662655478228 2.192411774975142;8.247060496256562;19.51447341698631;3.337806437532326;15.59053277487532
1;4;-1.661662655478228 2.192411774975142;-1.661662655478228 2.192411774975142;-1.661662655478228 2.192411774975142;8.247060496256562;-1.661662655478228 2.192411774975142;8.247060496256562;19.51447341698631;3.337806437532326;2.750962044751001
1;5;25.41707098256534 -15.61259803013450;25.41707098256534 -15.61259803013450;25.41707098256534 -15.61259803013450;21.98062557936192;-1.661662655478228 2.192411774975142;8.247060496256562;19.51447341698631;3.337806437532326;29.82919232200773
1;6;11.65503792602562 -8.686958165824361;11.65503792602562 -8.686958165824361;11.65503792602562 -8.686958165824361;19.53572108881212;-1.661662655478228 2.192411774975142;8.247060496256562;19.51447341698631;3.337806437532326;14.53627019671409
1;7;21.42729883504138 -1.056800659703345;21.42729883504138 -1.056800659703345;21.42729883504138 -1.056800659703345;20.73583385148192;-1.661662655478228 2.192411774975142;8.247060496256562;19.51447341698631;3.337806437532326;21.45334386524662
1;8;30.53565443919148 -31.47094434200928;30.53565443919148 -31.47094434200928;30.53565443919148 -31.47094434200928;22.30213586276853;-1.661662655478228 2.192411774975142;8.247060496256562;19.51447341698631;3.337806437532326;43.85027399923015
1;9;-5.894916220115789 -4.908945242037799;-5.894916220115789 -4.908945242037799;-5.894916220115789 -4.908945242037799;13.69956412512603;-1.661662655478228 2.192411774975142;8.247060496256562;19.51447341698631;3.337806437532326;7.671230711659621
1;10;23.72614041563092 24.67696140080395;23.72614041563092 24.67696140080395;23.72614041563092 24.67696140080395;21.81667225009339;-1.661662655478228 2.192411774975142;8.247060496256562;19.51447341698631;3.337806437532326;34.23276446620989
1;11;22.80539325336843 9.124189434371658;22.80539325336843 9.124189434371658;22.80539325336843 9.124189434371658;20.40630493096825;-1.661662655478228 2.192411774975142;8.247060496256562;19.51447341698631;3.337806437532326;24.56291501990514
1;12;-10.42078034314520 13.70389633702896;-10.00824341225413 13.83095333997562;-10.00824341225413 13.83095333997562;18.82794858909982;-1.661662655478228 2.192411774975142;8.247060496256562;19.51447341698631;3.337806437532326;17.07220567154435
1;13;-29.15245547307014 4.259519629832163;-29.15245547307014 4.259519629832163;-29.15245547307014 4.259519629832163;21.11418330688964;-1.661662655478228 2.192411774975142;8.247060496256562;19.51447341698631;3.337806437532326;29.46199530897836
1;14;13.44135721876131 15.32372306816612;13.44135721876131 15.32372306816612;13.44135721876131 15.32372306816612;21.09692048883087;-1.661662655478228 2.192411774975142;8.247060496256562;19.51447341698631;3.337806437532326;20.38348774258697
1;15;-10.08093748333948 -7.739066503863256;-10.08093748333948 -7.739066503863256;-10.08093748333948 -7.739066503863256;17.90802391312286;-1.661662655478228 2.192411774975142;8.247060496256562;19.51447341698631;3.337806437532326;12.70899094712940
1;16;-13.65597221922556 14.56195562798659;-13.65597221922556 14.56195562798659;-13.65597221922556 14.56195562798659;21.05343877628098;-1.661662655478228 2.192411774975142;8.247060496256562;19.51447341698631;3.337806437532326;19.96336967958342
1;17;-21.49113448373362 20.33234332241776;-21.49113448373362 20.33234332241776;-21.49113448373362 20.33234332241776;21.93950838078818;-1.661662655478228 2.192411774975142;8.247060496256562;19.51447341698631;3.337806437532326;29.58501388166973
1;18;-5.150687643353660 -7.752521182903934;-5.150687643353660 -7.752521182903934;-5.150687643353660 -7.752521182903934;16.00578266801308;-1.661662655478228 2.192411774975142;8.247060496256562;19.51447341698631;3.337806437532326;9.307586577129985
1;19;24.53975878940203 -29.22141365897084;24.53975878940203 -29.22141365897084;24.53975878940203 -29.22141365897084;21.95405449236174;-1.661662655478228 2.192411774975142;8.247060496256562;19.51447341698631;3.337806437532326;38.15875754883434
2;0;-16.25683680919964 -9.670529069429030;-16.25683680919964 -9.670529069429030;-16.25683680919964 -9.670529069429030;20.56989681496528;-1.661662655478228 2.192411774975142;8.247060496256562;19.55949440213086;3.321869176969308;18.91570446807679
2;1;3.935069260688096 20.11874261483620;3.935069260688096 20.11874261483620;3.935069260688096 20.11874261483620;19.33237762158580;-1.661662655478228 2.192411774975142;8.247060496256562;19.55949440213086;3.321869176969308;20.49996523139584
2;2;-30.13427440820803 8.463993963484953;-30.13427440820803 8.463993963484953;-30.13427440820803 8.463993963484953;21.62266303317064;-1.661662655478228 2.192411774975142;8.247060496256562;19.55949440213086;3.321869176969308;31.30037839904002
2;3;15.51520804204913 1.530696448155403;15.51520804204913 1.530696448155403;15.51520804204913 1.530696448155403;20.14075206974853;-1.661662655478228 2.192411774975142;8.247060496256562;19.55949440213086;3.321869176969308;15.59053277487532
2;4;-1.661662655478228 2.192411774975142;-1.661662655478228 2.192411774975142;-1.661662655478228 2.192411774975142;8.247060496256562;-1.661662655478228 2.192411774975142;8.247060496256562;19.55949440213086;3.321869176969308;2.750962044751001
2;5;25.41707098256534 -15.61259803013450;25.41707098256534 -15.61259803013450;25.41707098256534 -15.61259803013450;21.98062557936192;-1.661662655478228 2.192411774975142;8.247060496256562;19.55949440213086;3.321869176969308;29.82919232200773
2;6;11.65503792602562 -8.686958165824361;11.65503792602562 -8.686958165824361;11.65503792602562 -8.686958165824361;19.53572108881212;-1.661662655478228 2.192411774975142;8.247060496256562;19.55949440213086;3.321869176969308;14.53627019671409
2;7;21.42729883504138 -1.056800659703345;21.42729883504138 -1.056800659703345;21.42729883504138 -1.056800659703345;20.73583385148192;-1.661662655478228 2.192411774975142;8.247060496256562;19.55949440213086;3.321869176969308;21.45334386524662
2;8;30.53565443919148 -31.47094434200928;30.53565443919148 -31.47094434200928;30.53565443919148 -31.47094434200928;22.30213586276853;-1.661662655478228 2.192411774975142;8.247060496256562;19.55949440213086;3.321869176969308;43.85027399923015
2;9;-5.894916220115789 -4.908945242037799;-5.894916220115789 -4.908945242037799;-5.894916220115789 -4.908945242037799;13.69956412512603;-1.661662655478228 2.192411774975142;8.247060496256562;19.55949440213086;3.321869176969308;7.671230711659621
2;10;23.72614041563092 24.67696140080395;23.72614041563092 24.67696140080395;23.72614041563092 24.67696140080395;21.81667225009339;-1.661662655478228 2.192411774975142;8.247060496256562;19.55949440213086;3.321869176969308;34.23276446620989
2;11;22.80539325336843 9.124189434371658;22.80539325336843 9.124189434371658;22.80539325336843 9.124189434371658;20.40630493096825;-1.661662655478228 2.192411774975142;8.247060496256562;19.55949440213086;3.321869176969308;24.56291501990514
2;12;-10.00824341225413 13.83095333997562;-10.00824341225413 13.83095333997562;-10.00824341225413 13.83095333997562;18.82794858909982;-1.661662655478228 2.192411774975142;8.247060496256562;19.55949440213086;3.321869176969308;17.07220567154435
2;13;-29.15245547307014 4.259519629832163;-29.15245547307014 4.259519629832163;-29.15245547307014 4.259519629832163;21.11418330688964;-1.661662655478228 2.192411774975142;8.247060496256562;19.55949440213086;3.321869176969308;29.46199530897836
2;14;13.44135721876131 15.32372306816612;13.44135721876131 15.32372306816612;13.44135721876131 15.32372306816612;21.09692048883087;-1.661662655478228 2.192411774975142;8.247060496256562;19.55949440213086;3.321869176969308;20.38348774258697
2;15;-10.08093748333948 -7.739066503863256;-10.49563511271265 -7.829479223092467;-10.08093748333948 -7.739066503863256;17.90802391312286;-1.661662655478228 2.192411774975142;8.247060496256562;19.55949440213086;3.321869176969308;13.09423924189730
2;16;-13.65597221922556 14.56195562798659;-13.65597221922556 14.56195562798659;-13.65597221922556 14.56195562798659;21.05343877628098;-1.661662655478228 2.192411774975142;8.247060496256562;19.55949440213086;3.321869176969308;19.96336967958342
2;17;-21.49113448373362 20.33234332241776;-21.49113448373362 20.33234332241776;-21.49113448373362 20.33234332241776;21.93950838078818;-1.661662655478228 2.192411774975142;8.247060496256562;19.55949440213086;3.321869176969308;29.58501388166973
2;18;-5.150687643353660 -7.752521182903934;-5.150687643353660 -7.752521182903934;-5.150687643353660 -7.752521182903934;16.00578266801308;-1.661662655478228 2.192411774975142;8.247060496256562;19.55949440213086;3.321869176969308;9.307586577129985
2;19;24.53975878940203 -29.22141365897084;24.53975878940203 -29.22141365897084;24.53975878940203 -29.22141365897084;21.95405449236174;-1.661662655478228 2.192411774975142;8.247060496256562;19.55949440213086;3.321869176969308;38.15875754883434
3;0;-16.25683680919964 -9.670529069429030;-16.25683680919964 -9.670529069429030;-16.25683680919964 -9.670529069429030;20.56989681496528;-1.661662655478228 2.192411774975142;8.247060496256562;19.53770654209934;3.268346172199832;18.91570446807679
3;1;3.935069260688096 20.11874261483620;3.935069260688096 20.11874261483620;3.935069260688096 20.11874261483620;19.33237762158580;-1.661662655478228 2.192411774975142;8.247060496256562;19.53770654209934;3.268346172199832;20.49996523139584
3;2;-30.13427440820803 8.463993963484953;-30.13427440820803 8.463993963484953;-30.13427440820803 8.463993963484953;21.62266303317064;-1.661662655478228 2.192411774975142;8.247060496256562;19.53770654209934;3.268346172199832;31.30037839904002
3;3;15.51520804204913 1.530696448155403;15.51520804204913 1.530696448155403;15.51520804204913 1.530696448155403;20.14075206974853;-1.661662655478228 2.192411774975142;8.247060496256562;19.53770654209934;3.268346172199832;15.59053277487532
3;4;-1.661662655478228 2.192411774975142;-1.815012060851916 2.487332980941444;-1.661662655478228 2.192411774975142;8.247060496256562;-1.661662655478228 2.192411774975142;8.247060496256562;19.53770654209934;3.268346172199832;3.079138538474190
3;5;25.41707098256534 -15.61259803013450;25.41707098256534 -15.61259803013450;25.41707098256534 -15.61259803013450;21.98062557936192;-1.661662655478228 2.192411774975142;8.247060496256562;19.53770654209934;3.268346172199832;29.82919232200773
3;6;11.65503792602562 -8.686958165824361;11.65503792602562 -8.686958165824361;11.65503792602562 -8.686958165824361;19.53572108881212;-1.661662655478228 2.192411774975142;8.247060496256562;19.53770654209934;3.268346172199832;14.53627019671409
3;7;21.42729883504138 -1.056800659703345;21.42729883504138 -1.056800659703345;21.42729883504138 -1.056800659703345;20.73583385148192;-1.661662655478228 2.192411774975142;8.247060496256562;19.53770654209934;3.268346172199832;21.45334386524662
3;8;30.53565443919148 -31.47094434200928;30.53565443919148 -31.47094434200928;30.53565443919148 -31.47094434200928;22.30213586276853;-1.661662655478228 2.192411774975142;8.247060496256562;19.53770654209934;3.268346172199832;43.85027399923015
3;9;-5.894916220115789 -4.908945242037799;-5.894916220115789 -4.908945242037799;-5.894916220115789 -4.908945242037799;13.69956412512603;-1.661662655478228 2.192411774975142;8.247060496256562;19.53770654209934;3.268346172199832;7.671230711659621
3;10;23.72614041563092 24.67696140080395;23.72614041563092 24.67696140080395;23.72614041563092 24.67696140080395;21.81667225009339;-1.661662655478228 2.192411774975142;8.247060496256562;19.53770654209934;3.268346172199832;34.23276446620989
3;11;22.80539325336843 9.124189434371658;22.80539325336843 9.124189434371658;22.80539325336843 9.124189434371658;20.40630493096825;-1.661662655478228 2.192411774975142;8.247060496256562;19.53770654209934;3.268346172199832;24.56291501990514
3;12;-10.00824341225413 13.83095333997562;-10.00824341225413 13.83095333997562;-10.00824341225413 13.83095333997562;18.82794858909982;-1.661662655478228 2.192411774975142;8.247060496256562;19.53770654209934;3.268346172199832;17.07220567154435
3;13;-29.15245547307014 4.259519629832163;-29.15245547307014 4.259519629832163;-29.15245547307014 4.259519629832163;21.11418330688964;-1.661662655478228 2.192411774975142;8.247060496256562;19.53770654209934;3.268346172199832;29.46199530897836
3;14;13.44135721876131 15.32372306816612;13.44135721876131 15.32372306816612;13.44135721876131 15.32372306816612;21.09692048883087;-1.661662655478228 2.192411774975142;8.247060496256562;19.53770654209934;3.268346172199832;20.38348774258697
3;15;-10.49563511271265 -7.829479223092467;-10.49563511271265 -7.829479223092467;-10.08093748333948 -7.739066503863256;17.90802391312286;-1.661662655478228 2.192411774975142;8.247060496256562;19.53770654209934;3.268346172199832;13.09423924189730
3;16;-13.65597221922556 14.56195562798659;-13.65597221922556 14.56195562798659;-13.65597221922556 14.56195562798659;21.05343877628098;-1.661662655478228 2.192411774975142;8.247060496256562;19.53770654209934;3.268346172199832;19.96336967958342
3;17;-21.49113448373362 20.33234332241776;-21.49113448373362 20.33234332241776;-21.49113448373362 20.33234332241776;21.93950838078818;-1.661662655478228 2.192411774975142;8.247060496256562;19.53770654209934;3.268346172199832;29.58501388166973
3;18;-5.150687643353660 -7.752521182903934;-5.030776273546366 -8.010330546247765;-5.030776273546366 -8.010330546247765;14.77915653623989;-1.661662655478228 2.192411774975142;8.247060496256562;19.53770654209934;3.268346172199832;9.459075291730533
3;19;24.53975878940203 -29.22141365897084;24.53975878940203 -29.22141365897084;24.53975878940203 -29.22141365897084;21.95405449236174;-1.661662655478228 2.192411774975142;8.247060496256562;19.53770654209934;3.268346172199832;38.15875754883434
4;0;-16.25683680919964 -9.670529069429030;-16.25683680919964 -9.670529069429030;-16.25683680919964 -9.670529069429030;20.56989681496528;-1.661662655478228 2.192411774975142;8.247060496256562;19.55586494624166;3.275952332728250;18.91570446807679
4;1;3.935069260688096 20.11874261483620;3.935069260688096 20.11874261483620;3.935069260688096 20.11874261483620;19.33237762158580;-1.661662655478228 2.192411774975142;8.247060496256562;19.55586494624166;3.275952332728250;20.49996523139584
4;2;-30.13427440820803 8.463993963484953;-30.13427440820803 8.463993963484953;-30.13427440820803 8.463993963484953;21.62266303317064;-1.661662655478228 2.192411774975142;8.247060496256562;19.55586494624166;3.275952332728250;31.30037839904002
4;3;15.51520804204913 1.530696448155403;15.51520804204913 1.530696448155403;15.51520804204913 1.530696448155403;20.14075206974853;-1.661662655478228 2.192411774975142;8.247060496256562;19.55586494624166;3.275952332728250;15.59053277487532
4;4;-1.815012060851916 2.487332980941444;-1.815012060851916 2.487332980941444;-1.661662655478228 2.192411774975142;8.247060496256562;-1.661662655478228 2.192411774975142;8.247060496256562;19.55586494624166;3.275952332728250;3.079138538474190
4;5;25.41707098256534 -15.61259803013450;25.41707098256534 -15.61259803013450;25.41707098256534 -15.61259803013450;21.98062557936192;-1.661662655478228 2.192411774975142;8.247060496256562;19.55586494624166;3.275952332728250;29.82919232200773
4;6;11.65503792602562 -8.686958165824361;11.65503792602562 -8.686958165824361;11.65503792602562 -8.686958165824361;19.53572108881212;-1.661662655478228 2.192411774975142;8.247060496256562;19.55586494624166;3.275952332728250;14.53627019671409
4;7;21.42729883504138 -1.056800659703345;21.41396988384558 -0.7509109996058918;21.42729883504138 -1.056800659703345;20.73583385148192;-1.661662655478228 2.192411774975142;8.247060496256562;19.55586494624166;3.275952332728250;21.42713171461767
4;8;30.53565443919148 -31.47094434200928;30.53565443919148 -31.47094434200928;30.53565443919148 -31.47094434200928;22.30213586276853;-1.661662655478228 2.192411774975142;8.247060496256562;19.55586494624166;3.275952332728250;43.85027399923015
4;9;-5.894916220115789 -4.908945242037799;-5.894916220115789 -4.908945242037799;-5.894916220115789 -4.908945242037799;13.69956412512603;-1.661662655478228 2.192411774975142;8.247060496256562;19.55586494624166;3.275952332728250;7.671230711659621
4;10;23.72614041563092 24.67696140080395;23.72614041563092 24.67696140080395;23.72614041563092 24.67696140080395;21.81667225009339;-1.661662655478228 2.192411774975142;8.247060496256562;19.55586494624166;3.275952332728250;34.23276446620989
4;11;22.80539325336843 9.124189434371658;22.80539325336843 9.124189434371658;22.80539325336843 9.124189434371658;20.40630493096825;-1.661662655478228 2.192411774975142;8.247060496256562;19.55586494624166;3.275952332728250;24.56291501990514
4;12;-10.00824341225413 13.83095333997562;-10.00824341225413 13.83095333997562;-10.00824341225413 13.83095333997562;18.82794858909982;-1.661662655478228 2.192411774975142;8.247060496256562;19.55586494624166;3.275952332728250;17.07220567154435
4;13;-29.15245547307014 4.259519629832163;-29.15245547307014 4.259519629832163;-29.15245547307014 4.259519629832163;21.11418330688964;-1.661662655478228 2.192411774975142;8.247060496256562;19.55586494624166;3.275952332728250;29.46199530897836
4;14;13.44135721876131 15.32372306816612;13.44135721876131 15.32372306816612;13.44135721876131 15.32372306816612;21.09692048883087;-1.661662655478228 2.192411774975142;8.247060496256562;19.55586494624166;3.275952332728250;20.38348774258697
4;15;-10.49563511271265 -7.829479223092467;-10.49563511271265 -7.829479223092467;-10.08093748333948 -7.739066503863256;17.90802391312286;-1.661662655478228 2.192411774975142;8.247060496256562;19.55586494624166;3.275952332728250;13.09423924189730
4;16;-13.65597221922556 14.56195562798659;-13.65597221922556 14.56195562798659;-13.65597221922556 14.56195562798659;21.05343877628098;-1.661662655478228 2.192411774975142;8.247060496256562;19.55586494624166;3.275952332728250;19.96336967958342
4;17;-21.49113448373362 20.33234332241776;-21.49113448373362 20.33234332241776;-21.49113448373362 20.33234332241776;21.93950838078818;-1.661662655478228 2.192411774975142;8.247060496256562;19.55586494624166;3.275952332728250;29.58501388166973
4;18;-5.030776273546366 -8.010330546247765;-5.030776273546366 -8.010330546247765;-5.030776273546366 -8.010330546247765;14.77915653623989;-1.661662655478228 2.192411774975142;8.247060496256562;19.55586494624166;3.275952332728250;9.459075291730533
4;19;24.53975878940203 -29.22141365897084;24.53975878940203 -29.22141365897084;24.53975878940203 -29.22141365897084;21.95405449236174;-1.661662655478228 2.192411774975142;8.247060496256562;19.55586494624166;3.275952332728250;38.15875754883434
5;0;-16.25683680919964 -9.670529069429030;-16.25683680919964 -9.670529069429030;-16.25683680919964 -9.670529069429030;20.56989681496528;-1.661662655478228 2.192411774975142;8.247060496256562;19.49289257277751;3.252654121716678;18.91570446807679
5;1;3.935069260688096 20.11874261483620;3.935069260688096 20.11874261483620;3.935069260688096 20.11874261483620;19.33237762158580;-1.661662655478228 2.192411774975142;8.247060496256562;19.49289257277751;3.252654121716678;20.49996523139584
5;2;-30.13427440820803 8.463993963484953;-30.13427440820803 8.463993963484953;-30.13427440820803 8.463993963484953;21.62266303317064;-1.661662655478228 2.192411774975142;8.247060496256562;19.49289257277751;3.252654121716678;31.30037839904002
5;3;15.51520804204913 1.530696448155403;15.51520804204913 1.530696448155403;15.51520804204913 1.530696448155403;20.14075206974853;-1.661662655478228 2.192411774975142;8.247060496256562;19.49289257277751;3.252654121716678;15.59053277487532
5;4;-1.815012060851916 2.487332980941444;-1.815012060851916 2.487332980941444;-1.661662655478228 2.192411774975142;8.247060496256562;-1.661662655478228 2.192411774975142;8.247060496256562;19.49289257277751;3.252654121716678;3.079138538474190
5;5;25.41707098256534 -15.61259803013450;25.41707098256534 -15.61259803013450;25.41707098256534 -15.61259803013450;21.98062557936192;-1.661662655478228 2.192411774975142;8.247060496256562;19.49289257277751;3.252654121716678;29.82919232200773
5;6;11.65503792602562 -8.686958165824361;11.65503792602562 -8.686958165824361;11.65503792602562 -8.686958165824361;19.53572108881212;-1.661662655478228 2.192411774975142;8.247060496256562;19.49289257277751;3.252654121716678;14.53627019671409
5;7;21.41396988384558 -0.7509109996058918;21.41396988384558 -0.7509109996058918;21.42729883504138 -1.056800659703345;20.73583385148192;-1.661662655478228 2.192411774975142;8.247060496256562;19.49289257277751;3.252654121716678;21.42713171461767
5;8;30.53565443919148 -31.47094434200928;30.53565443919148 -31.47094434200928;30.53565443919148 -31.47094434200928;22.30213586276853;-1.661662655478228 2.192411774975142;8.247060496256562;19.49289257277751;3.252654121716678;43.85027399923015
5;9;-5.894916220115789 -4.908945242037799;-5.894916220115789 -4.908945242037799;-5.894916220115789 -4.908945242037799;13.69956412512603;-1.661662655478228 2.192411774975142;8.247060496256562;19.49289257277751;3.252654121716678;7.671230711659621
5;10;23.72614041563092 24.67696140080395;23.72614041563092 24.67696140080395;23.72614041563092 24.67696140080395;21.81667225009339;-1.661662655478228 2.192411774975142;8.247060496256562;19.49289257277751;3.252654121716678;34.23276446620989
5;11;22.80539325336843 9.124189434371658;22.80539325336843 9.124189434371658;22.80539325336843 9.124189434371658;20.40630493096825;-1.661662655478228 2.192411774975142;8.247060496256562;19.49289257277751;3.252654121716678;24.56291501990514
5;12;-10.00824341225413 13.83095333997562;-9.921153280840795 14.06082322429180;-9.921153280840795 14.06082322429180;18.49497479378925;-1.661662655478228 2.192411774975142;8.247060496256562;19.49289257277751;3.252654121716678;17.20860343452430
5;13;-29.15245547307014 4.259519629832163;-29.15245547307014 4.259519629832163;-29.15245547307014 4.259519629832163;21.11418330688964;-1.661662655478228 2.192411774975142;8.247060496256562;19.49289257277751;3.252654121716678;29.46199530897836
5;14;13.44135721876131 15.32372306816612;13.44135721876131 15.32372306816612;13.44135721876131 15.32372306816612;21.09692048883087;-1.661662655478228 2.192411774975142;8.247060496256562;19.49289257277751;3.252654121716678;20.38348774258697
5;15;-10.49563511271265 -7.829479223092467;-10.49563511271265 -7.829479223092467;-10.08093748333948 -7.739066503863256;17.90802391312286;-1.661662655478228 2.192411774975142;8.247060496256562;19.49289257277751;3.252654121716678;13.09423924189730
5;16;-13.65597221922556 14.56195562798659;-13.65597221922556 14.56195562798659;-13.65597221922556 14.56195562798659;21.05343877628098;-1.661662655478228 2.192411774975142;8.247060496256562;19.49289257277751;3.252654121716678;19.96336967958342
5;17;-21.49113448373362 20.33234332241776;-22.03671749399900 19.70126441616354;-22.03671749399900 19.70126441616354;21.01303470681580;-1.661662655478228 2.192411774975142;8.247060496256562;19.49289257277751;3.252654121716678;29.55937647356441
5;18;-5.030776273546366 -8.010330546247765;-5.030776273546366 -8.010330546247765;-5.030776273546366 -8.010330546247765;14.77915653623989;-1.661662655478228 2.192411774975142;8.247060496256562;19.49289257277751;3.252654121716678;9.459075291730533
5;19;24.53975878940203 -29.22141365897084;24.53975878940203 -29.22141365897084;24.53975878940203 -29.22141365897084;21.95405449236174;-1.661662655478228 2.192411774975142;8.247060496256562;19.49289257277751;3.252654121716678;38.15875754883434
6;0;-16.25683680919964 -9.670529069429030;-16.25683680919964 -9.670529069429030;-16.25683680919964 -9.670529069429030;20.56989681496528;-1.661662655478228 2.192411774975142;8.247060496256562;19.43356029002579;3.233582632581872;18.91570446807679
6;1;3.935069260688096 20.11874261483620;3.935069260688096 20.11874261483620;3.935069260688096 20.11874261483620;19.33237762158580;-1.661662655478228 2.192411774975142;8.247060496256562;19.43356029002579;3.233582632581872;20.49996523139584
6;2;-30.13427440820803 8.463993963484953;-30.13427440820803 8.463993963484953;-30.13427440820803 8.463993963484953;21.62266303317064;-1.661662655478228 2.192411774975142;8.247060496256562;19.43356029002579;3.233582632581872;31.30037839904002
6;3;15.51520804204913 1.530696448155403;15.51520804204913 1.530696448155403;15.51520804204913 1.530696448155403;20.14075206974853;-1.661662655478228 2.192411774975142;8.247060496256562;19.43356029002579;3.233582632581872;15.59053277487532
6;4;-1.815012060851916 2.487332980941444;-1.815012060851916 2.487332980941444;-1.661662655478228 2.192411774975142;8.247060496256562;-1.661662655478228 2.192411774975142;8.247060496256562;19.43356029002579;3.233582632581872;3.079138538474190
6;5;25.41707098256534 -15.61259803013450;25.41707098256534 -15.61259803013450;25.41707098256534 -15.61259803013450;21.98062557936192;-1.661662655478228 2.192411774975142;8.247060496256562;19.43356029002579;3.233582632581872;29.82919232200773
6;6;11.65503792602562 -8.686958165824361;11.65503792602562 -8.686958165824361;11.65503792602562 -8.686958165824361;19.53572108881212;-1.661662655478228 2.192411774975142;8.247060496256562;19.43356029002579;3.233582632581872;14.53627019671409
6;7;21.41396988384558 -0.7509109996058918;21.16695567108183 -1.129700489265080;21.16695567108183 -1.129700489265080;19.91235627929372;-1.661662655478228 2.192411774975142;8.247060496256562;19.43356029002579;3.233582632581872;21.19708082677870
6;8;30.53565443919148 -31.47094434200928;30.53565443919148 -31.47094434200928;30.53565443919148 -31.47094434200928;22.30213586276853;-1.661662655478228 2.192411774975142;8.247060496256562;19.43356029002579;3.233582632581872;43.85027399923015
6;9;-5.894916220115789 -4.908945242037799;-5.894916220115789 -4.908945242037799;-5.894916220115789 -4.908945242037799;13.69956412512603;-1.661662655478228 2.192411774975142;8.247060496256562;19.43356029002579;3.233582632581872;7.671230711659621
6;10;23.72614041563092 24.67696140080395;23.72614041563092 24.67696140080395;23.72614041563092 24.67696140080395;21.81667225009339;-1.661662655478228 2.192411774975142;8.247060496256562;19.43356029002579;3.233582632581872;34.23276446620989
6;11;22.80539325336843 9.124189434371658;22.80539325336843 9.124189434371658;22.80539325336843 9.124189434371658;20.40630493096825;-1.661662655478228 2.192411774975142;8.247060496256562;19.43356029002579;3.233582632581872;24.56291501990514
6;12;-9.921153280840795 14.06082322429180;-9.921153280840795 14.06082322429180;-9.921153280840795 14.06082322429180;18.49497479378925;-1.661662655478228 2.192411774975142;8.247060496256562;19.43356029002579;3.233582632581872;17.20860343452430
6;13;-29.15245547307014 4.259519629832163;-29.15245547307014 4.259519629832163;-29.15245547307014 4.259519629832163;21.11418330688964;-1.661662655478228 2.192411774975142;8.247060496256562;19.43356029002579;3.233582632581872;29.46199530897836
6;14;13.44135721876131 15.32372306816612;13.44135721876131 15.32372306816612;13.44135721876131 15.32372306816612;21.09692048883087;-1.661662655478228 2.192411774975142;8.247060496256562;19.43356029002579;3.233582632581872;20.38348774258697
6;15;-10.49563511271265 -7.829479223092467;-10.49563511271265 -7.829479223092467;-10.08093748333948 -7.739066503863256;17.90802391312286;-1.661662655478228 2.192411774975142;8.247060496256562;19.43356029002579;3.233582632581872;13.09423924189730
6;16;-13.65597221922556 14.56195562798659;-13.65597221922556 14.56195562798659;-13.65597221922556 14.56195562798659;21.05343877628098;-1.661662655478228 2.192411774975142;8.247060496256562;19.43356029002579;3.233582632581872;19.96336967958342
6;17;-22.03671749399900 19.70126441616354;-22.03671749399900 19.70126441616354;-22.03671749399900 19.70126441616354;21.01303470681580;-1.661662655478228 2.192411774975142;8.247060496256562;19.43356029002579;3.233582632581872;29.55937647356441
6;18;-5.030776273546366 -8.010330546247765;-5.030776273546366 -8.010330546247765;-5.030776273546366 -8.010330546247765;14.77915653623989;-1.661662655478228 2.192411774975142;8.247060496256562;19.43356029002579;3.233582632581872;9.459075291730533
6;19;24.53975878940203 -29.22141365897084;24.53975878940203 -29.22141365897084;24.53975878940203 -29.22141365897084;21.95405449236174;-1.661662655478228 2.192411774975142;8.247060496256562;19.43356029002579;3.233582632581872;38.15875754883434
7;0;-16.25683680919964 -9.670529069429030;-16.25683680919964 -9.670529069429030;-16.25683680919964 -9.670529069429030;20.56989681496528;-1.661662655478228 2.192411774975142;8.247060496256562;19.32665445818639;3.212095750608270;18.91570446807679
7;1;3.935069260688096 20.11874261483620;3.935069260688096 20.11874261483620;3.935069260688096 20.11874261483620;19.33237762158580;-1.661662655478228 2.192411774975142;8.247060496256562;19.32665445818639;3.212095750608270;20.49996523139584
7;2;-30.13427440820803 8.463993963484953;-30.13427440820803 8.463993963484953;-30.13427440820803 8.463993963484953;21.62266303317064;-1.661662655478228 2.192411774975142;8.247060496256562;19.32665445818639;3.212095750608270;31.30037839904002
7;3;15.51520804204913 1.530696448155403;15.51520804204913 1.530696448155403;15.51520804204913 1.530696448155403;20.14075206974853;-1.661662655478228 2.192411774975142;8.247060496256562;19.32665445818639;3.212095750608270;15.59053277487532
7;4;-1.815012060851916 2.487332980941444;-1.815012060851916 2.487332980941444;-1.661662655478228 2.192411774975142;8.247060496256562;-1.661662655478228 2.192411774975142;8.247060496256562;19.32665445818639;3.212095750608270;3.079138538474190
7;5;25.41707098256534 -15.61259803013450;25.41707098256534 -15.61259803013450;25.41707098256534 -15.61259803013450;21.98062557936192;-1.661662655478228 2.192411774975142;8.247060496256562;19.32665445818639;3.212095750608270;29.82919232200773
7;6;11.65503792602562 -8.686958165824361;11.65503792602562 -8.686958165824361;11.65503792602562 -8.686958165824361;19.53572108881212;-1.661662655478228 2.192411774975142;8.247060496256562;19.32665445818639;3.212095750608270;14.53627019671409
7;7;21.16695567108183 -1.129700489265080;21.16695567108183 -1.129700489265080;21.16695567108183 -1.129700489265080;19.91235627929372;-1.661662655478228 2.192411774975142;8.247060496256562;19.32665445818639;3.212095750608270;21.19708082677870
7;8;30.53565443919148 -31.47094434200928;30.53565443919148 -31.47094434200928;30.53565443919148 -31.47094434200928;22.30213586276853;-1.661662655478228 2.192411774975142;8.247060496256562;19.32665445818639;3.212095750608270;43.85027399923015
7;9;-5.894916220115789 -4.908945242037799;-5.894916220115789 -4.908945242037799;-5.894916220115789 -4.908945242037799;13.69956412512603;-1.661662655478228 2.192411774975142;8.247060496256562;19.32665445818639;3.212095750608270;7.671230711659621
7;10;23.72614041563092 24.67696140080395;23.72614041563092 24.67696140080395;23.72614041563092 24.67696140080395;21.81667225009339;-1.661662655478228 2.192411774975142;8.247060496256562;19.32665445818639;3.212095750608270;34.23276446620989
7;11;22.80539325336843 9.124189434371658;22.80539325336843 9.124189434371658;22.80539325336843 9.124189434371658;20.40630493096825;-1.661662655478228 2.192411774975142;8.247060496256562;19.32665445818639;3.212095750608270;24.56291501990514
7;12;-9.921153280840795 14.06082322429180;-9.921153280840795 14.06082322429180;-9.921153280840795 14.06082322429180;18.49497479378925;-1.661662655478228 2.192411774975142;8.247060496256562;19.32665445818639;3.212095750608270;17.20860343452430
7;13;-29.15245547307014 4.259519629832163;-29.15245547307014 4.259519629832163;-29.15245547307014 4.259519629832163;21.11418330688964;-1.661662655478228 2.192411774975142;8.247060496256562;19.32665445818639;3.212095750608270;29.46199530897836
7;14;13.44135721876131 15.32372306816612;12.98912377190575 16.03679260851320;12.98912377190575 16.03679260851320;18.95880385204291;-1.661662655478228 2.192411774975142;8.247060496256562;19.32665445818639;3.212095750608270;20.63724917546790
7;15;-10.49563511271265 -7.829479223092467;-10.49563511271265 -7.829479223092467;-10.08093748333948 -7.739066503863256;17.90802391312286;-1.661662655478228 2.192411774975142;8.247060496256562;19.32665445818639;3.212095750608270;13.09423924189730
7;16;-13.65597221922556 14.56195562798659;-13.65597221922556 14.56195562798659;-13.65597221922556 14.56195562798659;21.05343877628098;-1.661662655478228 2.192411774975142;8.247060496256562;19.32665445818639;3.212095750608270;19.96336967958342
7;17;-22.03671749399900 19.70126441616354;-22.03671749399900 19.70126441616354;-22.03671749399900 19.70126441616354;21.01303470681580;-1.661662655478228 2.192411774975142;8.247060496256562;19.32665445818639;3.212095750608270;29.55937647356441
7;18;-5.030776273546366 -8.010330546247765;-5.030776273546366 -8.010330546247765;-5.030776273546366 -8.010330546247765;14.77915653623989;-1.661662655478228 2.192411774975142;8.247060496256562;19.32665445818639;3.212095750608270;9.459075291730533
7;19;24.53975878940203 -29.22141365897084;24.53975878940203 -29.22141365897084;24.53975878940203 -29.22141365897084;21.95405449236174;-1.661662655478228 2.192411774975142;8.247060496256562;19.32665445818639;3.212095750608270;38.15875754883434
8;0;-16.25683680919964 -9.670529069429030;-16.25683680919964 -9.670529069429030;-16.25683680919964 -9.670529069429030;20.56989681496528;-1.661662655478228 2.192411774975142;8.247060496256562;19.33278188698200;3.216583549587922;18.91570446807679
8;1;3.935069260688096 20.11874261483620;3.935069260688096 20.11874261483620;3.935069260688096 20.11874261483620;19.33237762158580;-1.661662655478228 2.192411774975142;8.247060496256562;19.33278188698200;3.216583549587922;20.49996523139584
8;2;-30.13427440820803 8.463993963484953;-29.79326084963515 8.435522456638706;-30.13427440820803 8.463993963484953;21.62266303317064;-1.661662655478228 2.192411774975142;8.247060496256562;19.33278188698200;3.216583549587922;30.96443816979179
8;3;15.51520804204913 1.530696448155403;15.51520804204913 1.530696448155403;15.51520804204913 1.530696448155403;20.14075206974853;-1.661662655478228 2.192411774975142;8.247060496256562;19.33278188698200;3.216583549587922;15.59053277487532
8;4;-1.815012060851916 2.487332980941444;-1.815012060851916 2.487332980941444;-1.661662655478228 2.192411774975142;8.247060496256562;-1.661662655478228 2.192411774975142;8.247060496256562;19.33278188698200;3.216583549587922;3.079138538474190
8;5;25.41707098256534 -15.61259803013450;25.41707098256534 -15.61259803013450;25.41707098256534 -15.61259803013450;21.98062557936192;-1.661662655478228 2.192411774975142;8.247060496256562;19.33278188698200;3.216583549587922;29.82919232200773
8;6;11.65503792602562 -8.686958165824361;11.65503792602562 -8.686958165824361;11.65503792602562 -8.686958165824361;19.53572108881212;-1.661662655478228 2.192411774975142;8.247060496256562;19.33278188698200;3.216583549587922;14.53627019671409
8;7;21.16695567108183 -1.129700489265080;21.16695567108183 -1.129700489265080;21.16695567108183 -1.129700489265080;19.91235627929372;-1.661662655478228 2.192411774975142;8.247060496256562;19.33278188698200;3.216583549587922;21.19708082677870
8;8;30.53565443919148 -31.47094434200928;30.53565443919148 -31.47094434200928;30.53565443919148 -31.47094434200928;22.30213586276853;-1.661662655478228 2.192411774975142;8.247060496256562;19.33278188698200;3.216583549587922;43.85027399923015
8;9;-5.894916220115789 -4.908945242037799;-5.894916220115789 -4.908945242037799;-5.894916220115789 -4.908945242037799;13.69956412512603;-1.661662655478228 2.192411774975142;8.247060496256562;19.33278188698200;3.216583549587922;7.671230711659621
8;10;23.72614041563092 24.67696140080395;23.72614041563092 24.67696140080395;23.72614041563092 24.67696140080395;21.81667225009339;-1.661662655478228 2.192411774975142;8.247060496256562;19.33278188698200;3.216583549587922;34.23276446620989
8;11;22.80539325336843 9.124189434371658;22.80539325336843 9.124189434371658;22.80539325336843 9.124189434371658;20.40630493096825;-1.661662655478228 2.192411774975142;8.247060496256562;19.33278188698200;3.216583549587922;24.56291501990514
8;12;-9.921153280840795 14.06082322429180;-9.921153280840795 14.06082322429180;-9.921153280840795 14.06082322429180;18.49497479378925;-1.661662655478228 2.192411774975142;8.247060496256562;19.33278188698200;3.216583549587922;17.20860343452430
8;13;-29.15245547307014 4.259519629832163;-29.15245547307014 4.259519629832163;-29.15245547307014 4.259519629832163;21.11418330688964;-1.661662655478228 2.192411774975142;8.247060496256562;19.33278188698200;3.216583549587922;29.46199530897836
8;14;12.98912377190575 16.03679260851320;12.98912377190575 16.03679260851320;12.98912377190575 16.03679260851320;18.95880385204291;-1.661662655478228 2.192411774975142;8.247060496256562;19.33278188698200;3.216583549587922;20.63724917546790
8;15;-10.49563511271265 -7.829479223092467;-10.49563511271265 -7.829479223092467;-10.08093748333948 -7.739066503863256;17.90802391312286;-1.661662655478228 2.192411774975142;8.247060496256562;19.33278188698200;3.216583549587922;13.09423924189730
8;16;-13.65597221922556 14.56195562798659;-13.65597221922556 14.56195562798659;-13.65597221922556 14.56195562798659;21.05343877628098;-1.661662655478228 2.192411774975142;8.247060496256562;19.33278188698200;3.216583549587922;19.96336967958342
8;17;-22.03671749399900 19.70126441616354;-22.03671749399900 19.70126441616354;-22.03671749399900 19.70126441616354;21.01303470681580;-1.661662655478228 2.192411774975142;8.247060496256562;19.33278188698200;3.216583549587922;29.55937647356441
8;18;-5.030776273546366 -8.010330546247765;-5.030776273546366 -8.010330546247765;-5.030776273546366 -8.010330546247765;14.77915653623989;-1.661662655478228 2.192411774975142;8.247060496256562;19.33278188698200;3.216583549587922;9.459075291730533
8;19;24.53975878940203 -29.22141365897084;24.53975878940203 -29.22141365897084;24.53975878940203 -29.22141365897084;21.95405449236174;-1.661662655478228 2.192411774975142;8.247060496256562;19.33278188698200;3.216583549587922;38.15875754883434
9;0;-16.25683680919964 -9.670529069429030;-16.25683680919964 -9.670529069429030;-16.25683680919964 -9.670529069429030;20.56989681496528;-1.661662655478228 2.192411774975142;8.247060496256562;19.33372028388936;3.217088090319114;18.91570446807679
9;1;3.935069260688096 20.11874261483620;3.935069260688096 20.11874261483620;3.935069260688096 20.11874261483620;19.33237762158580;-1.661662655478228 2.192411774975142;8.247060496256562;19.33372028388936;3.217088090319114;20.49996523139584
9;2;-29.79326084963515 8.435522456638706;-29.79326084963515 8.435522456638706;-30.13427440820803 8.463993963484953;21.62266303317064;-1.661662655478228 2.192411774975142;8.247060496256562;19.33372028388936;3.217088090319114;30.96443816979179
9;3;15.51520804204913 1.530696448155403;15.51520804204913 1.530696448155403;15.51520804204913 1.530696448155403;20.14075206974853;-1.661662655478228 2.192411774975142;8.247060496256562;19.33372028388936;3.217088090319114;15.59053277487532
9;4;-1.815012060851916 2.487332980941444;-1.815012060851916 2.487332980941444;-1.661662655478228 2.192411774975142;8.247060496256562;-1.661662655478228 2.192411774975142;8.247060496256562;19.33372028388936;3.217088090319114;3.079138538474190
9;5;25.41707098256534 -15.61259803013450;25.41707098256534 -15.61259803013450;25.41707098256534 -15.61259803013450;21.98062557936192;-1.661662655478228 2.192411774975142;8.247060496256562;19.33372028388936;3.217088090319114;29.82919232200773
9;6;11.65503792602562 -8.686958165824361;11.65503792602562 -8.686958165824361;11.65503792602562 -8.686958165824361;19.53572108881212;-1.661662655478228 2.192411774975142;8.247060496256562;19.33372028388936;3.217088090319114;14.53627019671409
9;7;21.16695567108183 -1.129700489265080;21.16695567108183 -1.129700489265080;21.16695567108183 -1.129700489265080;19.91235627929372;-1.661662655478228 2.192411774975142;8.247060496256562;19.33372028388936;3.217088090319114;21.19708082677870
9;8;30.53565443919148 -31.47094434200928;30.53565443919148 -31.47094434200928;30.53565443919148 -31.47094434200928;22.30213586276853;-1.661662655478228 2.192411774975142;8.247060496256562;19.33372028388936;3.217088090319114;43.85027399923015
9;9;-5.894916220115789 -4.908945242037799;-5.894916220115789 -4.908945242037799;-5.894916220115789 -4.908945242037799;13.69956412512603;-1.661662655478228 2.192411774975142;8.247060496256562;19.33372028388936;3.217088090319114;7.671230711659621
9;10;23.72614041563092 24.67696140080395;23.72614041563092 24.67696140080395;23.72614041563092 24.67696140080395;21.81667225009339;-1.661662655478228 2.192411774975142;8.247060496256562;19.33372028388936;3.217088090319114;34.23276446620989
9;11;22.80539325336843 9.124189434371658;22.80539325336843 9.124189434371658;22.80539325336843 9.124189434371658;20.40630493096825;-1.661662655478228 2.192411774975142;8.247060496256562;19.33372028388936;3.217088090319114;24.56291501990514
9;12;-9.921153280840795 14.06082322429180;-9.921153280840795 14.06082322429180;-9.921153280840795 14.06082322429180;18.49497479378925;-1.661662655478228 2.192411774975142;8.247060496256562;19.33372028388936;3.217088090319114;17.20860343452430
9;13;-29.15245547307014 4.259519629832163;-29.15245547307014 4.259519629832163;-29.15245547307014 4.259519629832163;21.11418330688964;-1.661662655478228 2.192411774975142;8.247060496256562;19.33372028388936;3.217088090319114;29.46199530897836
9;14;12.98912377190575 16.03679260851320;12.98912377190575 16.03679260851320;12.98912377190575 16.03679260851320;18.95880385204291;-1.661662655478228 2.192411774975142;8.247060496256562;19.33372028388936;3.217088090319114;20.63724917546790
9;15;-10.49563511271265 -7.829479223092467;-10.49563511271265 -7.829479223092467;-10.08093748333948 -7.739066503863256;17.90802391312286;-1.661662655478228 2.192411774975142;8.247060496256562;19.33372028388936;3.217088090319114;13.09423924189730
9;16;-13.65597221922556 14.56195562798659;-13.62956744344182 14.57865910353780;-13.65597221922556 14.56195562798659;21.05343877628098;-1.661662655478228 2.192411774975142;8.247060496256562;19.33372028388936;3.217088090319114;19.95751512469663
9;17;-22.03671749399900 19.70126441616354;-22.03671749399900 19.70126441616354;-22.03671749399900 19.70126441616354;21.01303470681580;-1.661662655478228 2.192411774975142;8.247060496256562;19.33372028388936;3.217088090319114;29.55937647356441
9;18;-5.030776273546366 -8.010330546247765;-5.030776273546366 -8.010330546247765;-5.030776273546366 -8.010330546247765;14.77915653623989;-1.661662655478228 2.192411774975142;8.247060496256562;19.33372028388936;3.217088090319114;9.459075291730533
9;19;24.53975878940203 -29.22141365897084;24.53975878940203 -29.22141365897084;24.53975878940203 -29.22141365897084;21.95405449236174;-1.661662655478228 2.192411774975142;8.247060496256562;19.33372028388936;3.217088090319114;38.15875754883434
10;0;-16.25683680919964 -9.670529069429030;-16.25683680919964 -9.670529069429030;-16.25683680919964 -9.670529069429030;20.56989681496528;-1.661662655478228 2.192411774975142;8.247060496256562;19.32418695272406;3.217360437473689;18.91570446807679
10;1;3.935069260688096 20.11874261483620;4.058386101385703 20.96663532214607;4.058386101385703 20.96663532214607;19.14171099827978;-1.661662655478228 2.192411774975142;8.247060496256562;19.32418695272406;3.217360437473689;21.35580236094593
10;2;-29.79326084963515 8.435522456638706;-29.79326084963515 8.435522456638706;-30.13427440820803 8.463993963484953;21.62266303317064;-1.661662655478228 2.192411774975142;8.247060496256562;19.32418695272406;3.217360437473689;30.96443816979179
10;3;15.51520804204913 1.530696448155403;15.51520804204913 1.530696448155403;15.51520804204913 1.530696448155403;20.14075206974853;-1.661662655478228 2.192411774975142;8.247060496256562;19.32418695272406;3.217360437473689;15.59053277487532
10;4;-1.815012060851916 2.487332980941444;-1.815012060851916 2.487332980941444;-1.661662655478228 2.192411774975142;8.247060496256562;-1.661662655478228 2.192411774975142;8.247060496256562;19.32418695272406;3.217360437473689;3.079138538474190
10;5;25.41707098256534 -15.61259803013450;25.41707098256534 -15.61259803013450;25.41707098256534 -15.61259803013450;21.98062557936192;-1.661662655478228 2.192411774975142;8.247060496256562;19.32418695272406;3.217360437473689;29.82919232200773
10;6;11.65503792602562 -8.686958165824361;11.65503792602562 -8.686958165824361;11.65503792602562 -8.686958165824361;19.53572108881212;-1.661662655478228 2.192411774975142;8.247060496256562;19.32418695272406;3.217360437473689;14.53627019671409
10;7;21.16695567108183 -1.129700489265080;21.16695567108183 -1.129700489265080;21.16695567108183 -1.129700489265080;19.91235627929372;-1.661662655478228 2.192411774975142;8.247060496256562;19.32418695272406;3.217360437473689;21.19708082677870
10;8;30.53565443919148 -31.47094434200928;30.53565443919148 -31.47094434200928;30.53565443919148 -31.47094434200928;22.30213586276853;-1.661662655478228 2.192411774975142;8.247060496256562;19.32418695272406;3.217360437473689;43.85027399923015
10;9;-5.894916220115789 -4.908945242037799;-5.894916220115789 -4.908945242037799;-5.894916220115789 -4.908945242037799;13.69956412512603;-1.661662655478228 2.192411774975142;8.247060496256562;19.32418695272406;3.217360437473689;7.671230711659621
10;10;23.72614041563092 24.67696140080395;23.72614041563092 24.67696140080395;23.72614041563092 24.67696140080395;21.81667225009339;-1.661662655478228 2.192411774975142;8.247060496256562;19.32418695272406;3.217360437473689;34.23276446620989
10;11;22.80539325336843 9.124189434371658;22.80539325336843 9.124189434371658;22.80539325336843 9.124189434371658;20.40630493096825;-1.661662655478228 2.192411774975142;8.247060496256562;19.32418695272406;3.217360437473689;24.56291501990514
10;12;-9.921153280840795 14.06082322429180;-9.921153280840795 14.06082322429180;-9.921153280840795 14.06082322429180;18.49497479378925;-1.661662655478228 2.192411774975142;8.247060496256562;19.32418695272406;3.217360437473689;17.20860343452430
10;13;-29.15245547307014 4.259519629832163;-29.15245547307014 4.259519629832163;-29.15245547307014 4.259519629832163;21.11418330688964;-1.661662655478228 2.192411774975142;8.247060496256562;19.32418695272406;3.217360437473689;29.46199530897836
10;14;12.98912377190575 16.03679260851320;12.98912377190575 16.03679260851320;12.98912377190575 16.03679260851320;18.95880385204291;-1.661662655478228 2.192411774975142;8.247060496256562;19.32418695272406;3.217360437473689;20.63724917546790
10;15;-10.49563511271265 -7.829479223092467;-10.49563511271265 -7.829479223092467;-10.08093748333948 -7.739066503863256;17.90802391312286;-1.661662655478228 2.192411774975142;8.247060496256562;19.32418695272406;3.217360437473689;13.09423924189730
10;16;-13.62956744344182 14.57865910353780;-13.62956744344182 14.57865910353780;-13.65597221922556 14.56195562798659;21.05343877628098;-1.661662655478228 2.192411774975142;8.247060496256562;19.32418695272406;3.217360437473689;19.95751512469663
10;17;-22.03671749399900 19.70126441616354;-22.03671749399900 19.70126441616354;-22.03671749399900 19.70126441616354;21.01303470681580;-1.661662655478228 2.192411774975142;8.247060496256562;19.32418695272406;3.217360437473689;29.55937647356441
10;18;-5.030776273546366 -8.010330546247765;-5.030776273546366 -8.010330546247765;-5.030776273546366 -8.010330546247765;14.77915653623989;-1.661662655478228 2.192411774975142;8.247060496256562;19.32418695272406;3.217360437473689;9.459075291730533
10;19;24.53975878940203 -29.22141365897084;24.53975878940203 -29.22141365897084;24.53975878940203 -29.22141365897084;21.95405449236174;-1.661662655478228 2.192411774975142;8.247060496256562;19.32418695272406;3.217360437473689;38.15875754883434
11;0;-16.25683680919964 -9.670529069429030;-16.25683680919964 -9.670529069429030;-16.25683680919964 -9.670529069429030;20.56989681496528;-1.661662655478228 2.192411774975142;8.247060496256562;19.30884858270087;3.220512312536035;18.91570446807679
11;1;4.058386101385703 20.96663532214607;4.058386101385703 20.96663532214607;4.058386101385703 20.96663532214607;19.14171099827978;-1.661662655478228 2.192411774975142;8.247060496256562;19.30884858270087;3.220512312536035;21.35580236094593
11;2;-29.79326084963515 8.435522456638706;-29.79326084963515 8.435522456638706;-30.13427440820803 8.463993963484953;21.62266303317064;-1.661662655478228 2.192411774975142;8.247060496256562;19.30884858270087;3.220512312536035;30.96443816979179
11;3;15.51520804204913 1.530696448155403;15.51520804204913 1.530696448155403;15.51520804204913 1.530696448155403;20.14075206974853;-1.661662655478228 2.192411774975142;8.247060496256562;19.30884858270087;3.220512312536035;15.59053277487532
11;4;-1.815012060851916 2.487332980941444;-1.815012060851916 2.487332980941444;-1.661662655478228 2.192411774975142;8.247060496256562;-1.661662655478228 2.192411774975142;8.247060496256562;19.30884858270087;3.220512312536035;3.079138538474190
11;5;25.41707098256534 -15.61259803013450;25.41707098256534 -15.61259803013450;25.41707098256534 -15.61259803013450;21.98062557936192;-1.661662655478228 2.192411774975142;8.247060496256562;19.30884858270087;3.220512312536035;29.82919232200773
11;6;11.65503792602562 -8.686958165824361;11.65503792602562 -8.686958165824361;11.65503792602562 -8.686958165824361;19.53572108881212;-1.661662655478228 2.192411774975142;8.247060496256562;19.30884858270087;3.220512312536035;14.53627019671409
11;7;21.16695567108183 -1.129700489265080;21.16695567108183 -1.129700489265080;21.16695567108183 -1.129700489265080;19.91235627929372;-1.661662655478228 2.192411774975142;8.247060496256562;19.30884858270087;3.220512312536035;21.19708082677870
11;8;30.53565443919148 -31.47094434200928;30.53565443919148 -31.47094434200928;30.53565443919148 -31.47094434200928;22.30213586276853;-1.661662655478228 2.192411774975142;8.247060496256562;19.30884858270087;3.220512312536035;43.85027399923015
11;9;-5.894916220115789 -4.908945242037799;-5.894916220115789 -4.908945242037799;-5.894916220115789 -4.908945242037799;13.69956412512603;-1.661662655478228 2.192411774975142;8.247060496256562;19.30884858270087;3.220512312536035;7.671230711659621
11;10;23.72614041563092 24.67696140080395;23.72614041563092 24.67696140080395;23.72614041563092 24.67696140080395;21.81667225009339;-1.661662655478228 2.192411774975142;8.247060496256562;19.30884858270087;3.220512312536035;34.23276446620989
11;11;22.80539325336843 9.124189434371658;22.80539325336843 9.124189434371658;22.80539325336843 9.124189434371658;20.40630493096825;-1.661662655478228 2.192411774975142;8.247060496256562;19.30884858270087;3.220512312536035;24.56291501990514
11;12;-9.921153280840795 14.06082322429180;-9.921153280840795 14.06082322429180;-9.921153280840795 14.06082322429180;18.49497479378925;-1.661662655478228 2.192411774975142;8.247060496256562;19.30884858270087;3.220512312536035;17.20860343452430
11;13;-29.15245547307014 4.259519629832163;-29.15245547307014 4.259519629832163;-29.15245547307014 4.259519629832163;21.11418330688964;-1.661662655478228 2.192411774975142;8.247060496256562;19.30884858270087;3.220512312536035;29.46199530897836
11;14;12.98912377190575 16.03679260851320;12.98912377190575 16.03679260851320;12.98912377190575 16.03679260851320;18.95880385204291;-1.661662655478228 2.192411774975142;8.247060496256562;19.30884858270087;3.220512312536035;20.63724917546790
11;15;-10.49563511271265 -7.829479223092467;-10.73095909436770 -7.817546746394942;-10.08093748333948 -7.739066503863256;17.90802391312286;-1.661662655478228 2.192411774975142;8.247060496256562;19.30884858270087;3.220512312536035;13.27657788050306
11;16;-13.62956744344182 14.57865910353780;-13.62956744344182 14.57865910353780;-13.65597221922556 14.56195562798659;21.05343877628098;-1.661662655478228 2.192411774975142;8.247060496256562;19.30884858270087;3.220512312536035;19.95751512469663
11;17;-22.03671749399900 19.70126441616354;-22.03671749399900 19.70126441616354;-22.03671749399900 19.70126441616354;21.01303470681580;-1.661662655478228 2.192411774975142;8.247060496256562;19.30884858270087;3.220512312536035;29.55937647356441
11;18;-5.030776273546366 -8.010330546247765;-5.030776273546366 -8.010330546247765;-5.030776273546366 -8.010330546247765;14.77915653623989;-1.661662655478228 2.192411774975142;8.247060496256562;19.30884858270087;3.220512312536035;9.459075291730533
11;19;24.53975878940203 -29.22141365897084;24.53975878940203 -29.22141365897084;24.53975878940203 -29.22141365897084;21.95405449236174;-1.661662655478228 2.192411774975142;8.247060496256562;19.30884858270087;3.220512312536035;38.15875754883434
12;0;-16.25683680919964 -9.670529069429030;-16.25683680919964 -9.670529069429030;-16.25683680919964 -9.670529069429030;20.56989681496528;-1.661662655478228 2.192411774975142;8.247060496256562;19.30358088439490;3.216606710290523;18.91570446807679
12;1;4.058386101385703 20.96663532214607;4.058386101385703 20.96663532214607;4.058386101385703 20.96663532214607;19.14171099827978;-1.661662655478228 2.192411774975142;8.247060496256562;19.30358088439490;3.216606710290523;21.35580236094593
12;2;-29.79326084963515 8.435522456638706;-29.65044753535348 8.219550650831097;-30.13427440820803 8.463993963484953;21.62266303317064;-1.661662655478228 2.192411774975142;8.247060496256562;19.30358088439490;3.216606710290523;30.76865372336474
12;3;15.51520804204913 1.530696448155403;15.51520804204913 1.530696448155403;15.51520804204913 1.530696448155403;20.14075206974853;-1.661662655478228 2.192411774975142;8.247060496256562;19.30358088439490;3.216606710290523;15.59053277487532
12;4;-1.815012060851916 2.487332980941444;-1.815012060851916 2.487332980941444;-1.661662655478228 2.192411774975142;8.247060496256562;-1.661662655478228 2.192411774975142;8.247060496256562;19.30358088439490;3.216606710290523;3.079138538474190
12;5;25.41707098256534 -15.61259803013450;25.41707098256534 -15.61259803013450;25.41707098256534 -15.61259803013450;21.98062557936192;-1.661662655478228 2.192411774975142;8.247060496256562;19.30358088439490;3.216606710290523;29.82919232200773
12;6;11.65503792602562 -8.686958165824361;11.65503792602562 -8.686958165824361;11.65503792602562 -8.686958165824361;19.53572108881212;-1.661662655478228 2.192411774975142;8.247060496256562;19.30358088439490;3.216606710290523;14.53627019671409
12;7;21.16695567108183 -1.129700489265080;21.16695567108183 -1.129700489265080;21.16695567108183 -1.129700489265080;19.91235627929372;-1.661662655478228 2.192411774975142;8.247060496256562;19.30358088439490;3.216606710290523;21.19708082677870
12;8;30.53565443919148 -31.47094434200928;30.53565443919148 -31.47094434200928;30.53565443919148 -31.47094434200928;22.30213586276853;-1.661662655478228 2.192411774975142;8.247060496256562;19.30358088439490;3.216606710290523;43.85027399923015
12;9;-5.894916220115789 -4.908945242037799;-5.894916220115789 -4.908945242037799;-5.894916220115789 -4.908945242037799;13.69956412512603;-1.661662655478228 2.192411774975142;8.247060496256562;19.30358088439490;3.216606710290523;7.671230711659621
12;10;23.72614041563092 24.67696140080395;23.72614041563092 24.67696140080395;23.72614041563092 24.67696140080395;21.81667225009339;-1.661662655478228 2.192411774975142;8.247060496256562;19.30358088439490;3.216606710290523;34.23276446620989
12;11;22.80539325336843 9.124189434371658;22.80539325336843 9.124189434371658;22.80539325336843 9.124189434371658;20.40630493096825;-1.661662655478228 2.192411774975142;8.247060496256562;19.30358088439490;3.216606710290523;24.56291501990514
12;12;-9.921153280840795 14.06082322429180;-9.921153280840795 14.06082322429180;-9.921153280840795 14.06082322429180;18.49497479378925;-1.661662655478228 2.192411774975142;8.247060496256562;19.30358088439490;3.216606710290523;17.20860343452430
12;13;-29.15245547307014 4.259519629832163;-29.15245547307014 4.259519629832163;-29.15245547307014 4.259519629832163;21.11418330688964;-1.661662655478228 2.192411774975142;8.247060496256562;19.30358088439490;3.216606710290523;29.46199530897836
12;14;12.98912377190575 16.03679260851320;12.98912377190575 16.03679260851320;12.98912377190575 16.03679260851320;18.95880385204291;-1.661662655478228 2.192411774975142;8.247060496256562;19.30358088439490;3.216606710290523;20.63724917546790
12;15;-10.73095909436770 -7.817546746394942;-10.73095909436770 -7.817546746394942;-10.08093748333948 -7.739066503863256;17.90802391312286;-1.661662655478228 2.192411774975142;8.247060496256562;19.30358088439490;3.216606710290523;13.27657788050306
12;16;-13.62956744344182 14.57865910353780;-13.62956744344182 14.57865910353780;-13.65597221922556 14.56195562798659;21.05343877628098;-1.661662655478228 2.192411774975142;8.247060496256562;19.30358088439490;3.216606710290523;19.95751512469663
12;17;-22.03671749399900 19.70126441616354;-22.03671749399900 19.70126441616354;-22.03671749399900 19.70126441616354;21.01303470681580;-1.661662655478228 2.192411774975142;8.247060496256562;19.30358088439490;3.216606710290523;29.55937647356441
12;18;-5.030776273546366 -8.010330546247765;-5.030776273546366 -8.010330546247765;-5.030776273546366 -8.010330546247765;14.77915653623989;-1.661662655478228 2.192411774975142;8.247060496256562;19.30358088439490;3.216606710290523;9.459075291730533
12;19;24.53975878940203 -29.22141365897084;24.53975878940203 -29.22141365897084;24.53975878940203 -29.22141365897084;21.95405449236174;-1.661662655478228 2.192411774975142;8.247060496256562;19.30358088439490;3.216606710290523;38.15875754883434
13;0;-16.25683680919964 -9.670529069429030;-16.25683680919964 -9.670529069429030;-16.25683680919964 -9.670529069429030;20.56989681496528;-1.661662655478228 2.192411774975142;8.247060496256562;19.35507329222748;3.221842094443216;18.91570446807679
13;1;4.058386101385703 20.96663532214607;3.815025211754132 21.16086662814876;4.058386101385703 20.96663532214607;19.14171099827978;-1.661662655478228 2.192411774975142;8.247060496256562;19.35507329222748;3.221842094443216;21.50201604084183
13;2;-29.65044753535348 8.219550650831097;-29.65044753535348 8.219550650831097;-30.13427440820803 8.463993963484953;21.62266303317064;-1.661662655478228 2.192411774975142;8.247060496256562;19.35507329222748;3.221842094443216;30.76865372336474
13;3;15.51520804204913 1.530696448155403;15.51520804204913 1.530696448155403;15.51520804204913 1.530696448155403;20.14075206974853;-1.661662655478228 2.192411774975142;8.247060496256562;19.35507329222748;3.221842094443216;15.59053277487532
13;4;-1.815012060851916 2.487332980941444;-1.815012060851916 2.487332980941444;-1.661662655478228 2.192411774975142;8.247060496256562;-1.661662655478228 2.192411774975142;8.247060496256562;19.35507329222748;3.221842094443216;3.079138538474190
13;5;25.41707098256534 -15.61259803013450;25.41707098256534 -15.61259803013450;25.41707098256534 -15.61259803013450;21.98062557936192;-1.661662655478228 2.192411774975142;8.247060496256562;19.35507329222748;3.221842094443216;29.82919232200773
13;6;11.65503792602562 -8.686958165824361;11.65503792602562 -8.686958165824361;11.65503792602562 -8.686958165824361;19.53572108881212;-1.661662655478228 2.192411774975142;8.247060496256562;19.35507329222748;3.221842094443216;14.53627019671409
13;7;21.16695567108183 -1.129700489265080;21.16695567108183 -1.129700489265080;21.16695567108183 -1.129700489265080;19.91235627929372;-1.661662655478228 2.192411774975142;8.247060496256562;19.35507329222748;3.221842094443216;21.19708082677870
13;8;30.53565443919148 -31.47094434200928;30.53565443919148 -31.47094434200928;30.53565443919148 -31.47094434200928;22.30213586276853;-1.661662655478228 2.192411774975142;8.247060496256562;19.35507329222748;3.221842094443216;43.85027399923015
13;9;-5.894916220115789 -4.908945242037799;-5.894916220115789 -4.908945242037799;-5.894916220115789 -4.908945242037799;13.69956412512603;-1.661662655478228 2.192411774975142;8.247060496256562;19.35507329222748;3.221842094443216;7.671230711659621
13;10;23.72614041563092 24.67696140080395;23.72614041563092 24.67696140080395;23.72614041563092 24.67696140080395;21.81667225009339;-1.661662655478228 2.192411774975142;8.247060496256562;19.35507329222748;3.221842094443216;34.23276446620989
13;11;22.80539325336843 9.124189434371658;22.80539325336843 9.124189434371658;22.80539325336843 9.124189434371658;20.40630493096825;-1.661662655478228 2.192411774975142;8.247060496256562;19.35507329222748;3.221842094443216;24.56291501990514
13;12;-9.921153280840795 14.06082322429180;-9.921153280840795 14.06082322429180;-9.921153280840795 14.06082322429180;18.49497479378925;-1.661662655478228 2.192411774975142;8.247060496256562;19.35507329222748;3.221842094443216;17.20860343452430
13;13;-29.15245547307014 4.259519629832163;-29.15245547307014 4.259519629832163;-29.15245547307014 4.259519629832163;21.11418330688964;-1.661662655478228 2.192411774975142;8.247060496256562;19.35507329222748;3.221842094443216;29.46199530897836
13;14;12.98912377190575 16.03679260851320;12.98912377190575 16.03679260851320;12.98912377190575 16.03679260851320;18.95880385204291;-1.661662655478228 2.192411774975142;8.247060496256562;19.35507329222748;3.221842094443216;20.63724917546790
13;15;-10.73095909436770 -7.817546746394942;-10.73095909436770 -7.817546746394942;-10.08093748333948 -7.739066503863256;17.90802391312286;-1.661662655478228 2.192411774975142;8.247060496256562;19.35507329222748;3.221842094443216;13.27657788050306
13;16;-13.62956744344182 14.57865910353780;-13.62956744344182 14.57865910353780;-13.65597221922556 14.56195562798659;21.05343877628098;-1.661662655478228 2.192411774975142;8.247060496256562;19.35507329222748;3.221842094443216;19.95751512469663
13;17;-22.03671749399900 19.70126441616354;-22.03671749399900 19.70126441616354;-22.03671749399900 19.70126441616354;21.01303470681580;-1.661662655478228 2.192411774975142;8.247060496256562;19.35507329222748;3.221842094443216;29.55937647356441
13;18;-5.030776273546366 -8.010330546247765;-5.030776273546366 -8.010330546247765;-5.030776273546366 -8.010330546247765;14.77915653623989;-1.661662655478228 2.192411774975142;8.247060496256562;19.35507329222748;3.221842094443216;9.459075291730533
13;19;24.53975878940203 -29.22141365897084;24.53975878940203 -29.22141365897084;24.53975878940203 -29.22141365897084;21.95405449236174;-1.661662655478228 2.192411774975142;8.247060496256562;19.35507329222748;3.221842094443216;38.15875754883434
14;0;-16.25683680919964 -9.670529069429030;-16.25683680919964 -9.670529069429030;-16.25683680919964 -9.670529069429030;20.56989681496528;-1.661662655478228 2.192411774975142;8.247060496256562;19.32954128225117;3.210135282714555;18.91570446807679
14;1;3.815025211754132 21.16086662814876;3.815025211754132 21.16086662814876;4.058386101385703 20.96663532214607;19.14171099827978;-1.661662655478228 2.192411774975142;8.247060496256562;19.32954128225117;3.210135282714555;21.50201604084183
14;2;-29.65044753535348 8.219550650831097;-29.65044753535348 8.219550650831097;-30.13427440820803 8.463993963484953;21.62266303317064;-1.661662655478228 2.192411774975142;8.247060496256562;19.32954128225117;3.210135282714555;30.76865372336474
14;3;15.51520804204913 1.530696448155403;15.51520804204913 1.530696448155403;15.51520804204913 1.530696448155403;20.14075206974853;-1.661662655478228 2.192411774975142;8.247060496256562;19.32954128225117;3.210135282714555;15.59053277487532
14;4;-1.815012060851916 2.487332980941444;-1.815012060851916 2.487332980941444;-1.661662655478228 2.192411774975142;8.247060496256562;-1.661662655478228 2.192411774975142;8.247060496256562;19.32954128225117;3.210135282714555;3.079138538474190
14;5;25.41707098256534 -15.61259803013450;25.41707098256534 -15.61259803013450;25.41707098256534 -15.61259803013450;21.98062557936192;-1.661662655478228 2.192411774975142;8.247060496256562;19.32954128225117;3.210135282714555;29.82919232200773
14;6;11.65503792602562 -8.686958165824361;11.65503792602562 -8.686958165824361;11.65503792602562 -8.686958165824361;19.53572108881212;-1.661662655478228 2.192411774975142;8.247060496256562;19.32954128225117;3.210135282714555;14.53627019671409
14;7;21.16695567108183 -1.129700489265080;21.16695567108183 -1.129700489265080;21.16695567108183 -1.129700489265080;19.91235627929372;-1.661662655478228 2.192411774975142;8.247060496256562;19.32954128225117;3.210135282714555;21.19708082677870
14;8;30.53565443919148 -31.47094434200928;30.53565443919148 -31.47094434200928;30.53565443919148 -31.47094434200928;22.30213586276853;-1.661662655478228 2.192411774975142;8.247060496256562;19.32954128225117;3.210135282714555;43.85027399923015
14;9;-5.894916220115789 -4.908945242037799;-5.894916220115789 -4.908945242037799;-5.894916220115789 -4.908945242037799;13.69956412512603;-1.661662655478228 2.192411774975142;8.247060496256562;19.32954128225117;3.210135282714555;7.671230711659621
14;10;23.72614041563092 24.67696140080395;23.72614041563092 24.67696140080395;23.72614041563092 24.67696140080395;21.81667225009339;-1.661662655478228 2.192411774975142;8.247060496256562;19.32954128225117;3.210135282714555;34.23276446620989
14;11;22.80539325336843 9.124189434371658;22.80539325336843 9.124189434371658;22.80539325336843 9.124189434371658;20.40630493096825;-1.661662655478228 2.192411774975142;8.247060496256562;19.32954128225117;3.210135282714555;24.56291501990514
14;12;-9.921153280840795 14.06082322429180;-9.921153280840795 14.06082322429180;-9.921153280840795 14.06082322429180;18.49497479378925;-1.661662655478228 2.192411774975142;8.247060496256562;19.32954128225117;3.210135282714555;17.20860343452430
14;13;-29.15245547307014 4.259519629832163;-29.15245547307014 4.259519629832163;-29.15245547307014 4.259519629832163;21.11418330688964;-1.661662655478228 2.192411774975142;8.247060496256562;19.32954128225117;3.210135282714555;29.46199530897836
14;14;12.98912377190575 16.03679260851320;12.98912377190575 16.03679260851320;12.98912377190575 16.03679260851320;18.95880385204291;-1.661662655478228 2.192411774975142;8.247060496256562;19.32954128225117;3.210135282714555;20.63724917546790
14;15;-10.73095909436770 -7.817546746394942;-10.73095909436770 -7.817546746394942;-10.08093748333948 -7.739066503863256;17.90802391312286;-1.661662655478228 2.192411774975142;8.247060496256562;19.32954128225117;3.210135282714555;13.27657788050306
14;16;-13.62956744344182 14.57865910353780;-14.01351399458314 14.48576293514566;-14.01351399458314 14.48576293514566;20.56156651490194;-1.661662655478228 2.192411774975142;8.247060496256562;19.32954128225117;3.210135282714555;20.15479849290529
14;17;-22.03671749399900 19.70126441616354;-22.03671749399900 19.70126441616354;-22.03671749399900 19.70126441616354;21.01303470681580;-1.661662655478228 2.192411774975142;8.247060496256562;19.32954128225117;3.210135282714555;29.55937647356441
14;18;-5.030776273546366 -8.010330546247765;-5.030776273546366 -8.010330546247765;-5.030776273546366 -8.010330546247765;14.77915653623989;-1.661662655478228 2.192411774975142;8.247060496256562;19.32954128225117;3.210135282714555;9.459075291730533
14;19;24.53975878940203 -29.22141365897084;24.53975878940203 -29.22141365897084;24.53975878940203 -29.22141365897084;21.95405449236174;-1.661662655478228 2.192411774975142;8.247060496256562;19.32954128225117;3.210135282714555;38.15875754883434
15;0;-16.25683680919964 -9.670529069429030;-16.25683680919964 -9.670529069429030;-16.25683680919964 -9.670529069429030;20.56989681496528;-1.661662655478228 2.192411774975142;8.247060496256562;19.31473311893610;3.199292922276397;18.91570446807679
15;1;3.815025211754132 21.16086662814876;3.815025211754132 21.16086662814876;4.058386101385703 20.96663532214607;19.14171099827978;-1.661662655478228 2.192411774975142;8.247060496256562;19.31473311893610;3.199292922276397;21.50201604084183
15;2;-29.65044753535348 8.219550650831097;-29.65044753535348 8.219550650831097;-30.13427440820803 8.463993963484953;21.62266303317064;-1.661662655478228 2.192411774975142;8.247060496256562;19.31473311893610;3.199292922276397;30.76865372336474
15;3;15.51520804204913 1.530696448155403;15.51520804204913 1.530696448155403;15.51520804204913 1.530696448155403;20.14075206974853;-1.661662655478228 2.192411774975142;8.247060496256562;19.31473311893610;3.199292922276397;15.59053277487532
15;4;-1.815012060851916 2.487332980941444;-1.815012060851916 2.487332980941444;-1.661662655478228 2.192411774975142;8.247060496256562;-1.661662655478228 2.192411774975142;8.247060496256562;19.31473311893610;3.199292922276397;3.079138538474190
15;5;25.41707098256534 -15.61259803013450;25.41707098256534 -15.61259803013450;25.41707098256534 -15.61259803013450;21.98062557936192;-1.661662655478228 2.192411774975142;8.247060496256562;19.31473311893610;3.199292922276397;29.82919232200773
15;6;11.65503792602562 -8.686958165824361;11.65503792602562 -8.686958165824361;11.65503792602562 -8.686958165824361;19.53572108881212;-1.661662655478228 2.192411774975142;8.247060496256562;19.31473311893610;3.199292922276397;14.53627019671409
15;7;21.16695567108183 -1.129700489265080;21.16695567108183 -1.129700489265080;21.16695567108183 -1.129700489265080;19.91235627929372;-1.661662655478228 2.192411774975142;8.247060496256562;19.31473311893610;3.199292922276397;21.19708082677870
15;8;30.53565443919148 -31.47094434200928;30.53565443919148 -31.47094434200928;30.53565443919148 -31.47094434200928;22.30213586276853;-1.661662655478228 2.192411774975142;8.247060496256562;19.31473311893610;3.199292922276397;43.85027399923015
15;9;-5.894916220115789 -4.908945242037799;-5.894916220115789 -4.908945242037799;-5.894916220115789 -4.908945242037799;13.69956412512603;-1.661662655478228 2.192411774975142;8.247060496256562;19.31473311893610;3.199292922276397;7.671230711659621
15;10;23.72614041563092 24.67696140080395;24.13367152900785 24.34989906084006;24.13367152900785 24.34989906084006;21.52050898379198;-1.661662655478228 2.192411774975142;8.247060496256562;19.31473311893610;3.199292922276397;34.28340248200496
15;11;22.80539325336843 9.124189434371658;22.80539325336843 9.124189434371658;22.80539325336843 9.124189434371658;20.40630493096825;-1.661662655478228 2.192411774975142;8.247060496256562;19.31473311893610;3.199292922276397;24.56291501990514
15;12;-9.921153280840795 14.06082322429180;-9.921153280840795 14.06082322429180;-9.921153280840795 14.06082322429180;18.49497479378925;-1.661662655478228 2.192411774975142;8.247060496256562;19.31473311893610;3.199292922276397;17.20860343452430
15;13;-29.15245547307014 4.259519629832163;-29.15245547307014 4.259519629832163;-29.15245547307014 4.259519629832163;21.11418330688964;-1.661662655478228 2.192411774975142;8.247060496256562;19.31473311893610;3.199292922276397;29.46199530897836
15;14;12.98912377190575 16.03679260851320;12.98912377190575 16.03679260851320;12.98912377190575 16.03679260851320;18.95880385204291;-1.661662655478228 2.192411774975142;8.247060496256562;19.31473311893610;3.199292922276397;20.63724917546790
15;15;-10.73095909436770 -7.817546746394942;-10.73095909436770 -7.817546746394942;-10.08093748333948 -7.739066503863256;17.90802391312286;-1.661662655478228 2.192411774975142;8.247060496256562;19.31473311893610;3.199292922276397;13.27657788050306
15;16;-14.01351399458314 14.48576293514566;-14.01351399458314 14.48576293514566;-14.01351399458314 14.48576293514566;20.56156651490194;-1.661662655478228 2.192411774975142;8.247060496256562;19.31473311893610;3.199292922276397;20.15479849290529
15;17;-22.03671749399900 19.70126441616354;-22.03671749399900 19.70126441616354;-22.03671749399900 19.70126441616354;21.01303470681580;-1.661662655478228 2.192411774975142;8.247060496256562;19.31473311893610;3.199292922276397;29.55937647356441
15;18;-5.030776273546366 -8.010330546247765;-5.030776273546366 -8.010330546247765;-5.030776273546366 -8.010330546247765;14.77915653623989;-1.661662655478228 2.192411774975142;8.247060496256562;19.31473311893610;3.199292922276397;9.459075291730533
15;19;24.53975878940203 -29.22141365897084;24.53975878940203 -29.22141365897084;24.53975878940203 -29.22141365897084;21.95405449236174;-1.661662655478228 2.192411774975142;8.247060496256562;19.31473311893610;3.199292922276397;38.15875754883434
16;0;-16.25683680919964 -9.670529069429030;-16.25683680919964 -9.670529069429030;-16.25683680919964 -9.670529069429030;20.56989681496528;-1.661662655478228 2.192411774975142;8.247060496256562;19.29029932129768;3.235420040452720;18.91570446807679
16;1;3.815025211754132 21.16086662814876;3.815025211754132 21.16086662814876;4.058386101385703 20.96663532214607;19.14171099827978;-1.661662655478228 2.192411774975142;8.247060496256562;19.29029932129768;3.235420040452720;21.50201604084183
16;2;-29.65044753535348 8.219550650831097;-29.53904670121764 8.488089202411631;-30.13427440820803 8.463993963484953;21.62266303317064;-1.661662655478228 2.192411774975142;8.247060496256562;19.29029932129768;3.235420040452720;30.73439341071845
16;3;15.51520804204913 1.530696448155403;15.51520804204913 1.530696448155403;15.51520804204913 1.530696448155403;20.14075206974853;-1.661662655478228 2.192411774975142;8.247060496256562;19.29029932129768;3.235420040452720;15.59053277487532
16;4;-1.815012060851916 2.487332980941444;-1.815012060851916 2.487332980941444;-1.661662655478228 2.192411774975142;8.247060496256562;-1.661662655478228 2.192411774975142;8.247060496256562;19.29029932129768;3.235420040452720;3.079138538474190
16;5;25.41707098256534 -15.61259803013450;25.41707098256534 -15.61259803013450;25.41707098256534 -15.61259803013450;21.98062557936192;-1.661662655478228 2.192411774975142;8.247060496256562;19.29029932129768;3.235420040452720;29.82919232200773
16;6;11.65503792602562 -8.686958165824361;11.65503792602562 -8.686958165824361;11.65503792602562 -8.686958165824361;19.53572108881212;-1.661662655478228 2.192411774975142;8.247060496256562;19.29029932129768;3.235420040452720;14.53627019671409
16;7;21.16695567108183 -1.129700489265080;21.16695567108183 -1.129700489265080;21.16695567108183 -1.129700489265080;19.91235627929372;-1.661662655478228 2.192411774975142;8.247060496256562;19.29029932129768;3.235420040452720;21.19708082677870
16;8;30.53565443919148 -31.47094434200928;30.53565443919148 -31.47094434200928;30.53565443919148 -31.47094434200928;22.30213586276853;-1.661662655478228 2.192411774975142;8.247060496256562;19.29029932129768;3.235420040452720;43.85027399923015
16;9;-5.894916220115789 -4.908945242037799;-5.894916220115789 -4.908945242037799;-5.894916220115789 -4.908945242037799;13.69956412512603;-1.661662655478228 2.192411774975142;8.247060496256562;19.29029932129768;3.235420040452720;7.671230711659621
16;10;24.13367152900785 24.34989906084006;24.13367152900785 24.34989906084006;24.13367152900785 24.34989906084006;21.52050898379198;-1.661662655478228 2.192411774975142;8.247060496256562;19.29029932129768;3.235420040452720;34.28340248200496
16;11;22.80539325336843 9.124189434371658;22.80539325336843 9.124189434371658;22.80539325336843 9.124189434371658;20.40630493096825;-1.661662655478228 2.192411774975142;8.247060496256562;19.29029932129768;3.235420040452720;24.56291501990514
16;12;-9.921153280840795 14.06082322429180;-9.921153280840795 14.06082322429180;-9.921153280840795 14.06082322429180;18.49497479378925;-1.661662655478228 2.192411774975142;8.247060496256562;19.29029932129768;3.235420040452720;17.20860343452430
16;13;-29.15245547307014 4.259519629832163;-29.15245547307014 4.259519629832163;-29.15245547307014 4.259519629832163;21.11418330688964;-1.661662655478228 2.192411774975142;8.247060496256562;19.29029932129768;3.235420040452720;29.46199530897836
16;14;12.98912377190575 16.03679260851320;12.98912377190575 16.03679260851320;12.98912377190575 16.03679260851320;18.95880385204291;-1.661662655478228 2.192411774975142;8.247060496256562;19.29029932129768;3.235420040452720;20.63724917546790
16;15;-10.73095909436770 -7.817546746394942;-10.18141520381865 -7.925532297628481;-10.18141520381865 -7.925532297628481;17.56756936787333;-1.661662655478228 2.192411774975142;8.247060496256562;19.29029932129768;3.235420040452720;12.90252989740004
16;16;-14.01351399458314 14.48576293514566;-14.01351399458314 14.48576293514566;-14.01351399458314 14.48576293514566;20.56156651490194;-1.661662655478228 2.192411774975142;8.247060496256562;19.29029932129768;3.235420040452720;20.15479849290529
16;17;-22.03671749399900 19.70126441616354;-22.03671749399900 19.70126441616354;-22.03671749399900 19.70126441616354;21.01303470681580;-1.661662655478228 2.192411774975142;8.247060496256562;19.29029932129768;3.235420040452720;29.55937647356441
16;18;-5.030776273546366 -8.010330546247765;-5.030776273546366 -8.010330546247765;-5.030776273546366 -8.010330546247765;14.77915653623989;-1.661662655478228 2.192411774975142;8.247060496256562;19.29029932129768;3.235420040452720;9.459075291730533
16;19;24.53975878940203 -29.22141365897084;24.53975878940203 -29.22141365897084;24.53975878940203 -29.22141365897084;21.95405449236174;-1.661662655478228 2.192411774975142;8.247060496256562;19.29029932129768;3.235420040452720;38.15875754883434
17;0;-16.25683680919964 -9.670529069429030;-16.25683680919964 -9.670529069429030;-16.25683680919964 -9.670529069429030;20.56989681496528;-1.661662655478228 2.192411774975142;8.247060496256562;19.29429939815378;3.233336472656896;18.91570446807679
17;1;3.815025211754132 21.16086662814876;3.815025211754132 21.16086662814876;4.058386101385703 20.96663532214607;19.14171099827978;-1.661662655478228 2.192411774975142;8.247060496256562;19.29429939815378;3.233336472656896;21.50201604084183
17;2;-29.53904670121764 8.488089202411631;-29.53904670121764 8.488089202411631;-30.13427440820803 8.463993963484953;21.62266303317064;-1.661662655478228 2.192411774975142;8.247060496256562;19.29429939815378;3.233336472656896;30.73439341071845
17;3;15.51520804204913 1.530696448155403;15.51520804204913 1.530696448155403;15.51520804204913 1.530696448155403;20.14075206974853;-1.661662655478228 2.192411774975142;8.247060496256562;19.29429939815378;3.233336472656896;15.59053277487532
17;4;-1.815012060851916 2.487332980941444;-1.815012060851916 2.487332980941444;-1.661662655478228 2.192411774975142;8.247060496256562;-1.661662655478228 2.192411774975142;8.247060496256562;19.29429939815378;3.233336472656896;3.079138538474190
17;5;25.41707098256534 -15.61259803013450;25.41707098256534 -15.61259803013450;25.41707098256534 -15.61259803013450;21.98062557936192;-1.661662655478228 2.192411774975142;8.247060496256562;19.29429939815378;3.233336472656896;29.82919232200773
17;6;11.65503792602562 -8.686958165824361;11.65503792602562 -8.686958165824361;11.65503792602562 -8.686958165824361;19.53572108881212;-1.661662655478228 2.192411774975142;8.247060496256562;19.29429939815378;3.233336472656896;14.53627019671409
17;7;21.16695567108183 -1.129700489265080;21.16695567108183 -1.129700489265080;21.16695567108183 -1.129700489265080;19.91235627929372;-1.661662655478228 2.192411774975142;8.247060496256562;19.29429939815378;3.233336472656896;21.19708082677870
17;8;30.53565443919148 -31.47094434200928;30.53565443919148 -31.47094434200928;30.53565443919148 -31.47094434200928;22.30213586276853;-1.661662655478228 2.192411774975142;8.247060496256562;19.29429939815378;3.233336472656896;43.85027399923015
17;9;-5.894916220115789 -4.908945242037799;-5.894916220115789 -4.908945242037799;-5.894916220115789 -4.908945242037799;13.69956412512603;-1.661662655478228 2.192411774975142;8.247060496256562;19.29429939815378;3.233336472656896;7.671230711659621
17;10;24.13367152900785 24.34989906084006;24.13367152900785 24.34989906084006;24.13367152900785 24.34989906084006;21.52050898379198;-1.661662655478228 2.192411774975142;8.247060496256562;19.29429939815378;3.233336472656896;34.28340248200496
17;11;22.80539325336843 9.124189434371658;22.80539325336843 9.124189434371658;22.80539325336843 9.124189434371658;20.40630493096825;-1.661662655478228 2.192411774975142;8.247060496256562;19.29429939815378;3.233336472656896;24.56291501990514
17;12;-9.921153280840795 14.06082322429180;-9.921153280840795 14.06082322429180;-9.921153280840795 14.06082322429180;18.49497479378925;-1.661662655478228 2.192411774975142;8.247060496256562;19.29429939815378;3.233336472656896;17.20860343452430
17;13;-29.15245547307014 4.259519629832163;-29.15245547307014 4.259519629832163;-29.15245547307014 4.259519629832163;21.11418330688964;-1.661662655478228 2.192411774975142;8.247060496256562;19.29429939815378;3.233336472656896;29.46199530897836
17;14;12.98912377190575 16.03679260851320;12.98912377190575 16.03679260851320;12.98912377190575 16.03679260851320;18.95880385204291;-1.661662655478228 2.192411774975142;8.247060496256562;19.29429939815378;3.233336472656896;20.63724917546790
17;15;-10.18141520381865 -7.925532297628481;-10.14648161242030 -6.785441085290036;-10.18141520381865 -7.925532297628481;17.56756936787333;-1.661662655478228 2.192411774975142;8.247060496256562;19.29429939815378;3.233336472656896;12.20628116311947
17;16;-14.01351399458314 14.48576293514566;-14.01351399458314 14.48576293514566;-14.01351399458314 14.48576293514566;20.56156651490194;-1.661662655478228 2.192411774975142;8.247060496256562;19.29429939815378;3.233336472656896;20.15479849290529
17;17;-22.03671749399900 19.70126441616354;-22.03671749399900 19.70126441616354;-22.03671749399900 19.70126441616354;21.01303470681580;-1.661662655478228 2.192411774975142;8.247060496256562;19.29429939815378;3.233336472656896;29.55937647356441
17;18;-5.030776273546366 -8.010330546247765;-5.030776273546366 -8.010330546247765;-5.030776273546366 -8.010330546247765;14.77915653623989;-1.661662655478228 2.192411774975142;8.247060496256562;19.29429939815378;3.233336472656896;9.459075291730533
17;19;24.53975878940203 -29.22141365897084;24.53975878940203 -29.22141365897084;24.53975878940203 -29.22141365897084;21.95405449236174;-1.661662655478228 2.192411774975142;8.247060496256562;19.29429939815378;3.233336472656896;38.15875754883434
18;0;-16.25683680919964 -9.670529069429030;-16.25683680919964 -9.670529069429030;-16.25683680919964 -9.670529069429030;20.56989681496528;-1.661662655478228 2.192411774975142;8.247060496256562;19.23421920790979;3.274281482042583;18.91570446807679
18;1;3.815025211754132 21.16086662814876;3.815025211754132 21.16086662814876;4.058386101385703 20.96663532214607;19.14171099827978;-1.661662655478228 2.192411774975142;8.247060496256562;19.23421920790979;3.274281482042583;21.50201604084183
18;2;-29.53904670121764 8.488089202411631;-29.53904670121764 8.488089202411631;-30.13427440820803 8.463993963484953;21.62266303317064;-1.661662655478228 2.192411774975142;8.247060496256562;19.23421920790979;3.274281482042583;30.73439341071845
18;3;15.51520804204913 1.530696448155403;15.51520804204913 1.530696448155403;15.51520804204913 1.530696448155403;20.14075206974853;-1.661662655478228 2.192411774975142;8.247060496256562;19.23421920790979;3.274281482042583;15.59053277487532
18;4;-1.815012060851916 2.487332980941444;-1.815012060851916 2.487332980941444;-1.661662655478228 2.192411774975142;8.247060496256562;-1.661662655478228 2.192411774975142;8.247060496256562;19.23421920790979;3.274281482042583;3.079138538474190
18;5;25.41707098256534 -15.61259803013450;25.41707098256534 -15.61259803013450;25.41707098256534 -15.61259803013450;21.98062557936192;-1.661662655478228 2.192411774975142;8.247060496256562;19.23421920790979;3.274281482042583;29.82919232200773
18;6;11.65503792602562 -8.686958165824361;11.65503792602562 -8.686958165824361;11.65503792602562 -8.686958165824361;19.53572108881212;-1.661662655478228 2.192411774975142;8.247060496256562;19.23421920790979;3.274281482042583;14.53627019671409
18;7;21.16695567108183 -1.129700489265080;21.16695567108183 -1.129700489265080;21.16695567108183 -1.129700489265080;19.91235627929372;-1.661662655478228 2.192411774975142;8.247060496256562;19.23421920790979;3.274281482042583;21.19708082677870
18;8;30.53565443919148 -31.47094434200928;30.53565443919148 -31.47094434200928;30.53565443919148 -31.47094434200928;22.30213586276853;-1.661662655478228 2.192411774975142;8.247060496256562;19.23421920790979;3.274281482042583;43.85027399923015
18;9;-5.894916220115789 -4.908945242037799;-5.894916220115789 -4.908945242037799;-5.894916220115789 -4.908945242037799;13.69956412512603;-1.661662655478228 2.192411774975142;8.247060496256562;19.23421920790979;3.274281482042583;7.671230711659621
18;10;24.13367152900785 24.34989906084006;24.13367152900785 24.34989906084006;24.13367152900785 24.34989906084006;21.52050898379198;-1.661662655478228 2.192411774975142;8.247060496256562;19.23421920790979;3.274281482042583;34.28340248200496
18;11;22.80539325336843 9.124189434371658;22.80539325336843 9.124189434371658;22.80539325336843 9.124189434371658;20.40630493096825;-1.661662655478228 2.192411774975142;8.247060496256562;19.23421920790979;3.274281482042583;24.56291501990514
18;12;-9.921153280840795 14.06082322429180;-9.921153280840795 14.06082322429180;-9.921153280840795 14.06082322429180;18.49497479378925;-1.661662655478228 2.192411774975142;8.247060496256562;19.23421920790979;3.274281482042583;17.20860343452430
18;13;-29.15245547307014 4.259519629832163;-29.15245547307014 4.259519629832163;-29.15245547307014 4.259519629832163;21.11418330688964;-1.661662655478228 2.192411774975142;8.247060496256562;19.23421920790979;3.274281482042583;29.46199530897836
18;14;12.98912377190575 16.03679260851320;12.98912377190575 16.03679260851320;12.98912377190575 16.03679260851320;18.95880385204291;-1.661662655478228 2.192411774975142;8.247060496256562;19.23421920790979;3.274281482042583;20.63724917546790
18;15;-10.14648161242030 -6.785441085290036;-9.983727979839646 -6.980445674068357;-9.983727979839646 -6.980445674068357;16.44596710011549;-1.661662655478228 2.192411774975142;8.247060496256562;19.23421920790979;3.274281482042583;12.18201322376776
18;16;-14.01351399458314 14.48576293514566;-14.01351399458314 14.48576293514566;-14.01351399458314 14.48576293514566;20.56156651490194;-1.661662655478228 2.192411774975142;8.247060496256562;19.23421920790979;3.274281482042583;20.15479849290529
18;17;-22.03671749399900 19.70126441616354;-22.03671749399900 19.70126441616354;-22.03671749399900 19.70126441616354;21.01303470681580;-1.661662655478228 2.192411774975142;8.247060496256562;19.23421920790979;3.274281482042583;29.55937647356441
18;18;-5.030776273546366 -8.010330546247765;-5.030776273546366 -8.010330546247765;-5.030776273546366 -8.010330546247765;14.77915653623989;-1.661662655478228 2.192411774975142;8.247060496256562;19.23421920790979;3.274281482042583;9.459075291730533
18;19;24.53975878940203 -29.22141365897084;24.53975878940203 -29.22141365897084;24.53975878940203 -29.22141365897084;21.95405449236174;-1.661662655478228 2.192411774975142;8.247060496256562;19.23421920790979;3.274281482042583;38.15875754883434
19;0;-16.25683680919964 -9.670529069429030;-16.25683680919964 -9.670529069429030;-16.25683680919964 -9.670529069429030;20.56989681496528;-1.661662655478228 2.192411774975142;8.247060496256562;19.20913269914162;3.265463889971481;18.91570446807679
19;1;3.815025211754132 21.16086662814876;3.815025211754132 21.16086662814876;4.058386101385703 20.96663532214607;19.14171099827978;-1.661662655478228 2.192411774975142;8.247060496256562;19.20913269914162;3.265463889971481;21.50201604084183
19;2;-29.53904670121764 8.488089202411631;-29.53904670121764 8.488089202411631;-30.13427440820803 8.463993963484953;21.62266303317064;-1.661662655478228 2.192411774975142;8.247060496256562;19.20913269914162;3.265463889971481;30.73439341071845
19;3;15.51520804204913 1.530696448155403;15.51520804204913 1.530696448155403;15.51520804204913 1.530696448155403;20.14075206974853;-1.661662655478228 2.192411774975142;8.247060496256562;19.20913269914162;3.265463889971481;15.59053277487532
19;4;-1.815012060851916 2.487332980941444;-1.815012060851916 2.487332980941444;-1.661662655478228 2.192411774975142;8.247060496256562;-1.661662655478228 2.192411774975142;8.247060496256562;19.20913269914162;3.265463889971481;3.079138538474190
19;5;25.41707098256534 -15.61259803013450;25.41707098256534 -15.61259803013450;25.41707098256534 -15.61259803013450;21.98062557936192;-1.661662655478228 2.192411774975142;8.247060496256562;19.20913269914162;3.265463889971481;29.82919232200773
19;6;11.65503792602562 -8.686958165824361;11.65503792602562 -8.686958165824361;11.65503792602562 -8.686958165824361;19.53572108881212;-1.661662655478228 2.192411774975142;8.247060496256562;19.20913269914162;3.265463889971481;14.53627019671409
19;7;21.16695567108183 -1.129700489265080;21.16695567108183 -1.129700489265080;21.16695567108183 -1.129700489265080;19.91235627929372;-1.661662655478228 2.192411774975142;8.247060496256562;19.20913269914162;3.265463889971481;21.19708082677870
19;8;30.53565443919148 -31.47094434200928;30.53565443919148 -31.47094434200928;30.53565443919148 -31.47094434200928;22.30213586276853;-1.661662655478228 2.192411774975142;8.247060496256562;19.20913269914162;3.265463889971481;43.85027399923015
19;9;-5.894916220115789 -4.908945242037799;-5.894916220115789 -4.908945242037799;-5.894916220115789 -4.908945242037799;13.69956412512603;-1.661662655478228 2.192411774975142;8.247060496256562;19.20913269914162;3.265463889971481;7.671230711659621
19;10;24.13367152900785 24.34989906084006;24.13367152900785 24.34989906084006;24.13367152900785 24.34989906084006;21.52050898379198;-1.661662655478228 2.192411774975142;8.247060496256562;19.20913269914162;3.265463889971481;34.28340248200496
19;11;22.80539325336843 9.124189434371658;22.80539325336843 9.124189434371658;22.80539325336843 9.124189434371658;20.40630493096825;-1.661662655478228 2.192411774975142;8.247060496256562;19.20913269914162;3.265463889971481;24.56291501990514
19;12;-9.921153280840795 14.06082322429180;-9.921153280840795 14.06082322429180;-9.921153280840795 14.06082322429180;18.49497479378925;-1.661662655478228 2.192411774975142;8.247060496256562;19.20913269914162;3.265463889971481;17.20860343452430
19;13;-29.15245547307014 4.259519629832163;-28.69651750410511 4.086034521396603;-28.69651750410511 4.086034521396603;21.08466507978184;-1.661662655478228 2.192411774975142;8.247060496256562;19.20913269914162;3.265463889971481;28.98595858296661
19;14;12.98912377190575 16.03679260851320;12.98912377190575 16.03679260851320;12.98912377190575 16.03679260851320;18.95880385204291;-1.661662655478228 2.192411774975142;8.247060496256562;19.20913269914162;3.265463889971481;20.63724917546790
19;15;-9.983727979839646 -6.980445674068357;-9.983727979839646 -6.980445674068357;-9.983727979839646 -6.980445674068357;16.44596710011549;-1.661662655478228 2.192411774975142;8.247060496256562;19.20913269914162;3.265463889971481;12.18201322376776
19;16;-14.01351399458314 14.48576293514566;-14.11790587939755 15.22421656249127;-14.11790587939755 15.22421656249127;20.08935456664642;-1.661662655478228 2.192411774975142;8.247060496256562;19.20913269914162;3.265463889971481;20.76275599146610
19;17;-22.03671749399900 19.70126441616354;-22.03671749399900 19.70126441616354;-22.03671749399900 19.70126441616354;21.01303470681580;-1.661662655478228 2.192411774975142;8.247060496256562;19.20913269914162;3.265463889971481;29.55937647356441
19;18;-5.030776273546366 -8.010330546247765;-5.030776273546366 -8.010330546247765;-5.030776273546366 -8.010330546247765;14.77915653623989;-1.661662655478228 2.192411774975142;8.247060496256562;19.20913269914162;3.265463889971481;9.459075291730533
19;19;24.53975878940203 -29.22141365897084;24.53975878940203 -29.22141365897084;24.53975878940203 -29.22141365897084;21.95405449236174;-1.661662655478228 2.192411774975142;8.247060496256562;19.20913269914162;3.265463889971481;38.15875754883434
20;0;-16.25683680919964 -9.670529069429030;-16.25683680919964 -9.670529069429030;-16.25683680919964 -9.670529069429030;20.56989681496528;-1.661662655478228 2.192411774975142;8.247060496256562;19.19148324740866;3.261332217708071;18.91570446807679
20;1;3.815025211754132 21.16086662814876;3.815025211754132 21.16086662814876;4.058386101385703 20.96663532214607;19.14171099827978;-1.661662655478228 2.192411774975142;8.247060496256562;19.19148324740866;3.261332217708071;21.50201604084183
20;2;-29.53904670121764 8.488089202411631;-29.53904670121764 8.488089202411631;-30.13427440820803 8.463993963484953;21.62266303317064;-1.661662655478228 2.192411774975142;8.247060496256562;19.19148324740866;3.261332217708071;30.73439341071845
20;3;15.51520804204913 1.530696448155403;15.61033424437028 1.786541992438582;15.61033424437028 1.786541992438582;19.78776303508934;-1.661662655478228 2.192411774975142;8.247060496256562;19.19148324740866;3.261332217708071;15.71223305299746
20;4;-1.815012060851916 2.487332980941444;-1.815012060851916 2.487332980941444;-1.661662655478228 2.192411774975142;8.247060496256562;-1.661662655478228 2.192411774975142;8.247060496256562;19.19148324740866;3.261332217708071;3.079138538474190
20;5;25.41707098256534 -15.61259803013450;25.41707098256534 -15.61259803013450;25.41707098256534 -15.61259803013450;21.98062557936192;-1.661662655478228 2.192411774975142;8.247060496256562;19.19148324740866;3.261332217708071;29.82919232200773
20;6;11.65503792602562 -8.686958165824361;11.65503792602562 -8.686958165824361;11.65503792602562 -8.686958165824361;19.53572108881212;-1.661662655478228 2.192411774975142;8.247060496256562;19.19148324740866;3.261332217708071;14.53627019671409
20;7;21.16695567108183 -1.129700489265080;21.16695567108183 -1.129700489265080;21.16695567108183 -1.129700489265080;19.91235627929372;-1.661662655478228 2.192411774975142;8.247060496256562;19.19148324740866;3.261332217708071;21.19708082677870
20;8;30.53565443919148 -31.47094434200928;30.53565443919148 -31.47094434200928;30.53565443919148 -31.47094434200928;22.30213586276853;-1.661662655478228 2.192411774975142;8.247060496256562;19.19148324740866;3.261332217708071;43.85027399923015
20;9;-5.894916220115789 -4.908945242037799;-5.894916220115789 -4.908945242037799;-5.894916220115789 -4.908945242037799;13.69956412512603;-1.661662655478228 2.192411774975142;8.247060496256562;19.19148324740866;3.261332217708071;7.671230711659621
20;10;24.13367152900785 24.34989906084006;24.13367152900785 24.34989906084006;24.13367152900785 24.34989906084006;21.52050898379198;-1.661662655478228 2.192411774975142;8.247060496256562;19.19148324740866;3.261332217708071;34.28340248200496
20;11;22.80539325336843 9.124189434371658;22.80539325336843 9.124189434371658;22.80539325336843 9.124189434371658;20.40630493096825;-1.661662655478228 2.192411774975142;8.247060496256562;19.19148324740866;3.261332217708071;24.56291501990514
20;12;-9.921153280840795 14.06082322429180;-9.921153280840795 14.06082322429180;-9.921153280840795 14.06082322429180;18.49497479378925;-1.661662655478228 2.192411774975142;8.247060496256562;19.19148324740866;3.261332217708071;17.20860343452430
20;13;-28.69651750410511 4.086034521396603;-28.69651750410511 4.086034521396603;-28.69651750410511 4.086034521396603;21.08466507978184;-1.661662655478228 2.192411774975142;8.247060496256562;19.19148324740866;3.261332217708071;28.98595858296661
20;14;12.98912377190575 16.03679260851320;12.98912377190575 16.03679260851320;12.98912377190575 16.03679260851320;18.95880385204291;-1.661662655478228 2.192411774975142;8.247060496256562;19.19148324740866;3.261332217708071;20.63724917546790
20;15;-9.983727979839646 -6.980445674068357;-9.983727979839646 -6.980445674068357;-9.983727979839646 -6.980445674068357;16.44596710011549;-1.661662655478228 2.192411774975142;8.247060496256562;19.19148324740866;3.261332217708071;12.18201322376776
20;16;-14.11790587939755 15.22421656249127;-14.11790587939755 15.22421656249127;-14.11790587939755 15.22421656249127;20.08935456664642;-1.661662655478228 2.192411774975142;8.247060496256562;19.19148324740866;3.261332217708071;20.76275599146610
20;17;-22.03671749399900 19.70126441616354;-22.03671749399900 19.70126441616354;-22.03671749399900 19.70126441616354;21.01303470681580;-1.661662655478228 2.192411774975142;8.247060496256562;19.19148324740866;3.261332217708071;29.55937647356441
20;18;-5.030776273546366 -8.010330546247765;-5.030776273546366 -8.010330546247765;-5.030776273546366 -8.010330546247765;14.77915653623989;-1.661662655478228 2.192411774975142;8.247060496256562;19.19148324740866;3.261332217708071;9.459075291730533
20;19;24.53975878940203 -29.22141365897084;24.53975878940203 -29.22141365897084;24.53975878940203 -29.22141365897084;21.95405449236174;-1.661662655478228 2.192411774975142;8.247060496256562;19.19148324740866;3.261332217708071;38.15875754883434
21;0;-16.25683680919964 -9.670529069429030;-16.25683680919964 -9.670529069429030;-16.25683680919964 -9.670529069429030;20.56989681496528;-1.661662655478228 2.192411774975142;8.247060496256562;19.25086533025753;3.284646118225279;18.91570446807679
21;1;3.815025211754132 21.16086662814876;3.815025211754132 21.16086662814876;4.058386101385703 20.96663532214607;19.14171099827978;-1.661662655478228 2.192411774975142;8.247060496256562;19.25086533025753;3.284646118225279;21.50201604084183
21;2;-29.53904670121764 8.488089202411631;-29.53904670121764 8.488089202411631;-30.13427440820803 8.463993963484953;21.62266303317064;-1.661662655478228 2.192411774975142;8.247060496256562;19.25086533025753;3.284646118225279;30.73439341071845
21;3;15.61033424437028 1.786541992438582;15.61033424437028 1.786541992438582;15.61033424437028 1.786541992438582;19.78776303508934;-1.661662655478228 2.192411774975142;8.247060496256562;19.25086533025753;3.284646118225279;15.71223305299746
21;4;-1.815012060851916 2.487332980941444;-1.815012060851916 2.487332980941444;-1.661662655478228 2.192411774975142;8.247060496256562;-1.661662655478228 2.192411774975142;8.247060496256562;19.25086533025753;3.284646118225279;3.079138538474190
21;5;25.41707098256534 -15.61259803013450;25.41707098256534 -15.61259803013450;25.41707098256534 -15.61259803013450;21.98062557936192;-1.661662655478228 2.192411774975142;8.247060496256562;19.25086533025753;3.284646118225279;29.82919232200773
21;6;11.65503792602562 -8.686958165824361;11.65503792602562 -8.686958165824361;11.65503792602562 -8.686958165824361;19.53572108881212;-1.661662655478228 2.192411774975142;8.247060496256562;19.25086533025753;3.284646118225279;14.53627019671409
21;7;21.16695567108183 -1.129700489265080;21.47021234068534 -1.224424877989972;21.16695567108183 -1.129700489265080;19.91235627929372;-1.661662655478228 2.192411774975142;8.247060496256562;19.25086533025753;3.284646118225279;21.50509786622600
21;8;30.53565443919148 -31.47094434200928;30.53565443919148 -31.47094434200928;30.53565443919148 -31.47094434200928;22.30213586276853;-1.661662655478228 2.192411774975142;8.247060496256562;19.25086533025753;3.284646118225279;43.85027399923015
21;9;-5.894916220115789 -4.908945242037799;-5.894916220115789 -4.908945242037799;-5.894916220115789 -4.908945242037799;13.69956412512603;-1.661662655478228 2.192411774975142;8.247060496256562;19.25086533025753;3.284646118225279;7.671230711659621
21;10;24.13367152900785 24.34989906084006;24.13367152900785 24.34989906084006;24.13367152900785 24.34989906084006;21.52050898379198;-1.661662655478228 2.192411774975142;8.247060496256562;19.25086533025753;3.284646118225279;34.28340248200496
21;11;22.80539325336843 9.124189434371658;22.80539325336843 9.124189434371658;22.80539325336843 9.124189434371658;20.40630493096825;-1.661662655478228 2.192411774975142;8.247060496256562;19.25086533025753;3.284646118225279;24.56291501990514
21;12;-9.921153280840795 14.06082322429180;-9.921153280840795 14.06082322429180;-9.921153280840795 14.06082322429180;18.49497479378925;-1.661662655478228 2.192411774975142;8.247060496256562;19.25086533025753;3.284646118225279;17.20860343452430
21;13;-28.69651750410511 4.086034521396603;-28.69651750410511 4.086034521396603;-28.69651750410511 4.086034521396603;21.08466507978184;-1.661662655478228 2.192411774975142;8.247060496256562;19.25086533025753;3.284646118225279;28.98595858296661
21;14;12.98912377190575 16.03679260851320;12.98912377190575 16.03679260851320;12.98912377190575 16.03679260851320;18.95880385204291;-1.661662655478228 2.192411774975142;8.247060496256562;19.25086533025753;3.284646118225279;20.63724917546790
21;15;-9.983727979839646 -6.980445674068357;-9.983727979839646 -6.980445674068357;-9.983727979839646 -6.980445674068357;16.44596710011549;-1.661662655478228 2.192411774975142;8.247060496256562;19.25086533025753;3.284646118225279;12.18201322376776
21;16;-14.11790587939755 15.22421656249127;-14.11790587939755 15.22421656249127;-14.11790587939755 15.22421656249127;20.08935456664642;-1.661662655478228 2.192411774975142;8.247060496256562;19.25086533025753;3.284646118225279;20.76275599146610
21;17;-22.03671749399900 19.70126441616354;-22.03671749399900 19.70126441616354;-22.03671749399900 19.70126441616354;21.01303470681580;-1.661662655478228 2.192411774975142;8.247060496256562;19.25086533025753;3.284646118225279;29.55937647356441
21;18;-5.030776273546366 -8.010330546247765;-5.030776273546366 -8.010330546247765;-5.030776273546366 -8.010330546247765;14.77915653623989;-1.661662655478228 2.192411774975142;8.247060496256562;19.25086533025753;3.284646118225279;9.459075291730533
21;19;24.53975878940203 -29.22141365897084;24.53975878940203 -29.22141365897084;24.53975878940203 -29.22141365897084;21.95405449236174;-1.661662655478228 2.192411774975142;8.247060496256562;19.25086533025753;3.284646118225279;38.15875754883434
22;0;-16.25683680919964 -9.670529069429030;-16.25683680919964 -9.670529069429030;-16.25683680919964 -9.670529069429030;20.56989681496528;-1.661662655478228 2.192411774975142;8.247060496256562;19.23159943362020;3.272384299344874;18.91570446807679
22;1;3.815025211754132 21.16086662814876;3.815025211754132 21.16086662814876;4.058386101385703 20.96663532214607;19.14171099827978;-1.661662655478228 2.192411774975142;8.247060496256562;19.23159943362020;3.272384299344874;21.50201604084183
22;2;-29.53904670121764 8.488089202411631;-29.53904670121764 8.488089202411631;-30.13427440820803 8.463993963484953;21.62266303317064;-1.661662655478228 2.192411774975142;8.247060496256562;19.23159943362020;3.272384299344874;30.73439341071845
22;3;15.61033424437028 1.786541992438582;15.61033424437028 1.786541992438582;15.61033424437028 1.786541992438582;19.78776303508934;-1.661662655478228 2.192411774975142;8.247060496256562;19.23159943362020;3.272384299344874;15.71223305299746
22;4;-1.815012060851916 2.487332980941444;-1.815012060851916 2.487332980941444;-1.661662655478228 2.192411774975142;8.247060496256562;-1.661662655478228 2.192411774975142;8.247060496256562;19.23159943362020;3.272384299344874;3.079138538474190
22;5;25.41707098256534 -15.61259803013450;25.41707098256534 -15.61259803013450;25.41707098256534 -15.61259803013450;21.98062557936192;-1.661662655478228 2.192411774975142;8.247060496256562;19.23159943362020;3.272384299344874;29.82919232200773
22;6;11.65503792602562 -8.686958165824361;11.65503792602562 -8.686958165824361;11.65503792602562 -8.686958165824361;19.53572108881212;-1.661662655478228 2.192411774975142;8.247060496256562;19.23159943362020;3.272384299344874;14.53627019671409
22;7;21.47021234068534 -1.224424877989972;21.47021234068534 -1.224424877989972;21.16695567108183 -1.129700489265080;19.91235627929372;-1.661662655478228 2.192411774975142;8.247060496256562;19.23159943362020;3.272384299344874;21.50509786622600
22;8;30.53565443919148 -31.47094434200928;30.53565443919148 -31.47094434200928;30.53565443919148 -31.47094434200928;22.30213586276853;-1.661662655478228 2.192411774975142;8.247060496256562;19.23159943362020;3.272384299344874;43.85027399923015
22;9;-5.894916220115789 -4.908945242037799;-5.894916220115789 -4.908945242037799;-5.894916220115789 -4.908945242037799;13.69956412512603;-1.661662655478228 2.192411774975142;8.247060496256562;19.23159943362020;3.272384299344874;7.671230711659621
22;10;24.13367152900785 24.34989906084006;24.11422770470350 24.25727067591554;24.11422770470350 24.25727067591554;21.13519105104544;-1.661662655478228 2.192411774975142;8.247060496256562;19.23159943362020;3.272384299344874;34.20396407492736
22;11;22.80539325336843 9.124189434371658;22.80539325336843 9.124189434371658;22.80539325336843 9.124189434371658;20.40630493096825;-1.661662655478228 2.192411774975142;8.247060496256562;19.23159943362020;3.272384299344874;24.56291501990514
22;12;-9.921153280840795 14.06082322429180;-9.921153280840795 14.06082322429180;-9.921153280840795 14.06082322429180;18.49497479378925;-1.661662655478228 2.192411774975142;8.247060496256562;19.23159943362020;3.272384299344874;17.20860343452430
22;13;-28.69651750410511 4.086034521396603;-28.69651750410511 4.086034521396603;-28.69651750410511 4.086034521396603;21.08466507978184;-1.661662655478228 2.192411774975142;8.247060496256562;19.23159943362020;3.272384299344874;28.98595858296661
22;14;12.98912377190575 16.03679260851320;12.98912377190575 16.03679260851320;12.98912377190575 16.03679260851320;18.95880385204291;-1.661662655478228 2.192411774975142;8.247060496256562;19.23159943362020;3.272384299344874;20.63724917546790
22;15;-9.983727979839646 -6.980445674068357;-9.983727979839646 -6.980445674068357;-9.983727979839646 -6.980445674068357;16.44596710011549;-1.661662655478228 2.192411774975142;8.247060496256562;19.23159943362020;3.272384299344874;12.18201322376776
22;16;-14.11790587939755 15.22421656249127;-14.11790587939755 15.22421656249127;-14.11790587939755 15.22421656249127;20.08935456664642;-1.661662655478228 2.192411774975142;8.247060496256562;19.23159943362020;3.272384299344874;20.76275599146610
22;17;-22.03671749399900 19.70126441616354;-22.03671749399900 19.70126441616354;-22.03671749399900 19.70126441616354;21.01303470681580;-1.661662655478228 2.192411774975142;8.247060496256562;19.23159943362020;3.272384299344874;29.55937647356441
22;18;-5.030776273546366 -8.010330546247765;-5.030776273546366 -8.010330546247765;-5.030776273546366 -8.010330546247765;14.77915653623989;-1.661662655478228 2.192411774975142;8.247060496256562;19.23159943362020;3.272384299344874;9.459075291730533
22;19;24.53975878940203 -29.22141365897084;24.53975878940203 -29.22141365897084;24.53975878940203 -29.22141365897084;21.95405449236174;-1.661662655478228 2.192411774975142;8.247060496256562;19.23159943362020;3.272384299344874;38.15875754883434
23;0;-16.25683680919964 -9.670529069429030;-16.25683680919964 -9.670529069429030;-16.25683680919964 -9.670529069429030;20.56989681496528;-1.661662655478228 2.192411774975142;8.247060496256562;19.21191357064632;3.262778563134249;18.91570446807679
23;1;3.815025211754132 21.16086662814876;3.815025211754132 21.16086662814876;4.058386101385703 20.96663532214607;19.14171099827978;-1.661662655478228 2.192411774975142;8.247060496256562;19.21191357064632;3.262778563134249;21.50201604084183
23;2;-29.53904670121764 8.488089202411631;-29.53904670121764 8.488089202411631;-30.13427440820803 8.463993963484953;21.62266303317064;-1.661662655478228 2.192411774975142;8.247060496256562;19.21191357064632;3.262778563134249;30.73439341071845
23;3;15.61033424437028 1.786541992438582;15.61033424437028 1.786541992438582;15.61033424437028 1.786541992438582;19.78776303508934;-1.661662655478228 2.192411774975142;8.247060496256562;19.21191357064632;3.262778563134249;15.71223305299746
23;4;-1.815012060851916 2.487332980941444;-1.815012060851916 2.487332980941444;-1.661662655478228 2.192411774975142;8.247060496256562;-1.661662655478228 2.192411774975142;8.247060496256562;19.21191357064632;3.262778563134249;3.079138538474190
23;5;25.41707098256534 -15.61259803013450;25.41707098256534 -15.61259803013450;25.41707098256534 -15.61259803013450;21.98062557936192;-1.661662655478228 2.192411774975142;8.247060496256562;19.21191357064632;3.262778563134249;29.82919232200773
23;6;11.65503792602562 -8.686958165824361;11.65503792602562 -8.686958165824361;11.65503792602562 -8.686958165824361;19.53572108881212;-1.661662655478228 2.192411774975142;8.247060496256562;19.21191357064632;3.262778563134249;14.53627019671409
23;7;21.47021234068534 -1.224424877989972;21.47021234068534 -1.224424877989972;21.16695567108183 -1.129700489265080;19.91235627929372;-1.661662655478228 2.192411774975142;8.247060496256562;19.21191357064632;3.262778563134249;21.50509786622600
23;8;30.53565443919148 -31.47094434200928;30.53565443919148 -31.47094434200928;30.53565443919148 -31.47094434200928;22.30213586276853;-1.661662655478228 2.192411774975142;8.247060496256562;19.21191357064632;3.262778563134249;43.85027399923015
23;9;-5.894916220115789 -4.908945242037799;-5.894916220115789 -4.908945242037799;-5.894916220115789 -4.908945242037799;13.69956412512603;-1.661662655478228 2.192411774975142;8.247060496256562;19.21191357064632;3.262778563134249;7.671230711659621
23;10;24.11422770470350 24.25727067591554;24.11422770470350 24.25727067591554;24.11422770470350 24.25727067591554;21.13519105104544;-1.661662655478228 2.192411774975142;8.247060496256562;19.21191357064632;3.262778563134249;34.20396407492736
23;11;22.80539325336843 9.124189434371658;22.80539325336843 9.124189434371658;22.80539325336843 9.124189434371658;20.40630493096825;-1.661662655478228 2.192411774975142;8.247060496256562;19.21191357064632;3.262778563134249;24.56291501990514
23;12;-9.921153280840795 14.06082322429180;-9.921153280840795 14.06082322429180;-9.921153280840795 14.06082322429180;18.49497479378925;-1.661662655478228 2.192411774975142;8.247060496256562;19.21191357064632;3.262778563134249;17.20860343452430
23;13;-28.69651750410511 4.086034521396603;-28.69651750410511 4.086034521396603;-28.69651750410511 4.086034521396603;21.08466507978184;-1.661662655478228 2.192411774975142;8.247060496256562;19.21191357064632;3.262778563134249;28.98595858296661
23;14;12.98912377190575 16.03679260851320;12.98912377190575 16.03679260851320;12.98912377190575 16.03679260851320;18.95880385204291;-1.661662655478228 2.192411774975142;8.247060496256562;19.21191357064632;3.262778563134249;20.63724917546790
23;15;-9.983727979839646 -6.980445674068357;-9.983727979839646 -6.980445674068357;-9.983727979839646 -6.980445674068357;16.44596710011549;-1.661662655478228 2.192411774975142;8.247060496256562;19.21191357064632;3.262778563134249;12.18201322376776
23;16;-14.11790587939755 15.22421656249127;-14.11790587939755 15.22421656249127;-14.11790587939755 15.22421656249127;20.08935456664642;-1.661662655478228 2.192411774975142;8.247060496256562;19.21191357064632;3.262778563134249;20.76275599146610
23;17;-22.03671749399900 19.70126441616354;-21.00883858128043 19.77123873354069;-21.00883858128043 19.77123873354069;20.61931744733809;-1.661662655478228 2.192411774975142;8.247060496256562;19.21191357064632;3.262778563134249;28.84914521425127
23;18;-5.030776273546366 -8.010330546247765;-5.030776273546366 -8.010330546247765;-5.030776273546366 -8.010330546247765;14.77915653623989;-1.661662655478228 2.192411774975142;8.247060496256562;19.21191357064632;3.262778563134249;9.459075291730533
23;19;24.53975878940203 -29.22141365897084;24.53975878940203 -29.22141365897084;24.53975878940203 -29.22141365897084;21.95405449236174;-1.661662655478228 2.192411774975142;8.247060496256562;19.21191357064632;3.262778563134249;38.15875754883434
24;0;-16.25683680919964 -9.670529069429030;-16.25683680919964 -9.670529069429030;-16.25683680919964 -9.670529069429030;20.56989681496528;-1.980118694115502 2.882925785647348;8.142823342037381;19.16715826637822;3.405064048133394;18.91570446807679
24;1;3.815025211754132 21.16086662814876;3.815025211754132 21.16086662814876;4.058386101385703 20.96663532214607;19.14171099827978;-1.980118694115502 2.882925785647348;8.142823342037381;19.16715826637822;3.405064048133394;21.50201604084183
24;2;-29.53904670121764 8.488089202411631;-29.53904670121764 8.488089202411631;-30.13427440820803 8.463993963484953;21.62266303317064;-1.980118694115502 2.882925785647348;8.142823342037381;19.16715826637822;3.405064048133394;30.73439341071845
24;3;15.61033424437028 1.786541992438582;15.61033424437028 1.786541992438582;15.61033424437028 1.786541992438582;19.78776303508934;-1.980118694115502 2.882925785647348;8.142823342037381;19.16715826637822;3.405064048133394;15.71223305299746
24;4;-1.815012060851916 2.487332980941444;-1.980118694115502 2.882925785647348;-1.980118694115502 2.882925785647348;8.142823342037381;-1.980118694115502 2.882925785647348;8.142823342037381;19.16715826637822;3.405064048133394;3.497446372474646
24;5;25.41707098256534 -15.61259803013450;25.41707098256534 -15.61259803013450;25.41707098256534 -15.61259803013450;21.98062557936192;-1.980118694115502 2.882925785647348;8.142823342037381;19.16715826637822;3.405064048133394;29.82919232200773
24;6;11.65503792602562 -8.686958165824361;11.65503792602562 -8.686958165824361;11.65503792602562 -8.686958165824361;19.53572108881212;-1.980118694115502 2.882925785647348;8.142823342037381;19.16715826637822;3.405064048133394;14.53627019671409
24;7;21.47021234068534 -1.224424877989972;21.47021234068534 -1.224424877989972;21.16695567108183 -1.129700489265080;19.91235627929372;-1.980118694115502 2.882925785647348;8.142823342037381;19.16715826637822;3.405064048133394;21.50509786622600
24;8;30.53565443919148 -31.47094434200928;30.53565443919148 -31.47094434200928;30.53565443919148 -31.47094434200928;22.30213586276853;-1.980118694115502 2.882925785647348;8.142823342037381;19.16715826637822;3.405064048133394;43.85027399923015
24;9;-5.894916220115789 -4.908945242037799;-5.894916220115789 -4.908945242037799;-5.894916220115789 -4.908945242037799;13.69956412512603;-1.980118694115502 2.882925785647348;8.142823342037381;19.16715826637822;3.405064048133394;7.671230711659621
24;10;24.11422770470350 24.25727067591554;24.11422770470350 24.25727067591554;24.11422770470350 24.25727067591554;21.13519105104544;-1.980118694115502 2.882925785647348;8.142823342037381;19.16715826637822;3.405064048133394;34.20396407492736
24;11;22.80539325336843 9.124189434371658;22.80539325336843 9.124189434371658;22.80539325336843 9.124189434371658;20.40630493096825;-1.980118694115502 2.882925785647348;8.142823342037381;19.16715826637822;3.405064048133394;24.56291501990514
24;12;-9.921153280840795 14.06082322429180;-9.921153280840795 14.06082322429180;-9.921153280840795 14.06082322429180;18.49497479378925;-1.980118694115502 2.882925785647348;8.142823342037381;19.16715826637822;3.405064048133394;17.20860343452430
24;13;-28.69651750410511 4.086034521396603;-28.69651750410511 4.086034521396603;-28.69651750410511 4.086034521396603;21.08466507978184;-1.980118694115502 2.882925785647348;8.142823342037381;19.16715826637822;3.405064048133394;28.98595858296661
24;14;12.98912377190575 16.03679260851320;12.98912377190575 16.03679260851320;12.98912377190575 16.03679260851320;18.95880385204291;-1.980118694115502 2.882925785647348;8.142823342037381;19.16715826637822;3.405064048133394;20.63724917546790
24;15;-9.983727979839646 -6.980445674068357;-9.983727979839646 -6.980445674068357;-9.983727979839646 -6.980445674068357;16.44596710011549;-1.980118694115502 2.882925785647348;8.142823342037381;19.16715826637822;3.405064048133394;12.18201322376776
24;16;-14.11790587939755 15.22421656249127;-14.11790587939755 15.22421656249127;-14.11790587939755 15.22421656249127;20.08935456664642;-1.980118694115502 2.882925785647348;8.142823342037381;19.16715826637822;3.405064048133394;20.76275599146610
24;17;-21.00883858128043 19.77123873354069;-21.00883858128043 19.77123873354069;-21.00883858128043 19.77123873354069;20.61931744733809;-1.980118694115502 2.882925785647348;8.142823342037381;19.16715826637822;3.405064048133394;28.84914521425127
24;18;-5.030776273546366 -8.010330546247765;-5.030776273546366 -8.010330546247765;-5.030776273546366 -8.010330546247765;14.77915653623989;-1.980118694115502 2.882925785647348;8.142823342037381;19.16715826637822;3.405064048133394;9.459075291730533
24;19;24.53975878940203 -29.22141365897084;24.53975878940203 -29.22141365897084;24.53975878940203 -29.22141365897084;21.95405449236174;-1.980118694115502 2.882925785647348;8.142823342037381;19.16715826637822;3.405064048133394;38.15875754883434
25;0;-16.25683680919964 -9.670529069429030;-16.74644287665145 -9.729316818636054;-16.74644287665145 -9.729316818636054;20.49872374400197;-1.980118694115502 2.882925785647348;8.142823342037381;19.21237695152494;3.427995789114300;19.36757482955325
25;1;3.815025211754132 21.16086662814876;3.815025211754132 21.16086662814876;4.058386101385703 20.96663532214607;19.14171099827978;-1.980118694115502 2.882925785647348;8.142823342037381;19.21237695152494;3.427995789114300;21.50201604084183
25;2;-29.53904670121764 8.488089202411631;-29.53904670121764 8.488089202411631;-30.13427440820803 8.463993963484953;21.62266303317064;-1.980118694115502 2.882925785647348;8.142823342037381;19.21237695152494;3.427995789114300;30.73439341071845
25;3;15.61033424437028 1.786541992438582;15.61033424437028 1.786541992438582;15.61033424437028 1.786541992438582;19.78776303508934;-1.980118694115502 2.882925785647348;8.142823342037381;19.21237695152494;3.427995789114300;15.71223305299746
25;4;-1.980118694115502 2.882925785647348;-1.980118694115502 2.882925785647348;-1.980118694115502 2.882925785647348;8.142823342037381;-1.980118694115502 2.882925785647348;8.142823342037381;19.21237695152494;3.427995789114300;3.497446372474646
25;5;25.41707098256534 -15.61259803013450;25.41707098256534 -15.61259803013450;25.41707098256534 -15.61259803013450;21.98062557936192;-1.980118694115502 2.882925785647348;8.142823342037381;19.21237695152494;3.427995789114300;29.82919232200773
25;6;11.65503792602562 -8.686958165824361;11.65503792602562 -8.686958165824361;11.65503792602562 -8.686958165824361;19.53572108881212;-1.980118694115502 2.882925785647348;8.142823342037381;19.21237695152494;3.427995789114300;14.53627019671409
25;7;21.47021234068534 -1.224424877989972;21.47021234068534 -1.224424877989972;21.16695567108183 -1.129700489265080;19.91235627929372;-1.980118694115502 2.882925785647348;8.142823342037381;19.21237695152494;3.427995789114300;21.50509786622600
25;8;30.53565443919148 -31.47094434200928;30.53565443919148 -31.47094434200928;30.53565443919148 -31.47094434200928;22.30213586276853;-1.980118694115502 2.882925785647348;8.142823342037381;19.21237695152494;3.427995789114300;43.85027399923015
25;9;-5.894916220115789 -4.908945242037799;-5.894916220115789 -4.908945242037799;-5.894916220115789 -4.908945242037799;13.69956412512603;-1.980118694115502 2.882925785647348;8.142823342037381;19.21237695152494;3.427995789114300;7.671230711659621
25;10;24.11422770470350 24.25727067591554;24.11422770470350 24.25727067591554;24.11422770470350 24.25727067591554;21.13519105104544;-1.980118694115502 2.882925785647348;8.142823342037381;19.21237695152494;3.427995789114300;34.20396407492736
25;11;22.80539325336843 9.124189434371658;22.31512769630545 9.309985704063822;22.80539325336843 9.124189434371658;20.40630493096825;-1.980118694115502 2.882925785647348;8.142823342037381;19.21237695152494;3.427995789114300;24.17934568825822
25;12;-9.921153280840795 14.06082322429180;-9.921153280840795 14.06082322429180;-9.921153280840795 14.06082322429180;18.49497479378925;-1.980118694115502 2.882925785647348;8.142823342037381;19.21237695152494;3.427995789114300;17.20860343452430
25;13;-28.69651750410511 4.086034521396603;-28.69651750410511 4.086034521396603;-28.69651750410511 4.086034521396603;21.08466507978184;-1.980118694115502 2.882925785647348;8.142823342037381;19.21237695152494;3.427995789114300;28.98595858296661
25;14;12.98912377190575 16.03679260851320;12.98912377190575 16.03679260851320;12.98912377190575 16.03679260851320;18.95880385204291;-1.980118694115502 2.882925785647348;8.142823342037381;19.21237695152494;3.427995789114300;20.63724917546790
25;15;-9.983727979839646 -6.980445674068357;-9.983727979839646 -6.980445674068357;-9.983727979839646 -6.980445674068357;16.44596710011549;-1.980118694115502 2.882925785647348;8.142823342037381;19.21237695152494;3.427995789114300;12.18201322376776
25;16;-14.11790587939755 15.22421656249127;-14.11790587939755 15.22421656249127;-14.11790587939755 15.22421656249127;20.08935456664642;-1.980118694115502 2.882925785647348;8.142823342037381;19.21237695152494;3.427995789114300;20.76275599146610
25;17;-21.00883858128043 19.77123873354069;-21.00883858128043 19.77123873354069;-21.00883858128043 19.77123873354069;20.61931744733809;-1.980118694115502 2.882925785647348;8.142823342037381;19.21237695152494;3.427995789114300;28.84914521425127
25;18;-5.030776273546366 -8.010330546247765;-5.030776273546366 -8.010330546247765;-5.030776273546366 -8.010330546247765;14.77915653623989;-1.980118694115502 2.882925785647348;8.142823342037381;19.21237695152494;3.427995789114300;9.459075291730533
25;19;24.53975878940203 -29.22141365897084;24.53975878940203 -29.22141365897084;24.53975878940203 -29.22141365897084;21.95405449236174;-1.980118694115502 2.882925785647348;8.142823342037381;19.21237695152494;3.427995789114300;38.15875754883434
26;0;-16.74644287665145 -9.729316818636054;-16.74644287665145 -9.729316818636054;-16.74644287665145 -9.729316818636054;20.49872374400197;-1.980118694115502 2.882925785647348;8.142823342037381;19.20359450795866;3.406376286353934;19.36757482955325
26;1;3.815025211754132 21.16086662814876;3.815025211754132 21.16086662814876;4.058386101385703 20.96663532214607;19.14171099827978;-1.980118694115502 2.882925785647348;8.142823342037381;19.20359450795866;3.406376286353934;21.50201604084183
26;2;-29.53904670121764 8.488089202411631;-29.53904670121764 8.488089202411631;-30.13427440820803 8.463993963484953;21.62266303317064;-1.980118694115502 2.882925785647348;8.142823342037381;19.20359450795866;3.406376286353934;30.73439341071845
26;3;15.61033424437028 1.786541992438582;15.61033424437028 1.786541992438582;15.61033424437028 1.786541992438582;19.78776303508934;-1.980118694115502 2.882925785647348;8.142823342037381;19.20359450795866;3.406376286353934;15.71223305299746
26;4;-1.980118694115502 2.882925785647348;-1.980118694115502 2.882925785647348;-1.980118694115502 2.882925785647348;8.142823342037381;-1.980118694115502 2.882925785647348;8.142823342037381;19.20359450795866;3.406376286353934;3.497446372474646
26;5;25.41707098256534 -15.61259803013450;25.43966947154967 -15.03913011763964;25.43966947154967 -15.03913011763964;21.39144588485693;-1.980118694115502 2.882925785647348;8.142823342037381;19.20359450795866;3.406376286353934;29.55253318274074
26;6;11.65503792602562 -8.686958165824361;11.65503792602562 -8.686958165824361;11.65503792602562 -8.686958165824361;19.53572108881212;-1.980118694115502 2.882925785647348;8.142823342037381;19.20359450795866;3.406376286353934;14.53627019671409
26;7;21.47021234068534 -1.224424877989972;21.47021234068534 -1.224424877989972;21.16695567108183 -1.129700489265080;19.91235627929372;-1.980118694115502 2.882925785647348;8.142823342037381;19.20359450795866;3.406376286353934;21.50509786622600
26;8;30.53565443919148 -31.47094434200928;30.53565443919148 -31.47094434200928;30.53565443919148 -31.47094434200928;22.30213586276853;-1.980118694115502 2.882925785647348;8.142823342037381;19.20359450795866;3.406376286353934;43.85027399923015
26;9;-5.894916220115789 -4.908945242037799;-5.894916220115789 -4.908945242037799;-5.894916220115789 -4.908945242037799;13.69956412512603;-1.980118694115502 2.882925785647348;8.142823342037381;19.20359450795866;3.406376286353934;7.671230711659621
26;10;24.11422770470350 24.25727067591554;24.11422770470350 24.25727067591554;24.11422770470350 24.25727067591554;21.13519105104544;-1.980118694115502 2.882925785647348;8.142823342037381;19.20359450795866;3.406376286353934;34.20396407492736
26;11;22.31512769630545 9.309985704063822;22.31512769630545 9.309985704063822;22.80539325336843 9.124189434371658;20.40630493096825;-1.980118694115502 2.882925785647348;8.142823342037381;19.20359450795866;3.406376286353934;24.17934568825822
26;12;-9.921153280840795 14.06082322429180;-9.921153280840795 14.06082322429180;-9.921153280840795 14.06082322429180;18.49497479378925;-1.980118694115502 2.882925785647348;8.142823342037381;19.20359450795866;3.406376286353934;17.20860343452430
26;13;-28.69651750410511 4.086034521396603;-28.69651750410511 4.086034521396603;-28.69651750410511 4.086034521396603;21.08466507978184;-1.980118694115502 2.882925785647348;8.142823342037381;19.20359450795866;3.406376286353934;28.98595858296661
26;14;12.98912377190575 16.03679260851320;13.06645348721556 16.11821395280656;12.98912377190575 16.03679260851320;18.95880385204291;-1.980118694115502 2.882925785647348;8.142823342037381;19.20359450795866;3.406376286353934;20.74919342437233
26;15;-9.983727979839646 -6.980445674068357;-9.983727979839646 -6.980445674068357;-9.983727979839646 -6.980445674068357;16.44596710011549;-1.980118694115502 2.882925785647348;8.142823342037381;19.20359450795866;3.406376286353934;12.18201322376776
26;16;-14.11790587939755 15.22421656249127;-14.11790587939755 15.22421656249127;-14.11790587939755 15.22421656249127;20.08935456664642;-1.980118694115502 2.882925785647348;8.142823342037381;19.20359450795866;3.406376286353934;20.76275599146610
26;17;-21.00883858128043 19.77123873354069;-21.00883858128043 19.77123873354069;-21.00883858128043 19.77123873354069;20.61931744733809;-1.980118694115502 2.882925785647348;8.142823342037381;19.20359450795866;3.406376286353934;28.84914521425127
26;18;-5.030776273546366 -8.010330546247765;-5.030776273546366 -8.010330546247765;-5.030776273546366 -8.010330546247765;14.77915653623989;-1.980118694115502 2.882925785647348;8.142823342037381;19.20359450795866;3.406376286353934;9.459075291730533
26;19;24.53975878940203 -29.22141365897084;24.53975878940203 -29.22141365897084;24.53975878940203 -29.22141365897084;21.95405449236174;-1.980118694115502 2.882925785647348;8.142823342037381;19.20359450795866;3.406376286353934;38.15875754883434
27;0;-16.74644287665145 -9.729316818636054;-16.74644287665145 -9.729316818636054;-16.74644287665145 -9.729316818636054;20.49872374400197;-1.980118694115502 2.882925785647348;8.142823342037381;19.23852050510845;3.418837257177641;19.36757482955325
27;1;3.815025211754132 21.16086662814876;3.815025211754132 21.16086662814876;4.058386101385703 20.96663532214607;19.14171099827978;-1.980118694115502 2.882925785647348;8.142823342037381;19.23852050510845;3.418837257177641;21.50201604084183
27;2;-29.53904670121764 8.488089202411631;-29.53904670121764 8.488089202411631;-30.13427440820803 8.463993963484953;21.62266303317064;-1.980118694115502 2.882925785647348;8.142823342037381;19.23852050510845;3.418837257177641;30.73439341071845
27;3;15.61033424437028 1.786541992438582;15.61033424437028 1.786541992438582;15.61033424437028 1.786541992438582;19.78776303508934;-1.980118694115502 2.882925785647348;8.142823342037381;19.23852050510845;3.418837257177641;15.71223305299746
27;4;-1.980118694115502 2.882925785647348;-1.980118694115502 2.882925785647348;-1.980118694115502 2.882925785647348;8.142823342037381;-1.980118694115502 2.882925785647348;8.142823342037381;19.23852050510845;3.418837257177641;3.497446372474646
27;5;25.43966947154967 -15.03913011763964;25.43966947154967 -15.03913011763964;25.43966947154967 -15.03913011763964;21.39144588485693;-1.980118694115502 2.882925785647348;8.142823342037381;19.23852050510845;3.418837257177641;29.55253318274074
27;6;11.65503792602562 -8.686958165824361;11.65503792602562 -8.686958165824361;11.65503792602562 -8.686958165824361;19.53572108881212;-1.980118694115502 2.882925785647348;8.142823342037381;19.23852050510845;3.418837257177641;14.53627019671409
27;7;21.47021234068534 -1.224424877989972;21.47021234068534 -1.224424877989972;21.16695567108183 -1.129700489265080;19.91235627929372;-1.980118694115502 2.882925785647348;8.142823342037381;19.23852050510845;3.418837257177641;21.50509786622600
27;8;30.53565443919148 -31.47094434200928;30.53565443919148 -31.47094434200928;30.53565443919148 -31.47094434200928;22.30213586276853;-1.980118694115502 2.882925785647348;8.142823342037381;19.23852050510845;3.418837257177641;43.85027399923015
27;9;-5.894916220115789 -4.908945242037799;-5.894916220115789 -4.908945242037799;-5.894916220115789 -4.908945242037799;13.69956412512603;-1.980118694115502 2.882925785647348;8.142823342037381;19.23852050510845;3.418837257177641;7.671230711659621
27;10;24.11422770470350 24.25727067591554;24.11422770470350 24.25727067591554;24.11422770470350 24.25727067591554;21.13519105104544;-1.980118694115502 2.882925785647348;8.142823342037381;19.23852050510845;3.418837257177641;34.20396407492736
27;11;22.31512769630545 9.309985704063822;22.31512769630545 9.309985704063822;22.80539325336843 9.124189434371658;20.40630493096825;-1.980118694115502 2.882925785647348;8.142823342037381;19.23852050510845;3.418837257177641;24.17934568825822
27;12;-9.921153280840795 14.06082322429180;-9.921153280840795 14.06082322429180;-9.921153280840795 14.06082322429180;18.49497479378925;-1.980118694115502 2.882925785647348;8.142823342037381;19.23852050510845;3.418837257177641;17.20860343452430
27;13;-28.69651750410511 4.086034521396603;-28.69651750410511 4.086034521396603;-28.69651750410511 4.086034521396603;21.08466507978184;-1.980118694115502 2.882925785647348;8.142823342037381;19.23852050510845;3.418837257177641;28.98595858296661
27;14;13.06645348721556 16.11821395280656;13.06645348721556 16.11821395280656;12.98912377190575 16.03679260851320;18.95880385204291;-1.980118694115502 2.882925785647348;8.142823342037381;19.23852050510845;3.418837257177641;20.74919342437233
27;15;-9.983727979839646 -6.980445674068357;-9.983727979839646 -6.980445674068357;-9.983727979839646 -6.980445674068357;16.44596710011549;-1.980118694115502 2.882925785647348;8.142823342037381;19.23852050510845;3.418837257177641;12.18201322376776
27;16;-14.11790587939755 15.22421656249127;-14.11855040112075 15.45403075816912;-14.11790587939755 15.22421656249127;20.08935456664642;-1.980118694115502 2.882925785647348;8.142823342037381;19.23852050510845;3.418837257177641;20.93228444540691
27;17;-21.00883858128043 19.77123873354069;-21.00883858128043 19.77123873354069;-21.00883858128043 19.77123873354069;20.61931744733809;-1.980118694115502 2.882925785647348;8.142823342037381;19.23852050510845;3.418837257177641;28.84914521425127
27;18;-5.030776273546366 -8.010330546247765;-5.030776273546366 -8.010330546247765;-5.030776273546366 -8.010330546247765;14.77915653623989;-1.980118694115502 2.882925785647348;8.142823342037381;19.23852050510845;3.418837257177641;9.459075291730533
27;19;24.53975878940203 -29.22141365897084;24.53975878940203 -29.22141365897084;24.53975878940203 -29.22141365897084;21.95405449236174;-1.980118694115502 2.882925785647348;8.142823342037381;19.23852050510845;3.418837257177641;38.15875754883434
28;0;-16.74644287665145 -9.729316818636054;-16.74644287665145 -9.729316818636054;-16.74644287665145 -9.729316818636054;20.49872374400197;-1.980118694115502 2.882925785647348;8.142823342037381;19.21590248858630;3.414082767395579;19.36757482955325
28;1;3.815025211754132 21.16086662814876;4.006495484887678 21.17807962633154;4.058386101385703 20.96663532214607;19.14171099827978;-1.980118694115502 2.882925785647348;8.142823342037381;19.21590248858630;3.414082767395579;21.55372503141079
28;2;-29.53904670121764 8.488089202411631;-29.53904670121764 8.488089202411631;-30.13427440820803 8.463993963484953;21.62266303317064;-1.980118694115502 2.882925785647348;8.142823342037381;19.21590248858630;3.414082767395579;30.73439341071845
28;3;15.61033424437028 1.786541992438582;15.61033424437028 1.786541992438582;15.61033424437028 1.786541992438582;19.78776303508934;-1.980118694115502 2.882925785647348;8.142823342037381;19.21590248858630;3.414082767395579;15.71223305299746
28;4;-1.980118694115502 2.882925785647348;-1.980118694115502 2.882925785647348;-1.980118694115502 2.882925785647348;8.142823342037381;-1.980118694115502 2.882925785647348;8.142823342037381;19.21590248858630;3.414082767395579;3.497446372474646
28;5;25.43966947154967 -15.03913011763964;25.43966947154967 -15.03913011763964;25.43966947154967 -15.03913011763964;21.39144588485693;-1.980118694115502 2.882925785647348;8.142823342037381;19.21590248858630;3.414082767395579;29.55253318274074
28;6;11.65503792602562 -8.686958165824361;11.65503792602562 -8.686958165824361;11.65503792602562 -8.686958165824361;19.53572108881212;-1.980118694115502 2.882925785647348;8.142823342037381;19.21590248858630;3.414082767395579;14.53627019671409
28;7;21.47021234068534 -1.224424877989972;21.47021234068534 -1.224424877989972;21.16695567108183 -1.129700489265080;19.91235627929372;-1.980118694115502 2.882925785647348;8.142823342037381;19.21590248858630;3.414082767395579;21.50509786622600
28;8;30.53565443919148 -31.47094434200928;30.53565443919148 -31.47094434200928;30.53565443919148 -31.47094434200928;22.30213586276853;-1.980118694115502 2.882925785647348;8.142823342037381;19.21590248858630;3.414082767395579;43.85027399923015
28;9;-5.894916220115789 -4.908945242037799;-5.894916220115789 -4.908945242037799;-5.894916220115789 -4.908945242037799;13.69956412512603;-1.980118694115502 2.882925785647348;8.142823342037381;19.21590248858630;3.414082767395579;7.671230711659621
28;10;24.11422770470350 24.25727067591554;24.11422770470350 24.25727067591554;24.11422770470350 24.25727067591554;21.13519105104544;-1.980118694115502 2.882925785647348;8.142823342037381;19.21590248858630;3.414082767395579;34.20396407492736
28;11;22.31512769630545 9.309985704063822;22.31512769630545 9.309985704063822;22.80539325336843 9.124189434371658;20.40630493096825;-1.980118694115502 2.882925785647348;8.142823342037381;19.21590248858630;3.414082767395579;24.17934568825822
28;12;-9.921153280840795 14.06082322429180;-9.921153280840795 14.06082322429180;-9.921153280840795 14.06082322429180;18.49497479378925;-1.980118694115502 2.882925785647348;8.142823342037381;19.21590248858630;3.414082767395579;17.20860343452430
28;13;-28.69651750410511 4.086034521396603;-28.69651750410511 4.086034521396603;-28.69651750410511 4.086034521396603;21.08466507978184;-1.980118694115502 2.882925785647348;8.142823342037381;19.21590248858630;3.414082767395579;28.98595858296661
28;14;13.06645348721556 16.11821395280656;13.06645348721556 16.11821395280656;12.98912377190575 16.03679260851320;18.95880385204291;-1.980118694115502 2.882925785647348;8.142823342037381;19.21590248858630;3.414082767395579;20.74919342437233
28;15;-9.983727979839646 -6.980445674068357;-9.983727979839646 -6.980445674068357;-9.983727979839646 -6.980445674068357;16.44596710011549;-1.980118694115502 2.882925785647348;8.142823342037381;19.21590248858630;3.414082767395579;12.18201322376776
28;16;-14.11855040112075 15.45403075816912;-14.11855040112075 15.45403075816912;-14.11790587939755 15.22421656249127;20.08935456664642;-1.980118694115502 2.882925785647348;8.142823342037381;19.21590248858630;3.414082767395579;20.93228444540691
28;17;-21.00883858128043 19.77123873354069;-21.00883858128043 19.77123873354069;-21.00883858128043 19.77123873354069;20.61931744733809;-1.980118694115502 2.882925785647348;8.142823342037381;19.21590248858630;3.414082767395579;28.84914521425127
28;18;-5.030776273546366 -8.010330546247765;-5.030776273546366 -8.010330546247765;-5.030776273546366 -8.010330546247765;14.77915653623989;-1.980118694115502 2.882925785647348;8.142823342037381;19.21590248858630;3.414082767395579;9.459075291730533
28;19;24.53975878940203 -29.22141365897084;24.53975878940203 -29.22141365897084;24.53975878940203 -29.22141365897084;21.95405449236174;-1.980118694115502 2.882925785647348;8.142823342037381;19.21590248858630;3.414082767395579;38.15875754883434
29;0;-16.74644287665145 -9.729316818636054;-16.74644287665145 -9.729316818636054;-16.74644287665145 -9.729316818636054;20.49872374400197;-1.980118694115502 2.882925785647348;8.142823342037381;19.16914083737452;3.411423619449578;19.36757482955325
29;1;4.006495484887678 21.17807962633154;4.006495484887678 21.17807962633154;4.058386101385703 20.96663532214607;19.14171099827978;-1.980118694115502 2.882925785647348;8.142823342037381;19.16914083737452;3.411423619449578;21.55372503141079
29;2;-29.53904670121764 8.488089202411631;-29.53904670121764 8.488089202411631;-30.13427440820803 8.463993963484953;21.62266303317064;-1.980118694115502 2.882925785647348;8.142823342037381;19.16914083737452;3.411423619449578;30.73439341071845
29;3;15.61033424437028 1.786541992438582;15.61033424437028 1.786541992438582;15.61033424437028 1.786541992438582;19.78776303508934;-1.980118694115502 2.882925785647348;8.142823342037381;19.16914083737452;3.411423619449578;15.71223305299746
29;4;-1.980118694115502 2.882925785647348;-1.980118694115502 2.882925785647348;-1.980118694115502 2.882925785647348;8.142823342037381;-1.980118694115502 2.882925785647348;8.142823342037381;19.16914083737452;3.411423619449578;3.497446372474646
29;5;25.43966947154967 -15.03913011763964;25.27901308263394 -15.42827279828214;25.43966947154967 -15.03913011763964;21.39144588485693;-1.980118694115502 2.882925785647348;8.142823342037381;19.16914083737452;3.411423619449578;29.61520055596771
29;6;11.65503792602562 -8.686958165824361;11.65503792602562 -8.686958165824361;11.65503792602562 -8.686958165824361;19.53572108881212;-1.980118694115502 2.882925785647348;8.142823342037381;19.16914083737452;3.411423619449578;14.53627019671409
29;7;21.47021234068534 -1.224424877989972;21.47021234068534 -1.224424877989972;21.16695567108183 -1.129700489265080;19.91235627929372;-1.980118694115502 2.882925785647348;8.142823342037381;19.16914083737452;3.411423619449578;21.50509786622600
29;8;30.53565443919148 -31.47094434200928;30.53565443919148 -31.47094434200928;30.53565443919148 -31.47094434200928;22.30213586276853;-1.980118694115502 2.882925785647348;8.142823342037381;19.16914083737452;3.411423619449578;43.85027399923015
29;9;-5.894916220115789 -4.908945242037799;-5.894916220115789 -4.908945242037799;-5.894916220115789 -4.908945242037799;13.69956412512603;-1.980118694115502 2.882925785647348;8.142823342037381;19.16914083737452;3.411423619449578;7.671230711659621
29;10;24.11422770470350 24.25727067591554;24.11422770470350 24.25727067591554;24.11422770470350 24.25727067591554;21.13519105104544;-1.980118694115502 2.882925785647348;8.142823342037381;19.16914083737452;3.411423619449578;34.20396407492736
29;11;22.31512769630545 9.309985704063822;22.31512769630545 9.309985704063822;22.80539325336843 9.124189434371658;20.40630493096825;-1.980118694115502 2.882925785647348;8.142823342037381;19.16914083737452;3.411423619449578;24.17934568825822
29;12;-9.921153280840795 14.06082322429180;-9.921153280840795 14.06082322429180;-9.921153280840795 14.06082322429180;18.49497479378925;-1.980118694115502 2.882925785647348;8.142823342037381;19.16914083737452;3.411423619449578;17.20860343452430
29;13;-28.69651750410511 4.086034521396603;-28.69651750410511 4.086034521396603;-28.69651750410511 4.086034521396603;21.08466507978184;-1.980118694115502 2.882925785647348;8.142823342037381;19.16914083737452;3.411423619449578;28.98595858296661
29;14;13.06645348721556 16.11821395280656;13.06645348721556 16.11821395280656;12.98912377190575 16.03679260851320;18.95880385204291;-1.980118694115502 2.882925785647348;8.142823342037381;19.16914083737452;3.411423619449578;20.74919342437233
29;15;-9.983727979839646 -6.980445674068357;-9.983727979839646 -6.980445674068357;-9.983727979839646 -6.980445674068357;16.44596710011549;-1.980118694115502 2.882925785647348;8.142823342037381;19.16914083737452;3.411423619449578;12.18201322376776
29;16;-14.11855040112075 15.45403075816912;-14.02205527158201 15.86909976695235;-14.02205527158201 15.86909976695235;19.41159926478535;-1.980118694115502 2.882925785647348;8.142823342037381;19.16914083737452;3.411423619449578;21.17655216159580
29;17;-21.00883858128043 19.77123873354069;-21.00883858128043 19.77123873354069;-21.00883858128043 19.77123873354069;20.61931744733809;-1.980118694115502 2.882925785647348;8.142823342037381;19.16914083737452;3.411423619449578;28.84914521425127
29;18;-5.030776273546366 -8.010330546247765;-5.030776273546366 -8.010330546247765;-5.030776273546366 -8.010330546247765;14.77915653623989;-1.980118694115502 2.882925785647348;8.142823342037381;19.16914083737452;3.411423619449578;9.459075291730533
29;19;24.53975878940203 -29.22141365897084;24.53975878940203 -29.22141365897084;24.53975878940203 -29.22141365897084;21.95405449236174;-1.980118694115502 2.882925785647348;8.142823342037381;19.16914083737452;3.411423619449578;38.15875754883434
30;0;-16.74644287665145 -9.729316818636054;-16.74644287665145 -9.729316818636054;-16.74644287665145 -9.729316818636054;20.49872374400197;-1.980118694115502 2.882925785647348;8.142823342037381;19.14282001270280;3.403733445315487;19.36757482955325
30;1;4.006495484887678 21.17807962633154;4.006495484887678 21.17807962633154;4.058386101385703 20.96663532214607;19.14171099827978;-1.980118694115502 2.882925785647348;8.142823342037381;19.14282001270280;3.403733445315487;21.55372503141079
30;2;-29.53904670121764 8.488089202411631;-29.53904670121764 8.488089202411631;-30.13427440820803 8.463993963484953;21.62266303317064;-1.980118694115502 2.882925785647348;8.142823342037381;19.14282001270280;3.403733445315487;30.73439341071845
30;3;15.61033424437028 1.786541992438582;15.61033424437028 1.786541992438582;15.61033424437028 1.786541992438582;19.78776303508934;-1.980118694115502 2.882925785647348;8.142823342037381;19.14282001270280;3.403733445315487;15.71223305299746
30;4;-1.980118694115502 2.882925785647348;-1.980118694115502 2.882925785647348;-1.980118694115502 2.882925785647348;8.142823342037381;-1.980118694115502 2.882925785647348;8.142823342037381;19.14282001270280;3.403733445315487;3.497446372474646
30;5;25.27901308263394 -15.42827279828214;25.27901308263394 -15.42827279828214;25.43966947154967 -15.03913011763964;21.39144588485693;-1.980118694115502 2.882925785647348;8.142823342037381;19.14282001270280;3.403733445315487;29.61520055596771
30;6;11.65503792602562 -8.686958165824361;11.65503792602562 -8.686958165824361;11.65503792602562 -8.686958165824361;19.53572108881212;-1.980118694115502 2.882925785647348;8.142823342037381;19.14282001270280;3.403733445315487;14.53627019671409
30;7;21.47021234068534 -1.224424877989972;22.00311376135862 -2.036547148673992;22.00311376135862 -2.036547148673992;19.15697147005296;-1.980118694115502 2.882925785647348;8.142823342037381;19.14282001270280;3.403733445315487;22.09716134448182
30;8;30.53565443919148 -31.47094434200928;30.53565443919148 -31.47094434200928;30.53565443919148 -31.47094434200928;22.30213586276853;-1.980118694115502 2.882925785647348;8.142823342037381;19.14282001270280;3.403733445315487;43.85027399923015
30;9;-5.894916220115789 -4.908945242037799;-5.894916220115789 -4.908945242037799;-5.894916220115789 -4.908945242037799;13.69956412512603;-1.980118694115502 2.882925785647348;8.142823342037381;19.14282001270280;3.403733445315487;7.671230711659621
30;10;24.11422770470350 24.25727067591554;24.11422770470350 24.25727067591554;24.11422770470350 24.25727067591554;21.13519105104544;-1.980118694115502 2.882925785647348;8.142823342037381;19.14282001270280;3.403733445315487;34.20396407492736
30;11;22.31512769630545 9.309985704063822;22.31512769630545 9.309985704063822;22.80539325336843 9.124189434371658;20.40630493096825;-1.980118694115502 2.882925785647348;8.142823342037381;19.14282001270280;3.403733445315487;24.17934568825822
30;12;-9.921153280840795 14.06082322429180;-9.921153280840795 14.06082322429180;-9.921153280840795 14.06082322429180;18.49497479378925;-1.980118694115502 2.882925785647348;8.142823342037381;19.14282001270280;3.403733445315487;17.20860343452430
30;13;-28.69651750410511 4.086034521396603;-28.69651750410511 4.086034521396603;-28.69651750410511 4.086034521396603;21.08466507978184;-1.980118694115502 2.882925785647348;8.142823342037381;19.14282001270280;3.403733445315487;28.98595858296661
30;14;13.06645348721556 16.11821395280656;13.06645348721556 16.11821395280656;12.98912377190575 16.03679260851320;18.95880385204291;-1.980118694115502 2.882925785647348;8.142823342037381;19.14282001270280;3.403733445315487;20.74919342437233
30;15;-9.983727979839646 -6.980445674068357;-9.983727979839646 -6.980445674068357;-9.983727979839646 -6.980445674068357;16.44596710011549;-1.980118694115502 2.882925785647348;8.142823342037381;19.14282001270280;3.403733445315487;12.18201322376776
30;16;-14.02205527158201 15.86909976695235;-14.16254246399816 15.60488969931510;-14.02205527158201 15.86909976695235;19.41159926478535;-1.980118694115502 2.882925785647348;8.142823342037381;19.14282001270280;3.403733445315487;21.07344754833299
30;17;-21.00883858128043 19.77123873354069;-21.00883858128043 19.77123873354069;-21.00883858128043 19.77123873354069;20.61931744733809;-1.980118694115502 2.882925785647348;8.142823342037381;19.14282001270280;3.403733445315487;28.84914521425127
30;18;-5.030776273546366 -8.010330546247765;-5.030776273546366 -8.010330546247765;-5.030776273546366 -8.010330546247765;14.77915653623989;-1.980118694115502 2.882925785647348;8.142823342037381;19.14282001270280;3.403733445315487;9.459075291730533
30;19;24.53975878940203 -29.22141365897084;24.53975878940203 -29.22141365897084;24.53975878940203 -29.22141365897084;21.95405449236174;-1.980118694115502 2.882925785647348;8.142823342037381;19.14282001270280;3.403733445315487;38.15875754883434
31;0;-16.74644287665145 -9.729316818636054;-16.74644287665145 -9.729316818636054;-16.74644287665145 -9.729316818636054;20.49872374400197;-1.980118694115502 2.882925785647348;8.142823342037381;19.25225006795298;3.437444160874143;19.36757482955325
31;1;4.006495484887678 21.17807962633154;4.006495484887678 21.17807962633154;4.058386101385703 20.96663532214607;19.14171099827978;-1.980118694115502 2.882925785647348;8.142823342037381;19.25225006795298;3.437444160874143;21.55372503141079
31;2;-29.53904670121764 8.488089202411631;-29.53904670121764 8.488089202411631;-30.13427440820803 8.463993963484953;21.62266303317064;-1.980118694115502 2.882925785647348;8.142823342037381;19.25225006795298;3.437444160874143;30.73439341071845
31;3;15.61033424437028 1.786541992438582;15.61033424437028 1.786541992438582;15.61033424437028 1.786541992438582;19.78776303508934;-1.980118694115502 2.882925785647348;8.142823342037381;19.25225006795298;3.437444160874143;15.71223305299746
31;4;-1.980118694115502 2.882925785647348;-1.980118694115502 2.882925785647348;-1.980118694115502 2.882925785647348;8.142823342037381;-1.980118694115502 2.882925785647348;8.142823342037381;19.25225006795298;3.437444160874143;3.497446372474646
31;5;25.27901308263394 -15.42827279828214;25.27901308263394 -15.42827279828214;25.43966947154967 -15.03913011763964;21.39144588485693;-1.980118694115502 2.882925785647348;8.142823342037381;19.25225006795298;3.437444160874143;29.61520055596771
31;6;11.65503792602562 -8.686958165824361;11.65503792602562 -8.686958165824361;11.65503792602562 -8.686958165824361;19.53572108881212;-1.980118694115502 2.882925785647348;8.142823342037381;19.25225006795298;3.437444160874143;14.53627019671409
31;7;22.00311376135862 -2.036547148673992;22.29702766373933 -1.494678122454615;22.00311376135862 -2.036547148673992;19.15697147005296;-1.980118694115502 2.882925785647348;8.142823342037381;19.25225006795298;3.437444160874143;22.34706927825887
31;8;30.53565443919148 -31.47094434200928;30.53565443919148 -31.47094434200928;30.53565443919148 -31.47094434200928;22.30213586276853;-1.980118694115502 2.882925785647348;8.142823342037381;19.25225006795298;3.437444160874143;43.85027399923015
31;9;-5.894916220115789 -4.908945242037799;-5.894916220115789 -4.908945242037799;-5.894916220115789 -4.908945242037799;13.69956412512603;-1.980118694115502 2.882925785647348;8.142823342037381;19.25225006795298;3.437444160874143;7.671230711659621
31;10;24.11422770470350 24.25727067591554;24.11422770470350 24.25727067591554;24.11422770470350 24.25727067591554;21.13519105104544;-1.980118694115502 2.882925785647348;8.142823342037381;19.25225006795298;3.437444160874143;34.20396407492736
31;11;22.31512769630545 9.309985704063822;22.31512769630545 9.309985704063822;22.80539325336843 9.124189434371658;20.40630493096825;-1.980118694115502 2.882925785647348;8.142823342037381;19.25225006795298;3.437444160874143;24.17934568825822
31;12;-9.921153280840795 14.06082322429180;-9.921153280840795 14.06082322429180;-9.921153280840795 14.06082322429180;18.49497479378925;-1.980118694115502 2.882925785647348;8.142823342037381;19.25225006795298;3.437444160874143;17.20860343452430
31;13;-28.69651750410511 4.086034521396603;-28.69651750410511 4.086034521396603;-28.69651750410511 4.086034521396603;21.08466507978184;-1.980118694115502 2.882925785647348;8.142823342037381;19.25225006795298;3.437444160874143;28.98595858296661
31;14;13.06645348721556 16.11821395280656;13.06645348721556 16.11821395280656;12.98912377190575 16.03679260851320;18.95880385204291;-1.980118694115502 2.882925785647348;8.142823342037381;19.25225006795298;3.437444160874143;20.74919342437233
31;15;-9.983727979839646 -6.980445674068357;-9.983727979839646 -6.980445674068357;-9.983727979839646 -6.980445674068357;16.44596710011549;-1.980118694115502 2.882925785647348;8.142823342037381;19.25225006795298;3.437444160874143;12.18201322376776
31;16;-14.16254246399816 15.60488969931510;-14.16254246399816 15.60488969931510;-14.02205527158201 15.86909976695235;19.41159926478535;-1.980118694115502 2.882925785647348;8.142823342037381;19.25225006795298;3.437444160874143;21.07344754833299
31;17;-21.00883858128043 19.77123873354069;-21.00883858128043 19.77123873354069;-21.00883858128043 19.77123873354069;20.61931744733809;-1.980118694115502 2.882925785647348;8.142823342037381;19.25225006795298;3.437444160874143;28.84914521425127
31;18;-5.030776273546366 -8.010330546247765;-5.030776273546366 -8.010330546247765;-5.030776273546366 -8.010330546247765;14.77915653623989;-1.980118694115502 2.882925785647348;8.142823342037381;19.25225006795298;3.437444160874143;9.459075291730533
31;19;24.53975878940203 -29.22141365897084;24.53975878940203 -29.22141365897084;24.53975878940203 -29.22141365897084;21.95405449236174;-1.980118694115502 2.882925785647348;8.142823342037381;19.25225006795298;3.437444160874143;38.15875754883434
32;0;-16.74644287665145 -9.729316818636054;-16.74644287665145 -9.729316818636054;-16.74644287665145 -9.729316818636054;20.49872374400197;-1.980118694115502 2.882925785647348;8.142823342037381;19.25415945046089;3.438492485223559;19.36757482955325
32;1;4.006495484887678 21.17807962633154;4.006495484887678 21.17807962633154;4.058386101385703 20.96663532214607;19.14171099827978;-1.980118694115502 2.882925785647348;8.142823342037381;19.25415945046089;3.438492485223559;21.55372503141079
32;2;-29.53904670121764 8.488089202411631;-29.98214325899238 8.327981521014780;-29.98214325899238 8.327981521014780;21.17394452959714;-1.980118694115502 2.882925785647348;8.142823342037381;19.25415945046089;3.438492485223559;31.11726515324099
32;3;15.61033424437028 1.786541992438582;15.61033424437028 1.786541992438582;15.61033424437028 1.786541992438582;19.78776303508934;-1.980118694115502 2.882925785647348;8.142823342037381;19.25415945046089;3.438492485223559;15.71223305299746
32;4;-1.980118694115502 2.882925785647348;-1.980118694115502 2.882925785647348;-1.980118694115502 2.882925785647348;8.142823342037381;-1.980118694115502 2.882925785647348;8.142823342037381;19.25415945046089;3.438492485223559;3.497446372474646
32;5;25.27901308263394 -15.42827279828214;25.27901308263394 -15.42827279828214;25.43966947154967 -15.03913011763964;21.39144588485693;-1.980118694115502 2.882925785647348;8.142823342037381;19.25415945046089;3.438492485223559;29.61520055596771
32;6;11.65503792602562 -8.686958165824361;11.65503792602562 -8.686958165824361;11.65503792602562 -8.686958165824361;19.53572108881212;-1.980118694115502 2.882925785647348;8.142823342037381;19.25415945046089;3.438492485223559;14.53627019671409
32;7;22.29702766373933 -1.494678122454615;22.29702766373933 -1.494678122454615;22.00311376135862 -2.036547148673992;19.15697147005296;-1.980118694115502 2.882925785647348;8.142823342037381;19.25415945046089;3.438492485223559;22.34706927825887
32;8;30.53565443919148 -31.47094434200928;30.53565443919148 -31.47094434200928;30.53565443919148 -31.47094434200928;22.30213586276853;-1.980118694115502 2.882925785647348;8.142823342037381;19.25415945046089;3.438492485223559;43.85027399923015
32;9;-5.894916220115789 -4.908945242037799;-5.894916220115789 -4.908945242037799;-5.894916220115789 -4.908945242037799;13.69956412512603;-1.980118694115502 2.882925785647348;8.142823342037381;19.25415945046089;3.438492485223559;7.671230711659621
32;10;24.11422770470350 24.25727067591554;24.33011882394117 24.53593381527749;24.11422770470350 24.25727067591554;21.13519105104544;-1.980118694115502 2.882925785647348;8.142823342037381;19.25415945046089;3.438492485223559;34.55382366938244
32;11;22.31512769630545 9.309985704063822;22.31512769630545 9.309985704063822;22.80539325336843 9.124189434371658;20.40630493096825;-1.980118694115502 2.882925785647348;8.142823342037381;19.25415945046089;3.438492485223559;24.17934568825822
32;12;-9.921153280840795 14.06082322429180;-9.921153280840795 14.06082322429180;-9.921153280840795 14.06082322429180;18.49497479378925;-1.980118694115502 2.882925785647348;8.142823342037381;19.25415945046089;3.438492485223559;17.20860343452430
32;13;-28.69651750410511 4.086034521396603;-28.69651750410511 4.086034521396603;-28.69651750410511 4.086034521396603;21.08466507978184;-1.980118694115502 2.882925785647348;8.142823342037381;19.25415945046089;3.438492485223559;28.98595858296661
32;14;13.06645348721556 16.11821395280656;13.06645348721556 16.11821395280656;12.98912377190575 16.03679260851320;18.95880385204291;-1.980118694115502 2.882925785647348;8.142823342037381;19.25415945046089;3.438492485223559;20.74919342437233
32;15;-9.983727979839646 -6.980445674068357;-9.983727979839646 -6.980445674068357;-9.983727979839646 -6.980445674068357;16.44596710011549;-1.980118694115502 2.882925785647348;8.142823342037381;19.25415945046089;3.438492485223559;12.18201322376776
32;16;-14.16254246399816 15.60488969931510;-14.16254246399816 15.60488969931510;-14.02205527158201 15.86909976695235;19.41159926478535;-1.980118694115502 2.882925785647348;8.142823342037381;19.25415945046089;3.438492485223559;21.07344754833299
32;17;-21.00883858128043 19.77123873354069;-21.00883858128043 19.77123873354069;-21.00883858128043 19.77123873354069;20.61931744733809;-1.980118694115502 2.882925785647348;8.142823342037381;19.25415945046089;3.438492485223559;28.84914521425127
32;18;-5.030776273546366 -8.010330546247765;-5.030776273546366 -8.010330546247765;-5.030776273546366 -8.010330546247765;14.77915653623989;-1.980118694115502 2.882925785647348;8.142823342037381;19.25415945046089;3.438492485223559;9.459075291730533
32;19;24.53975878940203 -29.22141365897084;24.53975878940203 -29.22141365897084;24.53975878940203 -29.22141365897084;21.95405449236174;-1.980118694115502 2.882925785647348;8.142823342037381;19.25415945046089;3.438492485223559;38.15875754883434
33;0;-16.74644287665145 -9.729316818636054;-16.74644287665145 -9.729316818636054;-16.74644287665145 -9.729316818636054;20.49872374400197;-1.980118694115502 2.882925785647348;8.142823342037381;19.32054661247500;3.459582880897249;19.36757482955325
33;1;4.006495484887678 21.17807962633154;3.758401985151634 20.51227812055018;4.058386101385703 20.96663532214607;19.14171099827978;-1.980118694115502 2.882925785647348;8.142823342037381;19.32054661247500;3.459582880897249;20.85375599686525
33;2;-29.98214325899238 8.327981521014780;-29.98214325899238 8.327981521014780;-29.98214325899238 8.327981521014780;21.17394452959714;-1.980118694115502 2.882925785647348;8.142823342037381;19.32054661247500;3.459582880897249;31.11726515324099
33;3;15.61033424437028 1.786541992438582;15.61033424437028 1.786541992438582;15.61033424437028 1.786541992438582;19.78776303508934;-1.980118694115502 2.882925785647348;8.142823342037381;19.32054661247500;3.459582880897249;15.71223305299746
33;4;-1.980118694115502 2.882925785647348;-1.980118694115502 2.882925785647348;-1.980118694115502 2.882925785647348;8.142823342037381;-1.980118694115502 2.882925785647348;8.142823342037381;19.32054661247500;3.459582880897249;3.497446372474646
33;5;25.27901308263394 -15.42827279828214;25.27901308263394 -15.42827279828214;25.43966947154967 -15.03913011763964;21.39144588485693;-1.980118694115502 2.882925785647348;8.142823342037381;19.32054661247500;3.459582880897249;29.61520055596771
33;6;11.65503792602562 -8.686958165824361;11.65503792602562 -8.686958165824361;11.65503792602562 -8.686958165824361;19.53572108881212;-1.980118694115502 2.882925785647348;8.142823342037381;19.32054661247500;3.459582880897249;14.53627019671409
33;7;22.29702766373933 -1.494678122454615;22.29702766373933 -1.494678122454615;22.00311376135862 -2.036547148673992;19.15697147005296;-1.980118694115502 2.882925785647348;8.142823342037381;19.32054661247500;3.459582880897249;22.34706927825887
33;8;30.53565443919148 -31.47094434200928;30.53565443919148 -31.47094434200928;30.53565443919148 -31.47094434200928;22.30213586276853;-1.980118694115502 2.882925785647348;8.142823342037381;19.32054661247500;3.459582880897249;43.85027399923015
33;9;-5.894916220115789 -4.908945242037799;-5.894916220115789 -4.908945242037799;-5.894916220115789 -4.908945242037799;13.69956412512603;-1.980118694115502 2.882925785647348;8.142823342037381;19.32054661247500;3.459582880897249;7.671230711659621
33;10;24.33011882394117 24.53593381527749;24.33011882394117 24.53593381527749;24.11422770470350 24.25727067591554;21.13519105104544;-1.980118694115502 2.882925785647348;8.142823342037381;19.32054661247500;3.459582880897249;34.55382366938244
33;11;22.31512769630545 9.309985704063822;22.31512769630545 9.309985704063822;22.80539325336843 9.124189434371658;20.40630493096825;-1.980118694115502 2.882925785647348;8.142823342037381;19.32054661247500;3.459582880897249;24.17934568825822
33;12;-9.921153280840795 14.06082322429180;-9.921153280840795 14.06082322429180;-9.921153280840795 14.06082322429180;18.49497479378925;-1.980118694115502 2.882925785647348;8.142823342037381;19.32054661247500;3.459582880897249;17.20860343452430
33;13;-28.69651750410511 4.086034521396603;-28.69651750410511 4.086034521396603;-28.69651750410511 4.086034521396603;21.08466507978184;-1.980118694115502 2.882925785647348;8.142823342037381;19.32054661247500;3.459582880897249;28.98595858296661
33;14;13.06645348721556 16.11821395280656;13.06645348721556 16.11821395280656;12.98912377190575 16.03679260851320;18.95880385204291;-1.980118694115502 2.882925785647348;8.142823342037381;19.32054661247500;3.459582880897249;20.74919342437233
33;15;-9.983727979839646 -6.980445674068357;-9.983727979839646 -6.980445674068357;-9.983727979839646 -6.980445674068357;16.44596710011549;-1.980118694115502 2.882925785647348;8.142823342037381;19.32054661247500;3.459582880897249;12.18201322376776
33;16;-14.16254246399816 15.60488969931510;-14.16254246399816 15.60488969931510;-14.02205527158201 15.86909976695235;19.41159926478535;-1.980118694115502 2.882925785647348;8.142823342037381;19.32054661247500;3.459582880897249;21.07344754833299
33;17;-21.00883858128043 19.77123873354069;-21.00883858128043 19.77123873354069;-21.00883858128043 19.77123873354069;20.61931744733809;-1.980118694115502 2.882925785647348;8.142823342037381;19.32054661247500;3.459582880897249;28.84914521425127
33;18;-5.030776273546366 -8.010330546247765;-5.030776273546366 -8.010330546247765;-5.030776273546366 -8.010330546247765;14.77915653623989;-1.980118694115502 2.882925785647348;8.142823342037381;19.32054661247500;3.459582880897249;9.459075291730533
33;19;24.53975878940203 -29.22141365897084;24.53975878940203 -29.22141365897084;24.53975878940203 -29.22141365897084;21.95405449236174;-1.980118694115502 2.882925785647348;8.142823342037381;19.32054661247500;3.459582880897249;38.15875754883434
34;0;-16.74644287665145 -9.729316818636054;-16.74644287665145 -9.729316818636054;-16.74644287665145 -9.729316818636054;20.49872374400197;-1.980118694115502 2.882925785647348;8.142823342037381;19.41018863835873;3.362616995668638;19.36757482955325
34;1;3.758401985151634 20.51227812055018;3.758401985151634 20.51227812055018;4.058386101385703 20.96663532214607;19.14171099827978;-1.980118694115502 2.882925785647348;8.142823342037381;19.41018863835873;3.362616995668638;20.85375599686525
34;2;-29.98214325899238 8.327981521014780;-29.98214325899238 8.327981521014780;-29.98214325899238 8.327981521014780;21.17394452959714;-1.980118694115502 2.882925785647348;8.142823342037381;19.41018863835873;3.362616995668638;31.11726515324099
34;3;15.61033424437028 1.786541992438582;15.61033424437028 1.786541992438582;15.61033424437028 1.786541992438582;19.78776303508934;-1.980118694115502 2.882925785647348;8.142823342037381;19.41018863835873;3.362616995668638;15.71223305299746
34;4;-1.980118694115502 2.882925785647348;-1.980118694115502 2.882925785647348;-1.980118694115502 2.882925785647348;8.142823342037381;-1.980118694115502 2.882925785647348;8.142823342037381;19.41018863835873;3.362616995668638;3.497446372474646
34;5;25.27901308263394 -15.42827279828214;25.27901308263394 -15.42827279828214;25.43966947154967 -15.03913011763964;21.39144588485693;-1.980118694115502 2.882925785647348;8.142823342037381;19.41018863835873;3.362616995668638;29.61520055596771
34;6;11.65503792602562 -8.686958165824361;11.65503792602562 -8.686958165824361;11.65503792602562 -8.686958165824361;19.53572108881212;-1.980118694115502 2.882925785647348;8.142823342037381;19.41018863835873;3.362616995668638;14.53627019671409
34;7;22.29702766373933 -1.494678122454615;22.29702766373933 -1.494678122454615;22.00311376135862 -2.036547148673992;19.15697147005296;-1.980118694115502 2.882925785647348;8.142823342037381;19.41018863835873;3.362616995668638;22.34706927825887
34;8;30.53565443919148 -31.47094434200928;30.53565443919148 -31.47094434200928;30.53565443919148 -31.47094434200928;22.30213586276853;-1.980118694115502 2.882925785647348;8.142823342037381;19.41018863835873;3.362616995668638;43.85027399923015
34;9;-5.894916220115789 -4.908945242037799;-5.894916220115789 -4.908945242037799;-5.894916220115789 -4.908945242037799;13.69956412512603;-1.980118694115502 2.882925785647348;8.142823342037381;19.41018863835873;3.362616995668638;7.671230711659621
34;10;24.33011882394117 24.53593381527749;24.33011882394117 24.53593381527749;24.11422770470350 24.25727067591554;21.13519105104544;-1.980118694115502 2.882925785647348;8.142823342037381;19.41018863835873;3.362616995668638;34.55382366938244
34;11;22.31512769630545 9.309985704063822;22.31512769630545 9.309985704063822;22.80539325336843 9.124189434371658;20.40630493096825;-1.980118694115502 2.882925785647348;8.142823342037381;19.41018863835873;3.362616995668638;24.17934568825822
34;12;-9.921153280840795 14.06082322429180;-9.921153280840795 14.06082322429180;-9.921153280840795 14.06082322429180;18.49497479378925;-1.980118694115502 2.882925785647348;8.142823342037381;19.41018863835873;3.362616995668638;17.20860343452430
34;13;-28.69651750410511 4.086034521396603;-28.69651750410511 4.086034521396603;-28.69651750410511 4.086034521396603;21.08466507978184;-1.980118694115502 2.882925785647348;8.142823342037381;19.41018863835873;3.362616995668638;28.98595858296661
34;14;13.06645348721556 16.11821395280656;13.06645348721556 16.11821395280656;12.98912377190575 16.03679260851320;18.95880385204291;-1.980118694115502 2.882925785647348;8.142823342037381;19.41018863835873;3.362616995668638;20.74919342437233
34;15;-9.983727979839646 -6.980445674068357;-9.983727979839646 -6.980445674068357;-9.983727979839646 -6.980445674068357;16.44596710011549;-1.980118694115502 2.882925785647348;8.142823342037381;19.41018863835873;3.362616995668638;12.18201322376776
34;16;-14.16254246399816 15.60488969931510;-14.16254246399816 15.60488969931510;-14.02205527158201 15.86909976695235;19.41159926478535;-1.980118694115502 2.882925785647348;8.142823342037381;19.41018863835873;3.362616995668638;21.07344754833299
34;17;-21.00883858128043 19.77123873354069;-21.00883858128043 19.77123873354069;-21.00883858128043 19.77123873354069;20.61931744733809;-1.980118694115502 2.882925785647348;8.142823342037381;19.41018863835873;3.362616995668638;28.84914521425127
34;18;-5.030776273546366 -8.010330546247765;-5.045776285353558 -8.681885254382195;-5.030776273546366 -8.010330546247765;14.77915653623989;-1.980118694115502 2.882925785647348;8.142823342037381;19.41018863835873;3.362616995668638;10.04166270555307
34;19;24.53975878940203 -29.22141365897084;24.53975878940203 -29.22141365897084;24.53975878940203 -29.22141365897084;21.95405449236174;-1.980118694115502 2.882925785647348;8.142823342037381;19.41018863835873;3.362616995668638;38.15875754883434
35;0;-16.74644287665145 -9.729316818636054;-16.74644287665145 -9.729316818636054;-16.74644287665145 -9.729316818636054;20.49872374400197;-1.980118694115502 2.882925785647348;8.142823342037381;19.43565177808685;3.371751259129336;19.36757482955325
35;1;3.758401985151634 20.51227812055018;3.758401985151634 20.51227812055018;4.058386101385703 20.96663532214607;19.14171099827978;-1.980118694115502 2.882925785647348;8.142823342037381;19.43565177808685;3.371751259129336;20.85375599686525
35;2;-29.98214325899238 8.327981521014780;-29.98214325899238 8.327981521014780;-29.98214325899238 8.327981521014780;21.17394452959714;-1.980118694115502 2.882925785647348;8.142823342037381;19.43565177808685;3.371751259129336;31.11726515324099
35;3;15.61033424437028 1.786541992438582;15.61033424437028 1.786541992438582;15.61033424437028 1.786541992438582;19.78776303508934;-1.980118694115502 2.882925785647348;8.142823342037381;19.43565177808685;3.371751259129336;15.71223305299746
35;4;-1.980118694115502 2.882925785647348;-1.980118694115502 2.882925785647348;-1.980118694115502 2.882925785647348;8.142823342037381;-1.980118694115502 2.882925785647348;8.142823342037381;19.43565177808685;3.371751259129336;3.497446372474646
35;5;25.27901308263394 -15.42827279828214;25.42462868402800 -16.10728998110496;25.43966947154967 -15.03913011763964;21.39144588485693;-1.980118694115502 2.882925785647348;8.142823342037381;19.43565177808685;3.371751259129336;30.09745062718940
35;6;11.65503792602562 -8.686958165824361;11.65503792602562 -8.686958165824361;11.65503792602562 -8.686958165824361;19.53572108881212;-1.980118694115502 2.882925785647348;8.142823342037381;19.43565177808685;3.371751259129336;14.53627019671409
35;7;22.29702766373933 -1.494678122454615;22.29702766373933 -1.494678122454615;22.00311376135862 -2.036547148673992;19.15697147005296;-1.980118694115502 2.882925785647348;8.142823342037381;19.43565177808685;3.371751259129336;22.34706927825887
35;8;30.53565443919148 -31.47094434200928;30.53565443919148 -31.47094434200928;30.53565443919148 -31.47094434200928;22.30213586276853;-1.980118694115502 2.882925785647348;8.142823342037381;19.43565177808685;3.371751259129336;43.85027399923015
35;9;-5.894916220115789 -4.908945242037799;-5.894916220115789 -4.908945242037799;-5.894916220115789 -4.908945242037799;13.69956412512603;-1.980118694115502 2.882925785647348;8.142823342037381;19.43565177808685;3.371751259129336;7.671230711659621
35;10;24.33011882394117 24.53593381527749;24.33011882394117 24.53593381527749;24.11422770470350 24.25727067591554;21.13519105104544;-1.980118694115502 2.882925785647348;8.142823342037381;19.43565177808685;3.371751259129336;34.55382366938244
35;11;22.31512769630545 9.309985704063822;22.31512769630545 9.309985704063822;22.80539325336843 9.124189434371658;20.40630493096825;-1.980118694115502 2.882925785647348;8.142823342037381;19.43565177808685;3.371751259129336;24.17934568825822
35;12;-9.921153280840795 14.06082322429180;-9.921153280840795 14.06082322429180;-9.921153280840795 14.06082322429180;18.49497479378925;-1.980118694115502 2.882925785647348;8.142823342037381;19.43565177808685;3.371751259129336;17.20860343452430
35;13;-28.69651750410511 4.086034521396603;-28.69651750410511 4.086034521396603;-28.69651750410511 4.086034521396603;21.08466507978184;-1.980118694115502 2.882925785647348;8.142823342037381;19.43565177808685;3.371751259129336;28.98595858296661
35;14;13.06645348721556 16.11821395280656;13.06645348721556 16.11821395280656;12.98912377190575 16.03679260851320;18.95880385204291;-1.980118694115502 2.882925785647348;8.142823342037381;19.43565177808685;3.371751259129336;20.74919342437233
35;15;-9.983727979839646 -6.980445674068357;-9.983727979839646 -6.980445674068357;-9.983727979839646 -6.980445674068357;16.44596710011549;-1.980118694115502 2.882925785647348;8.142823342037381;19.43565177808685;3.371751259129336;12.18201322376776
35;16;-14.16254246399816 15.60488969931510;-14.16254246399816 15.60488969931510;-14.02205527158201 15.86909976695235;19.41159926478535;-1.980118694115502 2.882925785647348;8.142823342037381;19.43565177808685;3.371751259129336;21.07344754833299
35;17;-21.00883858128043 19.77123873354069;-20.52667783981918 20.10812194653025;-21.00883858128043 19.77123873354069;20.61931744733809;-1.980118694115502 2.882925785647348;8.142823342037381;19.43565177808685;3.371751259129336;28.73466671733388
35;18;-5.045776285353558 -8.681885254382195;-5.045776285353558 -8.681885254382195;-5.030776273546366 -8.010330546247765;14.77915653623989;-1.980118694115502 2.882925785647348;8.142823342037381;19.43565177808685;3.371751259129336;10.04166270555307
35;19;24.53975878940203 -29.22141365897084;24.53975878940203 -29.22141365897084;24.53975878940203 -29.22141365897084;21.95405449236174;-1.980118694115502 2.882925785647348;8.142823342037381;19.43565177808685;3.371751259129336;38.15875754883434
36;0;-16.74644287665145 -9.729316818636054;-16.74644287665145 -9.729316818636054;-16.74644287665145 -9.729316818636054;20.49872374400197;-1.980118694115502 2.882925785647348;8.142823342037381;19.44726709628978;3.378828408344307;19.36757482955325
36;1;3.758401985151634 20.51227812055018;3.758401985151634 20.51227812055018;4.058386101385703 20.96663532214607;19.14171099827978;-1.980118694115502 2.882925785647348;8.142823342037381;19.44726709628978;3.378828408344307;20.85375599686525
36;2;-29.98214325899238 8.327981521014780;-29.98214325899238 8.327981521014780;-29.98214325899238 8.327981521014780;21.17394452959714;-1.980118694115502 2.882925785647348;8.142823342037381;19.44726709628978;3.378828408344307;31.11726515324099
36;3;15.61033424437028 1.786541992438582;15.61033424437028 1.786541992438582;15.61033424437028 1.786541992438582;19.78776303508934;-1.980118694115502 2.882925785647348;8.142823342037381;19.44726709628978;3.378828408344307;15.71223305299746
36;4;-1.980118694115502 2.882925785647348;-1.980118694115502 2.882925785647348;-1.980118694115502 2.882925785647348;8.142823342037381;-1.980118694115502 2.882925785647348;8.142823342037381;19.44726709628978;3.378828408344307;3.497446372474646
36;5;25.42462868402800 -16.10728998110496;25.42462868402800 -16.10728998110496;25.43966947154967 -15.03913011763964;21.39144588485693;-1.980118694115502 2.882925785647348;8.142823342037381;19.44726709628978;3.378828408344307;30.09745062718940
36;6;11.65503792602562 -8.686958165824361;11.65503792602562 -8.686958165824361;11.65503792602562 -8.686958165824361;19.53572108881212;-1.980118694115502 2.882925785647348;8.142823342037381;19.44726709628978;3.378828408344307;14.53627019671409
36;7;22.29702766373933 -1.494678122454615;22.29702766373933 -1.494678122454615;22.00311376135862 -2.036547148673992;19.15697147005296;-1.980118694115502 2.882925785647348;8.142823342037381;19.44726709628978;3.378828408344307;22.34706927825887
36;8;30.53565443919148 -31.47094434200928;30.53565443919148 -31.47094434200928;30.53565443919148 -31.47094434200928;22.30213586276853;-1.980118694115502 2.882925785647348;8.142823342037381;19.44726709628978;3.378828408344307;43.85027399923015
36;9;-5.894916220115789 -4.908945242037799;-5.894916220115789 -4.908945242037799;-5.894916220115789 -4.908945242037799;13.69956412512603;-1.980118694115502 2.882925785647348;8.142823342037381;19.44726709628978;3.378828408344307;7.671230711659621
36;10;24.33011882394117 24.53593381527749;24.33011882394117 24.53593381527749;24.11422770470350 24.25727067591554;21.13519105104544;-1.980118694115502 2.882925785647348;8.142823342037381;19.44726709628978;3.378828408344307;34.55382366938244
36;11;22.31512769630545 9.309985704063822;22.42540925977500 9.644569376366574;22.80539325336843 9.124189434371658;20.40630493096825;-1.980118694115502 2.882925785647348;8.142823342037381;19.44726709628978;3.378828408344307;24.41140509933728
36;12;-9.921153280840795 14.06082322429180;-9.921153280840795 14.06082322429180;-9.921153280840795 14.06082322429180;18.49497479378925;-1.980118694115502 2.882925785647348;8.142823342037381;19.44726709628978;3.378828408344307;17.20860343452430
36;13;-28.69651750410511 4.086034521396603;-28.69651750410511 4.086034521396603;-28.69651750410511 4.086034521396603;21.08466507978184;-1.980118694115502 2.882925785647348;8.142823342037381;19.44726709628978;3.378828408344307;28.98595858296661
36;14;13.06645348721556 16.11821395280656;13.06645348721556 16.11821395280656;12.98912377190575 16.03679260851320;18.95880385204291;-1.980118694115502 2.882925785647348;8.142823342037381;19.44726709628978;3.378828408344307;20.74919342437233
36;15;-9.983727979839646 -6.980445674068357;-9.983727979839646 -6.980445674068357;-9.983727979839646 -6.980445674068357;16.44596710011549;-1.980118694115502 2.882925785647348;8.142823342037381;19.44726709628978;3.378828408344307;12.18201322376776
36;16;-14.16254246399816 15.60488969931510;-14.16254246399816 15.60488969931510;-14.02205527158201 15.86909976695235;19.41159926478535;-1.980118694115502 2.882925785647348;8.142823342037381;19.44726709628978;3.378828408344307;21.07344754833299
36;17;-20.52667783981918 20.10812194653025;-20.52667783981918 20.10812194653025;-21.00883858128043 19.77123873354069;20.61931744733809;-1.980118694115502 2.882925785647348;8.142823342037381;19.44726709628978;3.378828408344307;28.73466671733388
36;18;-5.045776285353558 -8.681885254382195;-5.045776285353558 -8.681885254382195;-5.030776273546366 -8.010330546247765;14.77915653623989;-1.980118694115502 2.882925785647348;8.142823342037381;19.44726709628978;3.378828408344307;10.04166270555307
36;19;24.53975878940203 -29.22141365897084;24.53975878940203 -29.22141365897084;24.53975878940203 -29.22141365897084;21.95405449236174;-1.980118694115502 2.882925785647348;8.142823342037381;19.44726709628978;3.378828408344307;38.15875754883434
37;0;-16.74644287665145 -9.729316818636054;-16.74644287665145 -9.729316818636054;-16.74644287665145 -9.729316818636054;20.49872374400197;-1.980118694115502 2.882925785647348;8.142823342037381;19.45251123632422;3.379434146257666;19.36757482955325
37;1;3.758401985151634 20.51227812055018;3.758401985151634 20.51227812055018;4.058386101385703 20.96663532214607;19.14171099827978;-1.980118694115502 2.882925785647348;8.142823342037381;19.45251123632422;3.379434146257666;20.85375599686525
37;2;-29.98214325899238 8.327981521014780;-29.98214325899238 8.327981521014780;-29.98214325899238 8.327981521014780;21.17394452959714;-1.980118694115502 2.882925785647348;8.142823342037381;19.45251123632422;3.379434146257666;31.11726515324099
37;3;15.61033424437028 1.786541992438582;15.28550103289778 1.529757609446983;15.61033424437028 1.786541992438582;19.78776303508934;-1.980118694115502 2.882925785647348;8.142823342037381;19.45251123632422;3.379434146257666;15.36185861705478
37;4;-1.980118694115502 2.882925785647348;-1.980118694115502 2.882925785647348;-1.980118694115502 2.882925785647348;8.142823342037381;-1.980118694115502 2.882925785647348;8.142823342037381;19.45251123632422;3.379434146257666;3.497446372474646
37;5;25.42462868402800 -16.10728998110496;25.42462868402800 -16.10728998110496;25.43966947154967 -15.03913011763964;21.39144588485693;-1.980118694115502 2.882925785647348;8.142823342037381;19.45251123632422;3.379434146257666;30.09745062718940
37;6;11.65503792602562 -8.686958165824361;11.65503792602562 -8.686958165824361;11.65503792602562 -8.686958165824361;19.53572108881212;-1.980118694115502 2.882925785647348;8.142823342037381;19.45251123632422;3.379434146257666;14.53627019671409
37;7;22.29702766373933 -1.494678122454615;22.29702766373933 -1.494678122454615;22.00311376135862 -2.036547148673992;19.15697147005296;-1.980118694115502 2.882925785647348;8.142823342037381;19.45251123632422;3.379434146257666;22.34706927825887
37;8;30.53565443919148 -31.47094434200928;30.53565443919148 -31.47094434200928;30.53565443919148 -31.47094434200928;22.30213586276853;-1.980118694115502 2.882925785647348;8.142823342037381;19.45251123632422;3.379434146257666;43.85027399923015
37;9;-5.894916220115789 -4.908945242037799;-5.894916220115789 -4.908945242037799;-5.894916220115789 -4.908945242037799;13.69956412512603;-1.980118694115502 2.882925785647348;8.142823342037381;19.45251123632422;3.379434146257666;7.671230711659621
37;10;24.33011882394117 24.53593381527749;24.33011882394117 24.53593381527749;24.11422770470350 24.25727067591554;21.13519105104544;-1.980118694115502 2.882925785647348;8.142823342037381;19.45251123632422;3.379434146257666;34.55382366938244
37;11;22.42540925977500 9.644569376366574;22.42540925977500 9.644569376366574;22.80539325336843 9.124189434371658;20.40630493096825;-1.980118694115502 2.882925785647348;8.142823342037381;19.45251123632422;3.379434146257666;24.41140509933728
37;12;-9.921153280840795 14.06082322429180;-9.921153280840795 14.06082322429180;-9.921153280840795 14.06082322429180;18.49497479378925;-1.980118694115502 2.882925785647348;8.142823342037381;19.45251123632422;3.379434146257666;17.20860343452430
37;13;-28.69651750410511 4.086034521396603;-28.69651750410511 4.086034521396603;-28.69651750410511 4.086034521396603;21.08466507978184;-1.980118694115502 2.882925785647348;8.142823342037381;19.45251123632422;3.379434146257666;28.98595858296661
37;14;13.06645348721556 16.11821395280656;13.06645348721556 16.11821395280656;12.98912377190575 16.03679260851320;18.95880385204291;-1.980118694115502 2.882925785647348;8.142823342037381;19.45251123632422;3.379434146257666;20.74919342437233
37;15;-9.983727979839646 -6.980445674068357;-9.983727979839646 -6.980445674068357;-9.983727979839646 -6.980445674068357;16.44596710011549;-1.980118694115502 2.882925785647348;8.142823342037381;19.45251123632422;3.379434146257666;12.18201322376776
37;16;-14.16254246399816 15.60488969931510;-14.16254246399816 15.60488969931510;-14.02205527158201 15.86909976695235;19.41159926478535;-1.980118694115502 2.882925785647348;8.142823342037381;19.45251123632422;3.379434146257666;21.07344754833299
37;17;-20.52667783981918 20.10812194653025;-20.52667783981918 20.10812194653025;-21.00883858128043 19.77123873354069;20.61931744733809;-1.980118694115502 2.882925785647348;8.142823342037381;19.45251123632422;3.379434146257666;28.73466671733388
37;18;-5.045776285353558 -8.681885254382195;-5.045776285353558 -8.681885254382195;-5.030776273546366 -8.010330546247765;14.77915653623989;-1.980118694115502 2.882925785647348;8.142823342037381;19.45251123632422;3.379434146257666;10.04166270555307
37;19;24.53975878940203 -29.22141365897084;24.53975878940203 -29.22141365897084;24.53975878940203 -29.22141365897084;21.95405449236174;-1.980118694115502 2.882925785647348;8.142823342037381;19.45251123632422;3.379434146257666;38.15875754883434
38;0;-16.74644287665145 -9.729316818636054;-16.74644287665145 -9.729316818636054;-16.74644287665145 -9.729316818636054;20.49872374400197;-1.980118694115502 2.882925785647348;8.142823342037381;19.42605349494449;3.330427054670692;19.36757482955325
38;1;3.758401985151634 20.51227812055018;3.758401985151634 20.51227812055018;4.058386101385703 20.96663532214607;19.14171099827978;-1.980118694115502 2.882925785647348;8.142823342037381;19.42605349494449;3.330427054670692;20.85375599686525
38;2;-29.98214325899238 8.327981521014780;-29.98214325899238 8.327981521014780;-29.98214325899238 8.327981521014780;21.17394452959714;-1.980118694115502 2.882925785647348;8.142823342037381;19.42605349494449;3.330427054670692;31.11726515324099
38;3;15.28550103289778 1.529757609446983;15.28550103289778 1.529757609446983;15.61033424437028 1.786541992438582;19.78776303508934;-1.980118694115502 2.882925785647348;8.142823342037381;19.42605349494449;3.330427054670692;15.36185861705478
38;4;-1.980118694115502 2.882925785647348;-1.585480103023380 2.346228821244354;-1.980118694115502 2.882925785647348;8.142823342037381;-1.980118694115502 2.882925785647348;8.142823342037381;19.42605349494449;3.330427054670692;2.831702109813230
38;5;25.42462868402800 -16.10728998110496;25.42462868402800 -16.10728998110496;25.43966947154967 -15.03913011763964;21.39144588485693;-1.980118694115502 2.882925785647348;8.142823342037381;19.42605349494449;3.330427054670692;30.09745062718940
38;6;11.65503792602562 -8.686958165824361;11.65503792602562 -8.686958165824361;11.65503792602562 -8.686958165824361;19.53572108881212;-1.980118694115502 2.882925785647348;8.142823342037381;19.42605349494449;3.330427054670692;14.53627019671409
38;7;22.29702766373933 -1.494678122454615;22.29702766373933 -1.494678122454615;22.00311376135862 -2.036547148673992;19.15697147005296;-1.980118694115502 2.882925785647348;8.142823342037381;19.42605349494449;3.330427054670692;22.34706927825887
38;8;30.53565443919148 -31.47094434200928;30.53565443919148 -31.47094434200928;30.53565443919148 -31.47094434200928;22.30213586276853;-1.980118694115502 2.882925785647348;8.142823342037381;19.42605349494449;3.330427054670692;43.85027399923015
38;9;-5.894916220115789 -4.908945242037799;-5.894916220115789 -4.908945242037799;-5.894916220115789 -4.908945242037799;13.69956412512603;-1.980118694115502 2.882925785647348;8.142823342037381;19.42605349494449;3.330427054670692;7.671230711659621
38;10;24.33011882394117 24.53593381527749;24.33011882394117 24.53593381527749;24.11422770470350 24.25727067591554;21.13519105104544;-1.980118694115502 2.882925785647348;8.142823342037381;19.42605349494449;3.330427054670692;34.55382366938244
38;11;22.42540925977500 9.644569376366574;22.42540925977500 9.644569376366574;22.80539325336843 9.124189434371658;20.40630493096825;-1.980118694115502 2.882925785647348;8.142823342037381;19.42605349494449;3.330427054670692;24.41140509933728
38;12;-9.921153280840795 14.06082322429180;-9.921153280840795 14.06082322429180;-9.921153280840795 14.06082322429180;18.49497479378925;-1.980118694115502 2.882925785647348;8.142823342037381;19.42605349494449;3.330427054670692;17.20860343452430
38;13;-28.69651750410511 4.086034521396603;-28.69651750410511 4.086034521396603;-28.69651750410511 4.086034521396603;21.08466507978184;-1.980118694115502 2.882925785647348;8.142823342037381;19.42605349494449;3.330427054670692;28.98595858296661
38;14;13.06645348721556 16.11821395280656;13.06645348721556 16.11821395280656;12.98912377190575 16.03679260851320;18.95880385204291;-1.980118694115502 2.882925785647348;8.142823342037381;19.42605349494449;3.330427054670692;20.74919342437233
38;15;-9.983727979839646 -6.980445674068357;-9.983727979839646 -6.980445674068357;-9.983727979839646 -6.980445674068357;16.44596710011549;-1.980118694115502 2.882925785647348;8.142823342037381;19.42605349494449;3.330427054670692;12.18201322376776
38;16;-14.16254246399816 15.60488969931510;-14.16254246399816 15.60488969931510;-14.02205527158201 15.86909976695235;19.41159926478535;-1.980118694115502 2.882925785647348;8.142823342037381;19.42605349494449;3.330427054670692;21.07344754833299
38;17;-20.52667783981918 20.10812194653025;-20.52667783981918 20.10812194653025;-21.00883858128043 19.77123873354069;20.61931744733809;-1.980118694115502 2.882925785647348;8.142823342037381;19.42605349494449;3.330427054670692;28.73466671733388
38;18;-5.045776285353558 -8.681885254382195;-5.022300648091804 -8.978104728721492;-5.030776273546366 -8.010330546247765;14.77915653623989;-1.980118694115502 2.882925785647348;8.142823342037381;19.42605349494449;3.330427054670692;10.28736449824320
38;19;24.53975878940203 -29.22141365897084;24.53975878940203 -29.22141365897084;24.53975878940203 -29.22141365897084;21.95405449236174;-1.980118694115502 2.882925785647348;8.142823342037381;19.42605349494449;3.330427054670692;38.15875754883434
39;0;-16.74644287665145 -9.729316818636054;-16.74644287665145 -9.729316818636054;-16.74644287665145 -9.729316818636054;20.49872374400197;-1.980118694115502 2.882925785647348;8.142823342037381;19.41597505883624;3.329304619121611;19.36757482955325
39;1;3.758401985151634 20.51227812055018;3.758401985151634 20.51227812055018;4.058386101385703 20.96663532214607;19.14171099827978;-1.980118694115502 2.882925785647348;8.142823342037381;19.41597505883624;3.329304619121611;20.85375599686525
39;2;-29.98214325899238 8.327981521014780;-29.98214325899238 8.327981521014780;-29.98214325899238 8.327981521014780;21.17394452959714;-1.980118694115502 2.882925785647348;8.142823342037381;19.41597505883624;3.329304619121611;31.11726515324099
39;3;15.28550103289778 1.529757609446983;15.56618734069895 0.8372049026858692;15.56618734069895 0.8372049026858692;19.69107711361309;-1.980118694115502 2.882925785647348;8.142823342037381;19.41597505883624;3.329304619121611;15.58868501108472
39;4;-1.585480103023380 2.346228821244354;-1.585480103023380 2.346228821244354;-1.980118694115502 2.882925785647348;8.142823342037381;-1.980118694115502 2.882925785647348;8.142823342037381;19.41597505883624;3.329304619121611;2.831702109813230
39;5;25.42462868402800 -16.10728998110496;25.42462868402800 -16.10728998110496;25.43966947154967 -15.03913011763964;21.39144588485693;-1.980118694115502 2.882925785647348;8.142823342037381;19.41597505883624;3.329304619121611;30.09745062718940
39;6;11.65503792602562 -8.686958165824361;11.65503792602562 -8.686958165824361;11.65503792602562 -8.686958165824361;19.53572108881212;-1.980118694115502 2.882925785647348;8.142823342037381;19.41597505883624;3.329304619121611;14.53627019671409
39;7;22.29702766373933 -1.494678122454615;22.29702766373933 -1.494678122454615;22.00311376135862 -2.036547148673992;19.15697147005296;-1.980118694115502 2.882925785647348;8.142823342037381;19.41597505883624;3.329304619121611;22.34706927825887
39;8;30.53565443919148 -31.47094434200928;30.53565443919148 -31.47094434200928;30.53565443919148 -31.47094434200928;22.30213586276853;-1.980118694115502 2.882925785647348;8.142823342037381;19.41597505883624;3.329304619121611;43.85027399923015
39;9;-5.894916220115789 -4.908945242037799;-5.894916220115789 -4.908945242037799;-5.894916220115789 -4.908945242037799;13.69956412512603;-1.980118694115502 2.882925785647348;8.142823342037381;19.41597505883624;3.329304619121611;7.671230711659621
39;10;24.33011882394117 24.53593381527749;24.33011882394117 24.53593381527749;24.11422770470350 24.25727067591554;21.13519105104544;-1.980118694115502 2.882925785647348;8.142823342037381;19.41597505883624;3.329304619121611;34.55382366938244
39;11;22.42540925977500 9.644569376366574;22.42540925977500 9.644569376366574;22.80539325336843 9.124189434371658;20.40630493096825;-1.980118694115502 2.882925785647348;8.142823342037381;19.41597505883624;3.329304619121611;24.41140509933728
39;12;-9.921153280840795 14.06082322429180;-9.921153280840795 14.06082322429180;-9.921153280840795 14.06082322429180;18.49497479378925;-1.980118694115502 2.882925785647348;8.142823342037381;19.41597505883624;3.329304619121611;17.20860343452430
39;13;-28.69651750410511 4.086034521396603;-28.69651750410511 4.086034521396603;-28.69651750410511 4.086034521396603;21.08466507978184;-1.980118694115502 2.882925785647348;8.142823342037381;19.41597505883624;3.329304619121611;28.98595858296661
39;14;13.06645348721556 16.11821395280656;13.06645348721556 16.11821395280656;12.98912377190575 16.03679260851320;18.95880385204291;-1.980118694115502 2.882925785647348;8.142823342037381;19.41597505883624;3.329304619121611;20.74919342437233
39;15;-9.983727979839646 -6.980445674068357;-9.983727979839646 -6.980445674068357;-9.983727979839646 -6.980445674068357;16.44596710011549;-1.980118694115502 2.882925785647348;8.142823342037381;19.41597505883624;3.329304619121611;12.18201322376776
39;16;-14.16254246399816 15.60488969931510;-14.16254246399816 15.60488969931510;-14.02205527158201 15.86909976695235;19.41159926478535;-1.980118694115502 2.882925785647348;8.142823342037381;19.41597505883624;3.329304619121611;21.07344754833299
39;17;-20.52667783981918 20.10812194653025;-20.52667783981918 20.10812194653025;-21.00883858128043 19.77123873354069;20.61931744733809;-1.980118694115502 2.882925785647348;8.142823342037381;19.41597505883624;3.329304619121611;28.73466671733388
39;18;-5.022300648091804 -8.978104728721492;-5.022300648091804 -8.978104728721492;-5.030776273546366 -8.010330546247765;14.77915653623989;-1.980118694115502 2.882925785647348;8.142823342037381;19.41597505883624;3.329304619121611;10.28736449824320
39;19;24.53975878940203 -29.22141365897084;24.53975878940203 -29.22141365897084;24.53975878940203 -29.22141365897084;21.95405449236174;-1.980118694115502 2.882925785647348;8.142823342037381;19.41597505883624;3.329304619121611;38.15875754883434
40;0;-16.74644287665145 -9.729316818636054;-16.06216491430313 -10.47100744316342;-16.06216491430313 -10.47100744316342;20.41861327927781;-1.980118694115502 2.882925785647348;8.142823342037381;19.41004809003730;3.326590045131602;19.17381387750111
40;1;3.758401985151634 20.51227812055018;3.758401985151634 20.51227812055018;4.058386101385703 20.96663532214607;19.14171099827978;-1.980118694115502 2.882925785647348;8.142823342037381;19.41004809003730;3.326590045131602;20.85375599686525
40;2;-29.98214325899238 8.327981521014780;-29.98214325899238 8.327981521014780;-29.98214325899238 8.327981521014780;21.17394452959714;-1.980118694115502 2.882925785647348;8.142823342037381;19.41004809003730;3.326590045131602;31.11726515324099
40;3;15.56618734069895 0.8372049026858692;15.56618734069895 0.8372049026858692;15.56618734069895 0.8372049026858692;19.69107711361309;-1.980118694115502 2.882925785647348;8.142823342037381;19.41004809003730;3.326590045131602;15.58868501108472
40;4;-1.585480103023380 2.346228821244354;-1.585480103023380 2.346228821244354;-1.980118694115502 2.882925785647348;8.142823342037381;-1.980118694115502 2.882925785647348;8.142823342037381;19.41004809003730;3.326590045131602;2.831702109813230
40;5;25.42462868402800 -16.10728998110496;25.42462868402800 -16.10728998110496;25.43966947154967 -15.03913011763964;21.39144588485693;-1.980118694115502 2.882925785647348;8.142823342037381;19.41004809003730;3.326590045131602;30.09745062718940
40;6;11.65503792602562 -8.686958165824361;11.65503792602562 -8.686958165824361;11.65503792602562 -8.686958165824361;19.53572108881212;-1.980118694115502 2.882925785647348;8.142823342037381;19.41004809003730;3.326590045131602;14.53627019671409
40;7;22.29702766373933 -1.494678122454615;22.29702766373933 -1.494678122454615;22.00311376135862 -2.036547148673992;19.15697147005296;-1.980118694115502 2.882925785647348;8.142823342037381;19.41004809003730;3.326590045131602;22.34706927825887
40;8;30.53565443919148 -31.47094434200928;30.53565443919148 -31.47094434200928;30.53565443919148 -31.47094434200928;22.30213586276853;-1.980118694115502 2.882925785647348;8.142823342037381;19.41004809003730;3.326590045131602;43.85027399923015
40;9;-5.894916220115789 -4.908945242037799;-5.894916220115789 -4.908945242037799;-5.894916220115789 -4.908945242037799;13.69956412512603;-1.980118694115502 2.882925785647348;8.142823342037381;19.41004809003730;3.326590045131602;7.671230711659621
40;10;24.33011882394117 24.53593381527749;24.33011882394117 24.53593381527749;24.11422770470350 24.25727067591554;21.13519105104544;-1.980118694115502 2.882925785647348;8.142823342037381;19.41004809003730;3.326590045131602;34.55382366938244
40;11;22.42540925977500 9.644569376366574;22.42540925977500 9.644569376366574;22.80539325336843 9.124189434371658;20.40630493096825;-1.980118694115502 2.882925785647348;8.142823342037381;19.41004809003730;3.326590045131602;24.41140509933728
40;12;-9.921153280840795 14.06082322429180;-9.921153280840795 14.06082322429180;-9.921153280840795 14.06082322429180;18.49497479378925;-1.980118694115502 2.882925785647348;8.142823342037381;19.41004809003730;3.326590045131602;17.20860343452430
40;13;-28.69651750410511 4.086034521396603;-28.69651750410511 4.086034521396603;-28.69651750410511 4.086034521396603;21.08466507978184;-1.980118694115502 2.882925785647348;8.142823342037381;19.41004809003730;3.326590045131602;28.98595858296661
40;14;13.06645348721556 16.11821395280656;13.06645348721556 16.11821395280656;12.98912377190575 16.03679260851320;18.95880385204291;-1.980118694115502 2.882925785647348;8.142823342037381;19.41004809003730;3.326590045131602;20.74919342437233
40;15;-9.983727979839646 -6.980445674068357;-9.983727979839646 -6.980445674068357;-9.983727979839646 -6.980445674068357;16.44596710011549;-1.980118694115502 2.882925785647348;8.142823342037381;19.41004809003730;3.326590045131602;12.18201322376776
40;16;-14.16254246399816 15.60488969931510;-14.16254246399816 15.60488969931510;-14.02205527158201 15.86909976695235;19.41159926478535;-1.980118694115502 2.882925785647348;8.142823342037381;19.41004809003730;3.326590045131602;21.07344754833299
40;17;-20.52667783981918 20.10812194653025;-20.52667783981918 20.10812194653025;-21.00883858128043 19.77123873354069;20.61931744733809;-1.980118694115502 2.882925785647348;8.142823342037381;19.41004809003730;3.326590045131602;28.73466671733388
40;18;-5.022300648091804 -8.978104728721492;-5.022300648091804 -8.978104728721492;-5.030776273546366 -8.010330546247765;14.77915653623989;-1.980118694115502 2.882925785647348;8.142823342037381;19.41004809003730;3.326590045131602;10.28736449824320
40;19;24.53975878940203 -29.22141365897084;24.27170175228848 -29.34197659459968;24.27170175228848 -29.34197659459968;21.91562558110721;-1.980118694115502 2.882925785647348;8.142823342037381;19.41004809003730;3.326590045131602;38.07974653841696
41;0;-16.06216491430313 -10.47100744316342;-16.06216491430313 -10.47100744316342;-16.06216491430313 -10.47100744316342;20.41861327927781;-1.980118694115502 2.882925785647348;8.142823342037381;19.38077306058794;3.316542089177939;19.17381387750111
41;1;3.758401985151634 20.51227812055018;3.758401985151634 20.51227812055018;4.058386101385703 20.96663532214607;19.14171099827978;-1.980118694115502 2.882925785647348;8.142823342037381;19.38077306058794;3.316542089177939;20.85375599686525
41;2;-29.98214325899238 8.327981521014780;-29.98214325899238 8.327981521014780;-29.98214325899238 8.327981521014780;21.17394452959714;-1.980118694115502 2.882925785647348;8.142823342037381;19.38077306058794;3.316542089177939;31.11726515324099
41;3;15.56618734069895 0.8372049026858692;15.56618734069895 0.8372049026858692;15.56618734069895 0.8372049026858692;19.69107711361309;-1.980118694115502 2.882925785647348;8.142823342037381;19.38077306058794;3.316542089177939;15.58868501108472
41;4;-1.585480103023380 2.346228821244354;-1.585480103023380 2.346228821244354;-1.980118694115502 2.882925785647348;8.142823342037381;-1.980118694115502 2.882925785647348;8.142823342037381;19.38077306058794;3.316542089177939;2.831702109813230
41;5;25.42462868402800 -16.10728998110496;25.42462868402800 -16.10728998110496;25.43966947154967 -15.03913011763964;21.39144588485693;-1.980118694115502 2.882925785647348;8.142823342037381;19.38077306058794;3.316542089177939;30.09745062718940
41;6;11.65503792602562 -8.686958165824361;11.65503792602562 -8.686958165824361;11.65503792602562 -8.686958165824361;19.53572108881212;-1.980118694115502 2.882925785647348;8.142823342037381;19.38077306058794;3.316542089177939;14.53627019671409
41;7;22.29702766373933 -1.494678122454615;22.29702766373933 -1.494678122454615;22.00311376135862 -2.036547148673992;19.15697147005296;-1.980118694115502 2.882925785647348;8.142823342037381;19.38077306058794;3.316542089177939;22.34706927825887
41;8;30.53565443919148 -31.47094434200928;30.53565443919148 -31.47094434200928;30.53565443919148 -31.47094434200928;22.30213586276853;-1.980118694115502 2.882925785647348;8.142823342037381;19.38077306058794;3.316542089177939;43.85027399923015
41;9;-5.894916220115789 -4.908945242037799;-5.894916220115789 -4.908945242037799;-5.894916220115789 -4.908945242037799;13.69956412512603;-1.980118694115502 2.882925785647348;8.142823342037381;19.38077306058794;3.316542089177939;7.671230711659621
41;10;24.33011882394117 24.53593381527749;24.33011882394117 24.53593381527749;24.11422770470350 24.25727067591554;21.13519105104544;-1.980118694115502 2.882925785647348;8.142823342037381;19.38077306058794;3.316542089177939;34.55382366938244
41;11;22.42540925977500 9.644569376366574;22.42540925977500 9.644569376366574;22.80539325336843 9.124189434371658;20.40630493096825;-1.980118694115502 2.882925785647348;8.142823342037381;19.38077306058794;3.316542089177939;24.41140509933728
41;12;-9.921153280840795 14.06082322429180;-9.921153280840795 14.06082322429180;-9.921153280840795 14.06082322429180;18.49497479378925;-1.980118694115502 2.882925785647348;8.142823342037381;19.38077306058794;3.316542089177939;17.20860343452430
41;13;-28.69651750410511 4.086034521396603;-28.69651750410511 4.086034521396603;-28.69651750410511 4.086034521396603;21.08466507978184;-1.980118694115502 2.882925785647348;8.142823342037381;19.38077306058794;3.316542089177939;28.98595858296661
41;14;13.06645348721556 16.11821395280656;13.06645348721556 16.11821395280656;12.98912377190575 16.03679260851320;18.95880385204291;-1.980118694115502 2.882925785647348;8.142823342037381;19.38077306058794;3.316542089177939;20.74919342437233
41;15;-9.983727979839646 -6.980445674068357;-9.983727979839646 -6.980445674068357;-9.983727979839646 -6.980445674068357;16.44596710011549;-1.980118694115502 2.882925785647348;8.142823342037381;19.38077306058794;3.316542089177939;12.18201322376776
41;16;-14.16254246399816 15.60488969931510;-13.91554244675716 15.73089588256657;-14.02205527158201 15.86909976695235;19.41159926478535;-1.980118694115502 2.882925785647348;8.142823342037381;19.38077306058794;3.316542089177939;21.00246192368052
41;17;-20.52667783981918 20.10812194653025;-20.52667783981918 20.10812194653025;-21.00883858128043 19.77123873354069;20.61931744733809;-1.980118694115502 2.882925785647348;8.142823342037381;19.38077306058794;3.316542089177939;28.73466671733388
41;18;-5.022300648091804 -8.978104728721492;-5.022300648091804 -8.978104728721492;-5.030776273546366 -8.010330546247765;14.77915653623989;-1.980118694115502 2.882925785647348;8.142823342037381;19.38077306058794;3.316542089177939;10.28736449824320
41;19;24.27170175228848 -29.34197659459968;24.27170175228848 -29.34197659459968;24.27170175228848 -29.34197659459968;21.91562558110721;-1.980118694115502 2.882925785647348;8.142823342037381;19.38077306058794;3.316542089177939;38.07974653841696
42;0;-16.06216491430313 -10.47100744316342;-16.06216491430313 -10.47100744316342;-16.06216491430313 -10.47100744316342;20.41861327927781;-1.980118694115502 2.882925785647348;8.142823342037381;19.38764331151020;3.316998236291866;19.17381387750111
42;1;3.758401985151634 20.51227812055018;3.758401985151634 20.51227812055018;4.058386101385703 20.96663532214607;19.14171099827978;-1.980118694115502 2.882925785647348;8.142823342037381;19.38764331151020;3.316998236291866;20.85375599686525
42;2;-29.98214325899238 8.327981521014780;-29.98214325899238 8.327981521014780;-29.98214325899238 8.327981521014780;21.17394452959714;-1.980118694115502 2.882925785647348;8.142823342037381;19.38764331151020;3.316998236291866;31.11726515324099
42;3;15.56618734069895 0.8372049026858692;15.56618734069895 0.8372049026858692;15.56618734069895 0.8372049026858692;19.69107711361309;-1.980118694115502 2.882925785647348;8.142823342037381;19.38764331151020;3.316998236291866;15.58868501108472
42;4;-1.585480103023380 2.346228821244354;-1.585480103023380 2.346228821244354;-1.980118694115502 2.882925785647348;8.142823342037381;-1.980118694115502 2.882925785647348;8.142823342037381;19.38764331151020;3.316998236291866;2.831702109813230
42;5;25.42462868402800 -16.10728998110496;25.42462868402800 -16.10728998110496;25.43966947154967 -15.03913011763964;21.39144588485693;-1.980118694115502 2.882925785647348;8.142823342037381;19.38764331151020;3.316998236291866;30.09745062718940
42;6;11.65503792602562 -8.686958165824361;11.43950745148385 -8.505699969190760;11.65503792602562 -8.686958165824361;19.53572108881212;-1.980118694115502 2.882925785647348;8.142823342037381;19.38764331151020;3.316998236291866;14.25514863824457
42;7;22.29702766373933 -1.494678122454615;22.29702766373933 -1.494678122454615;22.00311376135862 -2.036547148673992;19.15697147005296;-1.980118694115502 2.882925785647348;8.142823342037381;19.38764331151020;3.316998236291866;22.34706927825887
42;8;30.53565443919148 -31.47094434200928;30.53565443919148 -31.47094434200928;30.53565443919148 -31.47094434200928;22.30213586276853;-1.980118694115502 2.882925785647348;8.142823342037381;19.38764331151020;3.316998236291866;43.85027399923015
42;9;-5.894916220115789 -4.908945242037799;-5.894916220115789 -4.908945242037799;-5.894916220115789 -4.908945242037799;13.69956412512603;-1.980118694115502 2.882925785647348;8.142823342037381;19.38764331151020;3.316998236291866;7.671230711659621
42;10;24.33011882394117 24.53593381527749;24.33011882394117 24.53593381527749;24.11422770470350 24.25727067591554;21.13519105104544;-1.980118694115502 2.882925785647348;8.142823342037381;19.38764331151020;3.316998236291866;34.55382366938244
42;11;22.42540925977500 9.644569376366574;22.42540925977500 9.644569376366574;22.80539325336843 9.124189434371658;20.40630493096825;-1.980118694115502 2.882925785647348;8.142823342037381;19.38764331151020;3.316998236291866;24.41140509933728
42;12;-9.921153280840795 14.06082322429180;-9.921153280840795 14.06082322429180;-9.921153280840795 14.06082322429180;18.49497479378925;-1.980118694115502 2.882925785647348;8.142823342037381;19.38764331151020;3.316998236291866;17.20860343452430
42;13;-28.69651750410511 4.086034521396603;-28.69651750410511 4.086034521396603;-28.69651750410511 4.086034521396603;21.08466507978184;-1.980118694115502 2.882925785647348;8.142823342037381;19.38764331151020;3.316998236291866;28.98595858296661
42;14;13.06645348721556 16.11821395280656;13.06645348721556 16.11821395280656;12.98912377190575 16.03679260851320;18.95880385204291;-1.980118694115502 2.882925785647348;8.142823342037381;19.38764331151020;3.316998236291866;20.74919342437233
42;15;-9.983727979839646 -6.980445674068357;-9.983727979839646 -6.980445674068357;-9.983727979839646 -6.980445674068357;16.44596710011549;-1.980118694115502 2.882925785647348;8.142823342037381;19.38764331151020;3.316998236291866;12.18201322376776
42;16;-13.91554244675716 15.73089588256657;-13.91554244675716 15.73089588256657;-14.02205527158201 15.86909976695235;19.41159926478535;-1.980118694115502 2.882925785647348;8.142823342037381;19.38764331151020;3.316998236291866;21.00246192368052
42;17;-20.52667783981918 20.10812194653025;-20.52667783981918 20.10812194653025;-21.00883858128043 19.77123873354069;20.61931744733809;-1.980118694115502 2.882925785647348;8.142823342037381;19.38764331151020;3.316998236291866;28.73466671733388
42;18;-5.022300648091804 -8.978104728721492;-5.022300648091804 -8.978104728721492;-5.030776273546366 -8.010330546247765;14.77915653623989;-1.980118694115502 2.882925785647348;8.142823342037381;19.38764331151020;3.316998236291866;10.28736449824320
42;19;24.27170175228848 -29.34197659459968;24.27170175228848 -29.34197659459968;24.27170175228848 -29.34197659459968;21.91562558110721;-1.980118694115502 2.882925785647348;8.142823342037381;19.38764331151020;3.316998236291866;38.07974653841696
43;0;-16.06216491430313 -10.47100744316342;-16.06216491430313 -10.47100744316342;-16.06216491430313 -10.47100744316342;20.41861327927781;-1.980118694115502 2.882925785647348;8.142823342037381;19.36299793661694;3.304165551800204;19.17381387750111
43;1;3.758401985151634 20.51227812055018;3.758401985151634 20.51227812055018;4.058386101385703 20.96663532214607;19.14171099827978;-1.980118694115502 2.882925785647348;8.142823342037381;19.36299793661694;3.304165551800204;20.85375599686525
43;2;-29.98214325899238 8.327981521014780;-29.98214325899238 8.327981521014780;-29.98214325899238 8.327981521014780;21.17394452959714;-1.980118694115502 2.882925785647348;8.142823342037381;19.36299793661694;3.304165551800204;31.11726515324099
43;3;15.56618734069895 0.8372049026858692;15.56618734069895 0.8372049026858692;15.56618734069895 0.8372049026858692;19.69107711361309;-1.980118694115502 2.882925785647348;8.142823342037381;19.36299793661694;3.304165551800204;15.58868501108472
43;4;-1.585480103023380 2.346228821244354;-1.585480103023380 2.346228821244354;-1.980118694115502 2.882925785647348;8.142823342037381;-1.980118694115502 2.882925785647348;8.142823342037381;19.36299793661694;3.304165551800204;2.831702109813230
43;5;25.42462868402800 -16.10728998110496;25.42462868402800 -16.10728998110496;25.43966947154967 -15.03913011763964;21.39144588485693;-1.980118694115502 2.882925785647348;8.142823342037381;19.36299793661694;3.304165551800204;30.09745062718940
43;6;11.43950745148385 -8.505699969190760;11.43950745148385 -8.505699969190760;11.65503792602562 -8.686958165824361;19.53572108881212;-1.980118694115502 2.882925785647348;8.142823342037381;19.36299793661694;3.304165551800204;14.25514863824457
43;7;22.29702766373933 -1.494678122454615;22.39610158304748 -0.9100999211178026;22.00311376135862 -2.036547148673992;19.15697147005296;-1.980118694115502 2.882925785647348;8.142823342037381;19.36299793661694;3.304165551800204;22.41458560813918
43;8;30.53565443919148 -31.47094434200928;30.53565443919148 -31.47094434200928;30.53565443919148 -31.47094434200928;22.30213586276853;-1.980118694115502 2.882925785647348;8.142823342037381;19.36299793661694;3.304165551800204;43.85027399923015
43;9;-5.894916220115789 -4.908945242037799;-5.894916220115789 -4.908945242037799;-5.894916220115789 -4.908945242037799;13.69956412512603;-1.980118694115502 2.882925785647348;8.142823342037381;19.36299793661694;3.304165551800204;7.671230711659621
43;10;24.33011882394117 24.53593381527749;24.33011882394117 24.53593381527749;24.11422770470350 24.25727067591554;21.13519105104544;-1.980118694115502 2.882925785647348;8.142823342037381;19.36299793661694;3.304165551800204;34.55382366938244
43;11;22.42540925977500 9.644569376366574;22.42540925977500 9.644569376366574;22.80539325336843 9.124189434371658;20.40630493096825;-1.980118694115502 2.882925785647348;8.142823342037381;19.36299793661694;3.304165551800204;24.41140509933728
43;12;-9.921153280840795 14.06082322429180;-9.921153280840795 14.06082322429180;-9.921153280840795 14.06082322429180;18.49497479378925;-1.980118694115502 2.882925785647348;8.142823342037381;19.36299793661694;3.304165551800204;17.20860343452430
43;13;-28.69651750410511 4.086034521396603;-28.69651750410511 4.086034521396603;-28.69651750410511 4.086034521396603;21.08466507978184;-1.980118694115502 2.882925785647348;8.142823342037381;19.36299793661694;3.304165551800204;28.98595858296661
43;14;13.06645348721556 16.11821395280656;13.06645348721556 16.11821395280656;12.98912377190575 16.03679260851320;18.95880385204291;-1.980118694115502 2.882925785647348;8.142823342037381;19.36299793661694;3.304165551800204;20.74919342437233
43;15;-9.983727979839646 -6.980445674068357;-9.983727979839646 -6.980445674068357;-9.983727979839646 -6.980445674068357;16.44596710011549;-1.980118694115502 2.882925785647348;8.142823342037381;19.36299793661694;3.304165551800204;12.18201322376776
43;16;-13.91554244675716 15.73089588256657;-13.91554244675716 15.73089588256657;-14.02205527158201 15.86909976695235;19.41159926478535;-1.980118694115502 2.882925785647348;8.142823342037381;19.36299793661694;3.304165551800204;21.00246192368052
43;17;-20.52667783981918 20.10812194653025;-20.52667783981918 20.10812194653025;-21.00883858128043 19.77123873354069;20.61931744733809;-1.980118694115502 2.882925785647348;8.142823342037381;19.36299793661694;3.304165551800204;28.73466671733388
43;18;-5.022300648091804 -8.978104728721492;-5.022300648091804 -8.978104728721492;-5.030776273546366 -8.010330546247765;14.77915653623989;-1.980118694115502 2.882925785647348;8.142823342037381;19.36299793661694;3.304165551800204;10.28736449824320
43;19;24.27170175228848 -29.34197659459968;24.27170175228848 -29.34197659459968;24.27170175228848 -29.34197659459968;21.91562558110721;-1.980118694115502 2.882925785647348;8.142823342037381;19.36299793661694;3.304165551800204;38.07974653841696
44;0;-16.06216491430313 -10.47100744316342;-16.06216491430313 -10.47100744316342;-16.06216491430313 -10.47100744316342;20.41861327927781;-1.980118694115502 2.882925785647348;8.142823342037381;19.37089631762930;3.290779752819994;19.17381387750111
44;1;3.758401985151634 20.51227812055018;3.758401985151634 20.51227812055018;4.058386101385703 20.96663532214607;19.14171099827978;-1.980118694115502 2.882925785647348;8.142823342037381;19.37089631762930;3.290779752819994;20.85375599686525
44;2;-29.98214325899238 8.327981521014780;-29.98214325899238 8.327981521014780;-29.98214325899238 8.327981521014780;21.17394452959714;-1.980118694115502 2.882925785647348;8.142823342037381;19.37089631762930;3.290779752819994;31.11726515324099
44;3;15.56618734069895 0.8372049026858692;15.56618734069895 0.8372049026858692;15.56618734069895 0.8372049026858692;19.69107711361309;-1.980118694115502 2.882925785647348;8.142823342037381;19.37089631762930;3.290779752819994;15.58868501108472
44;4;-1.585480103023380 2.346228821244354;-1.585480103023380 2.346228821244354;-1.980118694115502 2.882925785647348;8.142823342037381;-1.980118694115502 2.882925785647348;8.142823342037381;19.37089631762930;3.290779752819994;2.831702109813230
44;5;25.42462868402800 -16.10728998110496;25.42462868402800 -16.10728998110496;25.43966947154967 -15.03913011763964;21.39144588485693;-1.980118694115502 2.882925785647348;8.142823342037381;19.37089631762930;3.290779752819994;30.09745062718940
44;6;11.43950745148385 -8.505699969190760;11.43950745148385 -8.505699969190760;11.65503792602562 -8.686958165824361;19.53572108881212;-1.980118694115502 2.882925785647348;8.142823342037381;19.37089631762930;3.290779752819994;14.25514863824457
44;7;22.39610158304748 -0.9100999211178026;22.39610158304748 -0.9100999211178026;22.00311376135862 -2.036547148673992;19.15697147005296;-1.980118694115502 2.882925785647348;8.142823342037381;19.37089631762930;3.290779752819994;22.41458560813918
44;8;30.53565443919148 -31.47094434200928;30.53565443919148 -31.47094434200928;30.53565443919148 -31.47094434200928;22.30213586276853;-1.980118694115502 2.882925785647348;8.142823342037381;19.37089631762930;3.290779752819994;43.85027399923015
44;9;-5.894916220115789 -4.908945242037799;-5.875571806895084 -4.884496414656606;-5.894916220115789 -4.908945242037799;13.69956412512603;-1.980118694115502 2.882925785647348;8.142823342037381;19.37089631762930;3.290779752819994;7.640723086382178
44;10;24.33011882394117 24.53593381527749;24.33011882394117 24.53593381527749;24.11422770470350 24.25727067591554;21.13519105104544;-1.980118694115502 2.882925785647348;8.142823342037381;19.37089631762930;3.290779752819994;34.55382366938244
44;11;22.42540925977500 9.644569376366574;22.42540925977500 9.644569376366574;22.80539325336843 9.124189434371658;20.40630493096825;-1.980118694115502 2.882925785647348;8.142823342037381;19.37089631762930;3.290779752819994;24.41140509933728
44;12;-9.921153280840795 14.06082322429180;-9.921153280840795 14.06082322429180;-9.921153280840795 14.06082322429180;18.49497479378925;-1.980118694115502 2.882925785647348;8.142823342037381;19.37089631762930;3.290779752819994;17.20860343452430
44;13;-28.69651750410511 4.086034521396603;-28.69651750410511 4.086034521396603;-28.69651750410511 4.086034521396603;21.08466507978184;-1.980118694115502 2.882925785647348;8.142823342037381;19.37089631762930;3.290779752819994;28.98595858296661
44;14;13.06645348721556 16.11821395280656;13.06645348721556 16.11821395280656;12.98912377190575 16.03679260851320;18.95880385204291;-1.980118694115502 2.882925785647348;8.142823342037381;19.37089631762930;3.290779752819994;20.74919342437233
44;15;-9.983727979839646 -6.980445674068357;-9.983727979839646 -6.980445674068357;-9.983727979839646 -6.980445674068357;16.44596710011549;-1.980118694115502 2.882925785647348;8.142823342037381;19.37089631762930;3.290779752819994;12.18201322376776
44;16;-13.91554244675716 15.73089588256657;-13.91554244675716 15.73089588256657;-14.02205527158201 15.86909976695235;19.41159926478535;-1.980118694115502 2.882925785647348;8.142823342037381;19.37089631762930;3.290779752819994;21.00246192368052
44;17;-20.52667783981918 20.10812194653025;-20.52667783981918 20.10812194653025;-21.00883858128043 19.77123873354069;20.61931744733809;-1.980118694115502 2.882925785647348;8.142823342037381;19.37089631762930;3.290779752819994;28.73466671733388
44;18;-5.022300648091804 -8.978104728721492;-5.022300648091804 -8.978104728721492;-5.030776273546366 -8.010330546247765;14.77915653623989;-1.980118694115502 2.882925785647348;8.142823342037381;19.37089631762930;3.290779752819994;10.28736449824320
44;19;24.27170175228848 -29.34197659459968;24.27170175228848 -29.34197659459968;24.27170175228848 -29.34197659459968;21.91562558110721;-1.980118694115502 2.882925785647348;8.142823342037381;19.37089631762930;3.290779752819994;38.07974653841696
45;0;-16.06216491430313 -10.47100744316342;-15.61045744352631 -10.35781783996828;-16.06216491430313 -10.47100744316342;20.41861327927781;-1.980118694115502 2.882925785647348;8.142823342037381;19.39030192867799;3.298037224521133;18.73421394139907
45;1;3.758401985151634 20.51227812055018;3.758401985151634 20.51227812055018;4.058386101385703 20.96663532214607;19.14171099827978;-1.980118694115502 2.882925785647348;8.142823342037381;19.39030192867799;3.298037224521133;20.85375599686525
45;2;-29.98214325899238 8.327981521014780;-29.98214325899238 8.327981521014780;-29.98214325899238 8.327981521014780;21.17394452959714;-1.980118694115502 2.882925785647348;8.142823342037381;19.39030192867799;3.298037224521133;31.11726515324099
45;3;15.56618734069895 0.8372049026858692;15.56618734069895 0.8372049026858692;15.56618734069895 0.8372049026858692;19.69107711361309;-1.980118694115502 2.882925785647348;8.142823342037381;19.39030192867799;3.298037224521133;15.58868501108472
45;4;-1.585480103023380 2.346228821244354;-1.585480103023380 2.346228821244354;-1.980118694115502 2.882925785647348;8.142823342037381;-1.980118694115502 2.882925785647348;8.142823342037381;19.39030192867799;3.298037224521133;2.831702109813230
45;5;25.42462868402800 -16.10728998110496;25.42462868402800 -16.10728998110496;25.43966947154967 -15.03913011763964;21.39144588485693;-1.980118694115502 2.882925785647348;8.142823342037381;19.39030192867799;3.298037224521133;30.09745062718940
45;6;11.43950745148385 -8.505699969190760;11.43950745148385 -8.505699969190760;11.65503792602562 -8.686958165824361;19.53572108881212;-1.980118694115502 2.882925785647348;8.142823342037381;19.39030192867799;3.298037224521133;14.25514863824457
45;7;22.39610158304748 -0.9100999211178026;22.39610158304748 -0.9100999211178026;22.00311376135862 -2.036547148673992;19.15697147005296;-1.980118694115502 2.882925785647348;8.142823342037381;19.39030192867799;3.298037224521133;22.41458560813918
45;8;30.53565443919148 -31.47094434200928;30.53565443919148 -31.47094434200928;30.53565443919148 -31.47094434200928;22.30213586276853;-1.980118694115502 2.882925785647348;8.142823342037381;19.39030192867799;3.298037224521133;43.85027399923015
45;9;-5.875571806895084 -4.884496414656606;-5.875571806895084 -4.884496414656606;-5.894916220115789 -4.908945242037799;13.69956412512603;-1.980118694115502 2.882925785647348;8.142823342037381;19.39030192867799;3.298037224521133;7.640723086382178
45;10;24.33011882394117 24.53593381527749;24.33011882394117 24.53593381527749;24.11422770470350 24.25727067591554;21.13519105104544;-1.980118694115502 2.882925785647348;8.142823342037381;19.39030192867799;3.298037224521133;34.55382366938244
45;11;22.42540925977500 9.644569376366574;22.42540925977500 9.644569376366574;22.80539325336843 9.124189434371658;20.40630493096825;-1.980118694115502 2.882925785647348;8.142823342037381;19.39030192867799;3.298037224521133;24.41140509933728
45;12;-9.921153280840795 14.06082322429180;-9.921153280840795 14.06082322429180;-9.921153280840795 14.06082322429180;18.49497479378925;-1.980118694115502 2.882925785647348;8.142823342037381;19.39030192867799;3.298037224521133;17.20860343452430
45;13;-28.69651750410511 4.086034521396603;-28.69651750410511 4.086034521396603;-28.69651750410511 4.086034521396603;21.08466507978184;-1.980118694115502 2.882925785647348;8.142823342037381;19.39030192867799;3.298037224521133;28.98595858296661
45;14;13.06645348721556 16.11821395280656;13.06645348721556 16.11821395280656;12.98912377190575 16.03679260851320;18.95880385204291;-1.980118694115502 2.882925785647348;8.142823342037381;19.39030192867799;3.298037224521133;20.74919342437233
45;15;-9.983727979839646 -6.980445674068357;-9.983727979839646 -6.980445674068357;-9.983727979839646 -6.980445674068357;16.44596710011549;-1.980118694115502 2.882925785647348;8.142823342037381;19.39030192867799;3.298037224521133;12.18201322376776
45;16;-13.91554244675716 15.73089588256657;-13.91554244675716 15.73089588256657;-14.02205527158201 15.86909976695235;19.41159926478535;-1.980118694115502 2.882925785647348;8.142823342037381;19.39030192867799;3.298037224521133;21.00246192368052
45;17;-20.52667783981918 20.10812194653025;-20.52667783981918 20.10812194653025;-21.00883858128043 19.77123873354069;20.61931744733809;-1.980118694115502 2.882925785647348;8.142823342037381;19.39030192867799;3.298037224521133;28.73466671733388
45;18;-5.022300648091804 -8.978104728721492;-5.022300648091804 -8.978104728721492;-5.030776273546366 -8.010330546247765;14.77915653623989;-1.980118694115502 2.882925785647348;8.142823342037381;19.39030192867799;3.298037224521133;10.28736449824320
45;19;24.27170175228848 -29.34197659459968;24.27170175228848 -29.34197659459968;24.27170175228848 -29.34197659459968;21.91562558110721;-1.980118694115502 2.882925785647348;8.142823342037381;19.39030192867799;3.298037224521133;38.07974653841696
46;0;-15.61045744352631 -10.35781783996828;-15.61045744352631 -10.35781783996828;-16.06216491430313 -10.47100744316342;20.41861327927781;-1.980118694115502 2.882925785647348;8.142823342037381;19.38415065507866;3.293432942397968;18.73421394139907
46;1;3.758401985151634 20.51227812055018;3.758401985151634 20.51227812055018;4.058386101385703 20.96663532214607;19.14171099827978;-1.980118694115502 2.882925785647348;8.142823342037381;19.38415065507866;3.293432942397968;20.85375599686525
46;2;-29.98214325899238 8.327981521014780;-29.98214325899238 8.327981521014780;-29.98214325899238 8.327981521014780;21.17394452959714;-1.980118694115502 2.882925785647348;8.142823342037381;19.38415065507866;3.293432942397968;31.11726515324099
46;3;15.56618734069895 0.8372049026858692;15.56618734069895 0.8372049026858692;15.56618734069895 0.8372049026858692;19.69107711361309;-1.980118694115502 2.882925785647348;8.142823342037381;19.38415065507866;3.293432942397968;15.58868501108472
46;4;-1.585480103023380 2.346228821244354;-1.585480103023380 2.346228821244354;-1.980118694115502 2.882925785647348;8.142823342037381;-1.980118694115502 2.882925785647348;8.142823342037381;19.38415065507866;3.293432942397968;2.831702109813230
46;5;25.42462868402800 -16.10728998110496;25.42462868402800 -16.10728998110496;25.43966947154967 -15.03913011763964;21.39144588485693;-1.980118694115502 2.882925785647348;8.142823342037381;19.38415065507866;3.293432942397968;30.09745062718940
46;6;11.43950745148385 -8.505699969190760;11.43950745148385 -8.505699969190760;11.65503792602562 -8.686958165824361;19.53572108881212;-1.980118694115502 2.882925785647348;8.142823342037381;19.38415065507866;3.293432942397968;14.25514863824457
46;7;22.39610158304748 -0.9100999211178026;22.39610158304748 -0.9100999211178026;22.00311376135862 -2.036547148673992;19.15697147005296;-1.980118694115502 2.882925785647348;8.142823342037381;19.38415065507866;3.293432942397968;22.41458560813918
46;8;30.53565443919148 -31.47094434200928;30.53565443919148 -31.47094434200928;30.53565443919148 -31.47094434200928;22.30213586276853;-1.980118694115502 2.882925785647348;8.142823342037381;19.38415065507866;3.293432942397968;43.85027399923015
46;9;-5.875571806895084 -4.884496414656606;-5.875571806895084 -4.884496414656606;-5.894916220115789 -4.908945242037799;13.69956412512603;-1.980118694115502 2.882925785647348;8.142823342037381;19.38415065507866;3.293432942397968;7.640723086382178
46;10;24.33011882394117 24.53593381527749;24.33011882394117 24.53593381527749;24.11422770470350 24.25727067591554;21.13519105104544;-1.980118694115502 2.882925785647348;8.142823342037381;19.38415065507866;3.293432942397968;34.55382366938244
46;11;22.42540925977500 9.644569376366574;22.42540925977500 9.644569376366574;22.80539325336843 9.124189434371658;20.40630493096825;-1.980118694115502 2.882925785647348;8.142823342037381;19.38415065507866;3.293432942397968;24.41140509933728
46;12;-9.921153280840795 14.06082322429180;-9.921153280840795 14.06082322429180;-9.921153280840795 14.06082322429180;18.49497479378925;-1.980118694115502 2.882925785647348;8.142823342037381;19.38415065507866;3.293432942397968;17.20860343452430
46;13;-28.69651750410511 4.086034521396603;-28.69651750410511 4.086034521396603;-28.69651750410511 4.086034521396603;21.08466507978184;-1.980118694115502 2.882925785647348;8.142823342037381;19.38415065507866;3.293432942397968;28.98595858296661
46;14;13.06645348721556 16.11821395280656;13.06645348721556 16.11821395280656;12.98912377190575 16.03679260851320;18.95880385204291;-1.980118694115502 2.882925785647348;8.142823342037381;19.38415065507866;3.293432942397968;20.74919342437233
46;15;-9.983727979839646 -6.980445674068357;-9.983727979839646 -6.980445674068357;-9.983727979839646 -6.980445674068357;16.44596710011549;-1.980118694115502 2.882925785647348;8.142823342037381;19.38415065507866;3.293432942397968;12.18201322376776
46;16;-13.91554244675716 15.73089588256657;-13.91554244675716 15.73089588256657;-14.02205527158201 15.86909976695235;19.41159926478535;-1.980118694115502 2.882925785647348;8.142823342037381;19.38415065507866;3.293432942397968;21.00246192368052
46;17;-20.52667783981918 20.10812194653025;-20.52667783981918 20.10812194653025;-21.00883858128043 19.77123873354069;20.61931744733809;-1.980118694115502 2.882925785647348;8.142823342037381;19.38415065507866;3.293432942397968;28.73466671733388
46;18;-5.022300648091804 -8.978104728721492;-5.022300648091804 -8.978104728721492;-5.030776273546366 -8.010330546247765;14.77915653623989;-1.980118694115502 2.882925785647348;8.142823342037381;19.38415065507866;3.293432942397968;10.28736449824320
46;19;24.27170175228848 -29.34197659459968;23.78654682882071 -29.35244813236717;23.78654682882071 -29.35244813236717;21.79260010912058;-1.980118694115502 2.882925785647348;8.142823342037381;19.38415065507866;3.293432942397968;37.78049789776446
47;0;-15.61045744352631 -10.35781783996828;-15.61045744352631 -10.35781783996828;-16.06216491430313 -10.47100744316342;20.41861327927781;-1.980118694115502 2.882925785647348;8.142823342037381;19.44583516162605;3.287749745070184;18.73421394139907
47;1;3.758401985151634 20.51227812055018;3.758401985151634 20.51227812055018;4.058386101385703 20.96663532214607;19.14171099827978;-1.980118694115502 2.882925785647348;8.142823342037381;19.44583516162605;3.287749745070184;20.85375599686525
47;2;-29.98214325899238 8.327981521014780;-29.98214325899238 8.327981521014780;-29.98214325899238 8.327981521014780;21.17394452959714;-1.980118694115502 2.882925785647348;8.142823342037381;19.44583516162605;3.287749745070184;31.11726515324099
47;3;15.56618734069895 0.8372049026858692;15.56618734069895 0.8372049026858692;15.56618734069895 0.8372049026858692;19.69107711361309;-1.980118694115502 2.882925785647348;8.142823342037381;19.44583516162605;3.287749745070184;15.58868501108472
47;4;-1.585480103023380 2.346228821244354;-1.585480103023380 2.346228821244354;-1.980118694115502 2.882925785647348;8.142823342037381;-1.980118694115502 2.882925785647348;8.142823342037381;19.44583516162605;3.287749745070184;2.831702109813230
47;5;25.42462868402800 -16.10728998110496;25.42462868402800 -16.10728998110496;25.43966947154967 -15.03913011763964;21.39144588485693;-1.980118694115502 2.882925785647348;8.142823342037381;19.44583516162605;3.287749745070184;30.09745062718940
47;6;11.43950745148385 -8.505699969190760;11.43950745148385 -8.505699969190760;11.65503792602562 -8.686958165824361;19.53572108881212;-1.980118694115502 2.882925785647348;8.142823342037381;19.44583516162605;3.287749745070184;14.25514863824457
47;7;22.39610158304748 -0.9100999211178026;22.39610158304748 -0.9100999211178026;22.00311376135862 -2.036547148673992;19.15697147005296;-1.980118694115502 2.882925785647348;8.142823342037381;19.44583516162605;3.287749745070184;22.41458560813918
47;8;30.53565443919148 -31.47094434200928;30.53565443919148 -31.47094434200928;30.53565443919148 -31.47094434200928;22.30213586276853;-1.980118694115502 2.882925785647348;8.142823342037381;19.44583516162605;3.287749745070184;43.85027399923015
47;9;-5.875571806895084 -4.884496414656606;-5.875571806895084 -4.884496414656606;-5.894916220115789 -4.908945242037799;13.69956412512603;-1.980118694115502 2.882925785647348;8.142823342037381;19.44583516162605;3.287749745070184;7.640723086382178
47;10;24.33011882394117 24.53593381527749;24.33011882394117 24.53593381527749;24.11422770470350 24.25727067591554;21.13519105104544;-1.980118694115502 2.882925785647348;8.142823342037381;19.44583516162605;3.287749745070184;34.55382366938244
47;11;22.42540925977500 9.644569376366574;22.42540925977500 9.644569376366574;22.80539325336843 9.124189434371658;20.40630493096825;-1.980118694115502 2.882925785647348;8.142823342037381;19.44583516162605;3.287749745070184;24.41140509933728
47;12;-9.921153280840795 14.06082322429180;-9.652884501636157 14.05909113280601;-9.921153280840795 14.06082322429180;18.49497479378925;-1.980118694115502 2.882925785647348;8.142823342037381;19.44583516162605;3.287749745070184;17.05392103542386
47;13;-28.69651750410511 4.086034521396603;-28.69651750410511 4.086034521396603;-28.69651750410511 4.086034521396603;21.08466507978184;-1.980118694115502 2.882925785647348;8.142823342037381;19.44583516162605;3.287749745070184;28.98595858296661
47;14;13.06645348721556 16.11821395280656;13.06645348721556 16.11821395280656;12.98912377190575 16.03679260851320;18.95880385204291;-1.980118694115502 2.882925785647348;8.142823342037381;19.44583516162605;3.287749745070184;20.74919342437233
47;15;-9.983727979839646 -6.980445674068357;-9.983727979839646 -6.980445674068357;-9.983727979839646 -6.980445674068357;16.44596710011549;-1.980118694115502 2.882925785647348;8.142823342037381;19.44583516162605;3.287749745070184;12.18201322376776
47;16;-13.91554244675716 15.73089588256657;-13.91554244675716 15.73089588256657;-14.02205527158201 15.86909976695235;19.41159926478535;-1.980118694115502 2.882925785647348;8.142823342037381;19.44583516162605;3.287749745070184;21.00246192368052
47;17;-20.52667783981918 20.10812194653025;-20.52667783981918 20.10812194653025;-21.00883858128043 19.77123873354069;20.61931744733809;-1.980118694115502 2.882925785647348;8.142823342037381;19.44583516162605;3.287749745070184;28.73466671733388
47;18;-5.022300648091804 -8.978104728721492;-5.022300648091804 -8.978104728721492;-5.030776273546366 -8.010330546247765;14.77915653623989;-1.980118694115502 2.882925785647348;8.142823342037381;19.44583516162605;3.287749745070184;10.28736449824320
47;19;23.78654682882071 -29.35244813236717;23.78654682882071 -29.35244813236717;23.78654682882071 -29.35244813236717;21.79260010912058;-1.980118694115502 2.882925785647348;8.142823342037381;19.44583516162605;3.287749745070184;37.78049789776446
48;0;-15.61045744352631 -10.35781783996828;-15.61045744352631 -10.35781783996828;-16.06216491430313 -10.47100744316342;20.41861327927781;-1.980118694115502 2.882925785647348;8.142823342037381;19.42118065535223;3.274658148347364;18.73421394139907
48;1;3.758401985151634 20.51227812055018;4.289883182740236 20.00149191741699;4.058386101385703 20.96663532214607;19.14171099827978;-1.980118694115502 2.882925785647348;8.142823342037381;19.42118065535223;3.274658148347364;20.45636274228766
48;2;-29.98214325899238 8.327981521014780;-29.98214325899238 8.327981521014780;-29.98214325899238 8.327981521014780;21.17394452959714;-1.980118694115502 2.882925785647348;8.142823342037381;19.42118065535223;3.274658148347364;31.11726515324099
48;3;15.56618734069895 0.8372049026858692;15.58361720713842 1.614354140350180;15.56618734069895 0.8372049026858692;19.69107711361309;-1.980118694115502 2.882925785647348;8.142823342037381;19.42118065535223;3.274658148347364;15.66701198534955
48;4;-1.585480103023380 2.346228821244354;-1.585480103023380 2.346228821244354;-1.980118694115502 2.882925785647348;8.142823342037381;-1.980118694115502 2.882925785647348;8.142823342037381;19.42118065535223;3.274658148347364;2.831702109813230
48;5;25.42462868402800 -16.10728998110496;25.42462868402800 -16.10728998110496;25.43966947154967 -15.03913011763964;21.39144588485693;-1.980118694115502 2.882925785647348;8.142823342037381;19.42118065535223;3.274658148347364;30.09745062718940
48;6;11.43950745148385 -8.505699969190760;11.43950745148385 -8.505699969190760;11.65503792602562 -8.686958165824361;19.53572108881212;-1.980118694115502 2.882925785647348;8.142823342037381;19.42118065535223;3.274658148347364;14.25514863824457
48;7;22.39610158304748 -0.9100999211178026;22.39610158304748 -0.9100999211178026;22.00311376135862 -2.036547148673992;19.15697147005296;-1.980118694115502 2.882925785647348;8.142823342037381;19.42118065535223;3.274658148347364;22.41458560813918
48;8;30.53565443919148 -31.47094434200928;30.53565443919148 -31.47094434200928;30.53565443919148 -31.47094434200928;22.30213586276853;-1.980118694115502 2.882925785647348;8.142823342037381;19.42118065535223;3.274658148347364;43.85027399923015
48;9;-5.875571806895084 -4.884496414656606;-5.875571806895084 -4.884496414656606;-5.894916220115789 -4.908945242037799;13.69956412512603;-1.980118694115502 2.882925785647348;8.142823342037381;19.42118065535223;3.274658148347364;7.640723086382178
48;10;24.33011882394117 24.53593381527749;24.33011882394117 24.53593381527749;24.11422770470350 24.25727067591554;21.13519105104544;-1.980118694115502 2.882925785647348;8.142823342037381;19.42118065535223;3.274658148347364;34.55382366938244
48;11;22.42540925977500 9.644569376366574;22.42540925977500 9.644569376366574;22.80539325336843 9.124189434371658;20.40630493096825;-1.980118694115502 2.882925785647348;8.142823342037381;19.42118065535223;3.274658148347364;24.41140509933728
48;12;-9.652884501636157 14.05909113280601;-9.652884501636157 14.05909113280601;-9.921153280840795 14.06082322429180;18.49497479378925;-1.980118694115502 2.882925785647348;8.142823342037381;19.42118065535223;3.274658148347364;17.05392103542386
48;13;-28.69651750410511 4.086034521396603;-28.69651750410511 4.086034521396603;-28.69651750410511 4.086034521396603;21.08466507978184;-1.980118694115502 2.882925785647348;8.142823342037381;19.42118065535223;3.274658148347364;28.98595858296661
48;14;13.06645348721556 16.11821395280656;13.06645348721556 16.11821395280656;12.98912377190575 16.03679260851320;18.95880385204291;-1.980118694115502 2.882925785647348;8.142823342037381;19.42118065535223;3.274658148347364;20.74919342437233
48;15;-9.983727979839646 -6.980445674068357;-9.983727979839646 -6.980445674068357;-9.983727979839646 -6.980445674068357;16.44596710011549;-1.980118694115502 2.882925785647348;8.142823342037381;19.42118065535223;3.274658148347364;12.18201322376776
48;16;-13.91554244675716 15.73089588256657;-13.91554244675716 15.73089588256657;-14.02205527158201 15.86909976695235;19.41159926478535;-1.980118694115502 2.882925785647348;8.142823342037381;19.42118065535223;3.274658148347364;21.00246192368052
48;17;-20.52667783981918 20.10812194653025;-20.52667783981918 20.10812194653025;-21.00883858128043 19.77123873354069;20.61931744733809;-1.980118694115502 2.882925785647348;8.142823342037381;19.42118065535223;3.274658148347364;28.73466671733388
48;18;-5.022300648091804 -8.978104728721492;-5.022300648091804 -8.978104728721492;-5.030776273546366 -8.010330546247765;14.77915653623989;-1.980118694115502 2.882925785647348;8.142823342037381;19.42118065535223;3.274658148347364;10.28736449824320
48;19;23.78654682882071 -29.35244813236717;23.78654682882071 -29.35244813236717;23.78654682882071 -29.35244813236717;21.79260010912058;-1.980118694115502 2.882925785647348;8.142823342037381;19.42118065535223;3.274658148347364;37.78049789776446
49;0;-15.61045744352631 -10.35781783996828;-15.61045744352631 -10.35781783996828;-16.06216491430313 -10.47100744316342;20.41861327927781;-1.980118694115502 2.882925785647348;8.142823342037381;19.32525939467214;3.240964679510198;18.73421394139907
49;1;4.289883182740236 20.00149191741699;4.289883182740236 20.00149191741699;4.058386101385703 20.96663532214607;19.14171099827978;-1.980118694115502 2.882925785647348;8.142823342037381;19.32525939467214;3.240964679510198;20.45636274228766
49;2;-29.98214325899238 8.327981521014780;-29.98214325899238 8.327981521014780;-29.98214325899238 8.327981521014780;21.17394452959714;-1.980118694115502 2.882925785647348;8.142823342037381;19.32525939467214;3.240964679510198;31.11726515324099
49;3;15.58361720713842 1.614354140350180;15.58361720713842 1.614354140350180;15.56618734069895 0.8372049026858692;19.69107711361309;-1.980118694115502 2.882925785647348;8.142823342037381;19.32525939467214;3.240964679510198;15.66701198534955
49;4;-1.585480103023380 2.346228821244354;-1.585480103023380 2.346228821244354;-1.980118694115502 2.882925785647348;8.142823342037381;-1.980118694115502 2.882925785647348;8.142823342037381;19.32525939467214;3.240964679510198;2.831702109813230
49;5;25.42462868402800 -16.10728998110496;25.42462868402800 -16.10728998110496;25.43966947154967 -15.03913011763964;21.39144588485693;-1.980118694115502 2.882925785647348;8.142823342037381;19.32525939467214;3.240964679510198;30.09745062718940
49;6;11.43950745148385 -8.505699969190760;11.43950745148385 -8.505699969190760;11.65503792602562 -8.686958165824361;19.53572108881212;-1.980118694115502 2.882925785647348;8.142823342037381;19.32525939467214;3.240964679510198;14.25514863824457
49;7;22.39610158304748 -0.9100999211178026;22.39610158304748 -0.9100999211178026;22.00311376135862 -2.036547148673992;19.15697147005296;-1.980118694115502 2.882925785647348;8.142823342037381;19.32525939467214;3.240964679510198;22.41458560813918
49;8;30.53565443919148 -31.47094434200928;30.53565443919148 -31.47094434200928;30.53565443919148 -31.47094434200928;22.30213586276853;-1.980118694115502 2.882925785647348;8.142823342037381;19.32525939467214;3.240964679510198;43.85027399923015
49;9;-5.875571806895084 -4.884496414656606;-5.875571806895084 -4.884496414656606;-5.894916220115789 -4.908945242037799;13.69956412512603;-1.980118694115502 2.882925785647348;8.142823342037381;19.32525939467214;3.240964679510198;7.640723086382178
49;10;24.33011882394117 24.53593381527749;24.33011882394117 24.53593381527749;24.11422770470350 24.25727067591554;21.13519105104544;-1.980118694115502 2.882925785647348;8.142823342037381;19.32525939467214;3.240964679510198;34.55382366938244
49;11;22.42540925977500 9.644569376366574;22.42540925977500 9.644569376366574;22.80539325336843 9.124189434371658;20.40630493096825;-1.980118694115502 2.882925785647348;8.142823342037381;19.32525939467214;3.240964679510198;24.41140509933728
49;12;-9.652884501636157 14.05909113280601;-8.955138712007697 14.32889498943528;-9.921153280840795 14.06082322429180;18.49497479378925;-1.980118694115502 2.882925785647348;8.142823342037381;19.32525939467214;3.240964679510198;16.89709267801898
49;13;-28.69651750410511 4.086034521396603;-28.69651750410511 4.086034521396603;-28.69651750410511 4.086034521396603;21.08466507978184;-1.980118694115502 2.882925785647348;8.142823342037381;19.32525939467214;3.240964679510198;28.98595858296661
49;14;13.06645348721556 16.11821395280656;13.06645348721556 16.11821395280656;12.98912377190575 16.03679260851320;18.95880385204291;-1.980118694115502 2.882925785647348;8.142823342037381;19.32525939467214;3.240964679510198;20.74919342437233
49;15;-9.983727979839646 -6.980445674068357;-9.983727979839646 -6.980445674068357;-9.983727979839646 -6.980445674068357;16.44596710011549;-1.980118694115502 2.882925785647348;8.142823342037381;19.32525939467214;3.240964679510198;12.18201322376776
49;16;-13.91554244675716 15.73089588256657;-13.91554244675716 15.73089588256657;-14.02205527158201 15.86909976695235;19.41159926478535;-1.980118694115502 2.882925785647348;8.142823342037381;19.32525939467214;3.240964679510198;21.00246192368052
49;17;-20.52667783981918 20.10812194653025;-19.99361480221266 19.96121433129253;-19.99361480221266 19.96121433129253;19.67297083299347;-1.980118694115502 2.882925785647348;8.142823342037381;19.32525939467214;3.240964679510198;28.25233991086500
49;18;-5.022300648091804 -8.978104728721492;-5.022300648091804 -8.978104728721492;-5.030776273546366 -8.010330546247765;14.77915653623989;-1.980118694115502 2.882925785647348;8.142823342037381;19.32525939467214;3.240964679510198;10.28736449824320
49;19;23.78654682882071 -29.35244813236717;23.78654682882071 -29.35244813236717;23.78654682882071 -29.35244813236717;21.79260010912058;-1.980118694115502 2.882925785647348;8.142823342037381;19.32525939467214;3.240964679510198;37.78049789776446
50;0;-15.61045744352631 -10.35781783996828;-15.61045744352631 -10.35781783996828;-16.06216491430313 -10.47100744316342;20.41861327927781;-1.980118694115502 2.882925785647348;8.142823342037381;19.29890199441870;3.220494843048322;18.73421394139907
50;1;4.289883182740236 20.00149191741699;4.289883182740236 20.00149191741699;4.058386101385703 20.96663532214607;19.14171099827978;-1.980118694115502 2.882925785647348;8.142823342037381;19.29890199441870;3.220494843048322;20.45636274228766
50;2;-29.98214325899238 8.327981521014780;-29.98214325899238 8.327981521014780;-29.98214325899238 8.327981521014780;21.17394452959714;-1.980118694115502 2.882925785647348;8.142823342037381;19.29890199441870;3.220494843048322;31.11726515324099
50;3;15.58361720713842 1.614354140350180;15.58361720713842 1.614354140350180;15.56618734069895 0.8372049026858692;19.69107711361309;-1.980118694115502 2.882925785647348;8.142823342037381;19.29890199441870;3.220494843048322;15.66701198534955
50;4;-1.585480103023380 2.346228821244354;-1.585480103023380 2.346228821244354;-1.980118694115502 2.882925785647348;8.142823342037381;-1.980118694115502 2.882925785647348;8.142823342037381;19.29890199441870;3.220494843048322;2.831702109813230
50;5;25.42462868402800 -16.10728998110496;25.42462868402800 -16.10728998110496;25.43966947154967 -15.03913011763964;21.39144588485693;-1.980118694115502 2.882925785647348;8.142823342037381;19.29890199441870;3.220494843048322;30.09745062718940
50;6;11.43950745148385 -8.505699969190760;11.43950745148385 -8.505699969190760;11.65503792602562 -8.686958165824361;19.53572108881212;-1.980118694115502 2.882925785647348;8.142823342037381;19.29890199441870;3.220494843048322;14.25514863824457
50;7;22.39610158304748 -0.9100999211178026;22.39610158304748 -0.9100999211178026;22.00311376135862 -2.036547148673992;19.15697147005296;-1.980118694115502 2.882925785647348;8.142823342037381;19.29890199441870;3.220494843048322;22.41458560813918
50;8;30.53565443919148 -31.47094434200928;30.53565443919148 -31.47094434200928;30.53565443919148 -31.47094434200928;22.30213586276853;-1.980118694115502 2.882925785647348;8.142823342037381;19.29890199441870;3.220494843048322;43.85027399923015
50;9;-5.875571806895084 -4.884496414656606;-5.875571806895084 -4.884496414656606;-5.894916220115789 -4.908945242037799;13.69956412512603;-1.980118694115502 2.882925785647348;8.142823342037381;19.29890199441870;3.220494843048322;7.640723086382178
50;10;24.33011882394117 24.53593381527749;24.05763163296817 24.43879137020287;24.11422770470350 24.25727067591554;21.13519105104544;-1.980118694115502 2.882925785647348;8.142823342037381;19.29890199441870;3.220494843048322;34.29320870702964
50;11;22.42540925977500 9.644569376366574;22.42540925977500 9.644569376366574;22.80539325336843 9.124189434371658;20.40630493096825;-1.980118694115502 2.882925785647348;8.142823342037381;19.29890199441870;3.220494843048322;24.41140509933728
50;12;-8.955138712007697 14.32889498943528;-8.955138712007697 14.32889498943528;-9.921153280840795 14.06082322429180;18.49497479378925;-1.980118694115502 2.882925785647348;8.142823342037381;19.29890199441870;3.220494843048322;16.89709267801898
50;13;-28.69651750410511 4.086034521396603;-28.69651750410511 4.086034521396603;-28.69651750410511 4.086034521396603;21.08466507978184;-1.980118694115502 2.882925785647348;8.142823342037381;19.29890199441870;3.220494843048322;28.98595858296661
50;14;13.06645348721556 16.11821395280656;13.06645348721556 16.11821395280656;12.98912377190575 16.03679260851320;18.95880385204291;-1.980118694115502 2.882925785647348;8.142823342037381;19.29890199441870;3.220494843048322;20.74919342437233
50;15;-9.983727979839646 -6.980445674068357;-9.983727979839646 -6.980445674068357;-9.983727979839646 -6.980445674068357;16.44596710011549;-1.980118694115502 2.882925785647348;8.142823342037381;19.29890199441870;3.220494843048322;12.18201322376776
50;16;-13.91554244675716 15.73089588256657;-13.91554244675716 15.73089588256657;-14.02205527158201 15.86909976695235;19.41159926478535;-1.980118694115502 2.882925785647348;8.142823342037381;19.29890199441870;3.220494843048322;21.00246192368052
50;17;-19.99361480221266 19.96121433129253;-19.99361480221266 19.96121433129253;-19.99361480221266 19.96121433129253;19.67297083299347;-1.980118694115502 2.882925785647348;8.142823342037381;19.29890199441870;3.220494843048322;28.25233991086500
50;18;-5.022300648091804 -8.978104728721492;-5.022300648091804 -8.978104728721492;-5.030776273546366 -8.010330546247765;14.77915653623989;-1.980118694115502 2.882925785647348;8.142823342037381;19.29890199441870;3.220494843048322;10.28736449824320
50;19;23.78654682882071 -29.35244813236717;23.78654682882071 -29.35244813236717;23.78654682882071 -29.35244813236717;21.79260010912058;-1.980118694115502 2.882925785647348;8.142823342037381;19.29890199441870;3.220494843048322;37.78049789776446
51;0;-15.61045744352631 -10.35781783996828;-15.61045744352631 -10.35781783996828;-16.06216491430313 -10.47100744316342;20.41861327927781;-1.980118694115502 2.882925785647348;8.142823342037381;19.27766017150737;3.201963740563996;18.73421394139907
51;1;4.289883182740236 20.00149191741699;4.289883182740236 20.00149191741699;4.058386101385703 20.96663532214607;19.14171099827978;-1.980118694115502 2.882925785647348;8.142823342037381;19.27766017150737;3.201963740563996;20.45636274228766
51;2;-29.98214325899238 8.327981521014780;-29.98214325899238 8.327981521014780;-29.98214325899238 8.327981521014780;21.17394452959714;-1.980118694115502 2.882925785647348;8.142823342037381;19.27766017150737;3.201963740563996;31.11726515324099
51;3;15.58361720713842 1.614354140350180;15.58361720713842 1.614354140350180;15.56618734069895 0.8372049026858692;19.69107711361309;-1.980118694115502 2.882925785647348;8.142823342037381;19.27766017150737;3.201963740563996;15.66701198534955
51;4;-1.585480103023380 2.346228821244354;-1.585480103023380 2.346228821244354;-1.980118694115502 2.882925785647348;8.142823342037381;-1.980118694115502 2.882925785647348;8.142823342037381;19.27766017150737;3.201963740563996;2.831702109813230
51;5;25.42462868402800 -16.10728998110496;25.42462868402800 -16.10728998110496;25.43966947154967 -15.03913011763964;21.39144588485693;-1.980118694115502 2.882925785647348;8.142823342037381;19.27766017150737;3.201963740563996;30.09745062718940
51;6;11.43950745148385 -8.505699969190760;11.43950745148385 -8.505699969190760;11.65503792602562 -8.686958165824361;19.53572108881212;-1.980118694115502 2.882925785647348;8.142823342037381;19.27766017150737;3.201963740563996;14.25514863824457
51;7;22.39610158304748 -0.9100999211178026;22.39610158304748 -0.9100999211178026;22.00311376135862 -2.036547148673992;19.15697147005296;-1.980118694115502 2.882925785647348;8.142823342037381;19.27766017150737;3.201963740563996;22.41458560813918
51;8;30.53565443919148 -31.47094434200928;30.55188809603301 -31.83443617743956;30.55188809603301 -31.83443617743956;21.87729940454194;-1.980118694115502 2.882925785647348;8.142823342037381;19.27766017150737;3.201963740563996;44.12311404431917
51;9;-5.875571806895084 -4.884496414656606;-5.875571806895084 -4.884496414656606;-5.894916220115789 -4.908945242037799;13.69956412512603;-1.980118694115502 2.882925785647348;8.142823342037381;19.27766017150737;3.201963740563996;7.640723086382178
51;10;24.05763163296817 24.43879137020287;24.05763163296817 24.43879137020287;24.11422770470350 24.25727067591554;21.13519105104544;-1.980118694115502 2.882925785647348;8.142823342037381;19.27766017150737;3.201963740563996;34.29320870702964
51;11;22.42540925977500 9.644569376366574;22.42540925977500 9.644569376366574;22.80539325336843 9.124189434371658;20.40630493096825;-1.980118694115502 2.882925785647348;8.142823342037381;19.27766017150737;3.201963740563996;24.41140509933728
51;12;-8.955138712007697 14.32889498943528;-8.955138712007697 14.32889498943528;-9.921153280840795 14.06082322429180;18.49497479378925;-1.980118694115502 2.882925785647348;8.142823342037381;19.27766017150737;3.201963740563996;16.89709267801898
51;13;-28.69651750410511 4.086034521396603;-28.69651750410511 4.086034521396603;-28.69651750410511 4.086034521396603;21.08466507978184;-1.980118694115502 2.882925785647348;8.142823342037381;19.27766017150737;3.201963740563996;28.98595858296661
51;14;13.06645348721556 16.11821395280656;13.06645348721556 16.11821395280656;12.98912377190575 16.03679260851320;18.95880385204291;-1.980118694115502 2.882925785647348;8.142823342037381;19.27766017150737;3.201963740563996;20.74919342437233
51;15;-9.983727979839646 -6.980445674068357;-9.983727979839646 -6.980445674068357;-9.983727979839646 -6.980445674068357;16.44596710011549;-1.980118694115502 2.882925785647348;8.142823342037381;19.27766017150737;3.201963740563996;12.18201322376776
51;16;-13.91554244675716 15.73089588256657;-13.91554244675716 15.73089588256657;-14.02205527158201 15.86909976695235;19.41159926478535;-1.980118694115502 2.882925785647348;8.142823342037381;19.27766017150737;3.201963740563996;21.00246192368052
51;17;-19.99361480221266 19.96121433129253;-19.99361480221266 19.96121433129253;-19.99361480221266 19.96121433129253;19.67297083299347;-1.980118694115502 2.882925785647348;8.142823342037381;19.27766017150737;3.201963740563996;28.25233991086500
51;18;-5.022300648091804 -8.978104728721492;-5.022300648091804 -8.978104728721492;-5.030776273546366 -8.010330546247765;14.77915653623989;-1.980118694115502 2.882925785647348;8.142823342037381;19.27766017150737;3.201963740563996;10.28736449824320
51;19;23.78654682882071 -29.35244813236717;23.78654682882071 -29.35244813236717;23.78654682882071 -29.35244813236717;21.79260010912058;-1.980118694115502 2.882925785647348;8.142823342037381;19.27766017150737;3.201963740563996;37.78049789776446
52;0;-15.61045744352631 -10.35781783996828;-15.61045744352631 -10.35781783996828;-16.06216491430313 -10.47100744316342;20.41861327927781;-1.980118694115502 2.882925785647348;8.142823342037381;19.21440598195525;3.197758449305651;18.73421394139907
52;1;4.289883182740236 20.00149191741699;4.289883182740236 20.00149191741699;4.058386101385703 20.96663532214607;19.14171099827978;-1.980118694115502 2.882925785647348;8.142823342037381;19.21440598195525;3.197758449305651;20.45636274228766
52;2;-29.98214325899238 8.327981521014780;-29.98214325899238 8.327981521014780;-29.98214325899238 8.327981521014780;21.17394452959714;-1.980118694115502 2.882925785647348;8.142823342037381;19.21440598195525;3.197758449305651;31.11726515324099
52;3;15.58361720713842 1.614354140350180;15.19680995838062 2.142801177746482;15.19680995838062 2.142801177746482;18.82622567335569;-1.980118694115502 2.882925785647348;8.142823342037381;19.21440598195525;3.197758449305651;15.34713751155205
52;4;-1.585480103023380 2.346228821244354;-1.585480103023380 2.346228821244354;-1.980118694115502 2.882925785647348;8.142823342037381;-1.980118694115502 2.882925785647348;8.142823342037381;19.21440598195525;3.197758449305651;2.831702109813230
52;5;25.42462868402800 -16.10728998110496;25.42462868402800 -16.10728998110496;25.43966947154967 -15.03913011763964;21.39144588485693;-1.980118694115502 2.882925785647348;8.142823342037381;19.21440598195525;3.197758449305651;30.09745062718940
52;6;11.43950745148385 -8.505699969190760;11.43950745148385 -8.505699969190760;11.65503792602562 -8.686958165824361;19.53572108881212;-1.980118694115502 2.882925785647348;8.142823342037381;19.21440598195525;3.197758449305651;14.25514863824457
52;7;22.39610158304748 -0.9100999211178026;22.39610158304748 -0.9100999211178026;22.00311376135862 -2.036547148673992;19.15697147005296;-1.980118694115502 2.882925785647348;8.142823342037381;19.21440598195525;3.197758449305651;22.41458560813918
52;8;30.55188809603301 -31.83443617743956;30.55188809603301 -31.83443617743956;30.55188809603301 -31.83443617743956;21.87729940454194;-1.980118694115502 2.882925785647348;8.142823342037381;19.21440598195525;3.197758449305651;44.12311404431917
52;9;-5.875571806895084 -4.884496414656606;-5.875571806895084 -4.884496414656606;-5.894916220115789 -4.908945242037799;13.69956412512603;-1.980118694115502 2.882925785647348;8.142823342037381;19.21440598195525;3.197758449305651;7.640723086382178
52;10;24.05763163296817 24.43879137020287;24.05763163296817 24.43879137020287;24.11422770470350 24.25727067591554;21.13519105104544;-1.980118694115502 2.882925785647348;8.142823342037381;19.21440598195525;3.197758449305651;34.29320870702964
52;11;22.42540925977500 9.644569376366574;22.42540925977500 9.644569376366574;22.80539325336843 9.124189434371658;20.40630493096825;-1.980118694115502 2.882925785647348;8.142823342037381;19.21440598195525;3.197758449305651;24.41140509933728
52;12;-8.955138712007697 14.32889498943528;-8.955138712007697 14.32889498943528;-9.921153280840795 14.06082322429180;18.49497479378925;-1.980118694115502 2.882925785647348;8.142823342037381;19.21440598195525;3.197758449305651;16.89709267801898
52;13;-28.69651750410511 4.086034521396603;-28.69651750410511 4.086034521396603;-28.69651750410511 4.086034521396603;21.08466507978184;-1.980118694115502 2.882925785647348;8.142823342037381;19.21440598195525;3.197758449305651;28.98595858296661
52;14;13.06645348721556 16.11821395280656;13.06645348721556 16.11821395280656;12.98912377190575 16.03679260851320;18.95880385204291;-1.980118694115502 2.882925785647348;8.142823342037381;19.21440598195525;3.197758449305651;20.74919342437233
52;15;-9.983727979839646 -6.980445674068357;-9.983727979839646 -6.980445674068357;-9.983727979839646 -6.980445674068357;16.44596710011549;-1.980118694115502 2.882925785647348;8.142823342037381;19.21440598195525;3.197758449305651;12.18201322376776
52;16;-13.91554244675716 15.73089588256657;-13.91554244675716 15.73089588256657;-14.02205527158201 15.86909976695235;19.41159926478535;-1.980118694115502 2.882925785647348;8.142823342037381;19.21440598195525;3.197758449305651;21.00246192368052
52;17;-19.99361480221266 19.96121433129253;-19.99361480221266 19.96121433129253;-19.99361480221266 19.96121433129253;19.67297083299347;-1.980118694115502 2.882925785647348;8.142823342037381;19.21440598195525;3.197758449305651;28.25233991086500
52;18;-5.022300648091804 -8.978104728721492;-5.022300648091804 -8.978104728721492;-5.030776273546366 -8.010330546247765;14.77915653623989;-1.980118694115502 2.882925785647348;8.142823342037381;19.21440598195525;3.197758449305651;10.28736449824320
52;19;23.78654682882071 -29.35244813236717;23.78654682882071 -29.35244813236717;23.78654682882071 -29.35244813236717;21.79260010912058;-1.980118694115502 2.882925785647348;8.142823342037381;19.21440598195525;3.197758449305651;37.78049789776446
53;0;-15.61045744352631 -10.35781783996828;-15.61045744352631 -10.35781783996828;-16.06216491430313 -10.47100744316342;20.41861327927781;-1.980118694115502 2.882925785647348;8.142823342037381;19.20901047045375;3.171634895432141;18.73421394139907
53;1;4.289883182740236 20.00149191741699;4.289883182740236 20.00149191741699;4.058386101385703 20.96663532214607;19.14171099827978;-1.980118694115502 2.882925785647348;8.142823342037381;19.20901047045375;3.171634895432141;20.45636274228766
53;2;-29.98214325899238 8.327981521014780;-29.98214325899238 8.327981521014780;-29.98214325899238 8.327981521014780;21.17394452959714;-1.980118694115502 2.882925785647348;8.142823342037381;19.20901047045375;3.171634895432141;31.11726515324099
53;3;15.19680995838062 2.142801177746482;15.46519933502183 2.127038480150204;15.19680995838062 2.142801177746482;18.82622567335569;-1.980118694115502 2.882925785647348;8.142823342037381;19.20901047045375;3.171634895432141;15.61078739743769
53;4;-1.585480103023380 2.346228821244354;-1.585480103023380 2.346228821244354;-1.980118694115502 2.882925785647348;8.142823342037381;-1.980118694115502 2.882925785647348;8.142823342037381;19.20901047045375;3.171634895432141;2.831702109813230
53;5;25.42462868402800 -16.10728998110496;25.79369816943991 -15.99650408246632;25.79369816943991 -15.99650408246632;20.55696200071359;-1.980118694115502 2.882925785647348;8.142823342037381;19.20901047045375;3.171634895432141;30.35132629913443
53;6;11.43950745148385 -8.505699969190760;11.43950745148385 -8.505699969190760;11.65503792602562 -8.686958165824361;19.53572108881212;-1.980118694115502 2.882925785647348;8.142823342037381;19.20901047045375;3.171634895432141;14.25514863824457
53;7;22.39610158304748 -0.9100999211178026;22.39610158304748 -0.9100999211178026;22.00311376135862 -2.036547148673992;19.15697147005296;-1.980118694115502 2.882925785647348;8.142823342037381;19.20901047045375;3.171634895432141;22.41458560813918
53;8;30.55188809603301 -31.83443617743956;30.55188809603301 -31.83443617743956;30.55188809603301 -31.83443617743956;21.87729940454194;-1.980118694115502 2.882925785647348;8.142823342037381;19.20901047045375;3.171634895432141;44.12311404431917
53;9;-5.875571806895084 -4.884496414656606;-5.875571806895084 -4.884496414656606;-5.894916220115789 -4.908945242037799;13.69956412512603;-1.980118694115502 2.882925785647348;8.142823342037381;19.20901047045375;3.171634895432141;7.640723086382178
53;10;24.05763163296817 24.43879137020287;24.05763163296817 24.43879137020287;24.11422770470350 24.25727067591554;21.13519105104544;-1.980118694115502 2.882925785647348;8.142823342037381;19.20901047045375;3.171634895432141;34.29320870702964
53;11;22.42540925977500 9.644569376366574;22.42540925977500 9.644569376366574;22.80539325336843 9.124189434371658;20.40630493096825;-1.980118694115502 2.882925785647348;8.142823342037381;19.20901047045375;3.171634895432141;24.41140509933728
53;12;-8.955138712007697 14.32889498943528;-8.955138712007697 14.32889498943528;-9.921153280840795 14.06082322429180;18.49497479378925;-1.980118694115502 2.882925785647348;8.142823342037381;19.20901047045375;3.171634895432141;16.89709267801898
53;13;-28.69651750410511 4.086034521396603;-28.69651750410511 4.086034521396603;-28.69651750410511 4.086034521396603;21.08466507978184;-1.980118694115502 2.882925785647348;8.142823342037381;19.20901047045375;3.171634895432141;28.98595858296661
53;14;13.06645348721556 16.11821395280656;13.06645348721556 16.11821395280656;12.98912377190575 16.03679260851320;18.95880385204291;-1.980118694115502 2.882925785647348;8.142823342037381;19.20901047045375;3.171634895432141;20.74919342437233
53;15;-9.983727979839646 -6.980445674068357;-9.983727979839646 -6.980445674068357;-9.983727979839646 -6.980445674068357;16.44596710011549;-1.980118694115502 2.882925785647348;8.142823342037381;19.20901047045375;3.171634895432141;12.18201322376776
53;16;-13.91554244675716 15.73089588256657;-13.91554244675716 15.73089588256657;-14.02205527158201 15.86909976695235;19.41159926478535;-1.980118694115502 2.882925785647348;8.142823342037381;19.20901047045375;3.171634895432141;21.00246192368052
53;17;-19.99361480221266 19.96121433129253;-19.99361480221266 19.96121433129253;-19.99361480221266 19.96121433129253;19.67297083299347;-1.980118694115502 2.882925785647348;8.142823342037381;19.20901047045375;3.171634895432141;28.25233991086500
53;18;-5.022300648091804 -8.978104728721492;-5.022300648091804 -8.978104728721492;-5.030776273546366 -8.010330546247765;14.77915653623989;-1.980118694115502 2.882925785647348;8.142823342037381;19.20901047045375;3.171634895432141;10.28736449824320
53;19;23.78654682882071 -29.35244813236717;23.78654682882071 -29.35244813236717;23.78654682882071 -29.35244813236717;21.79260010912058;-1.980118694115502 2.882925785647348;8.142823342037381;19.20901047045375;3.171634895432141;37.78049789776446
54;0;-15.61045744352631 -10.35781783996828;-15.61045744352631 -10.35781783996828;-16.06216491430313 -10.47100744316342;20.41861327927781;-1.980118694115502 2.882925785647348;8.142823342037381;19.18120346980054;3.169881376126329;18.73421394139907
54;1;4.289883182740236 20.00149191741699;4.289883182740236 20.00149191741699;4.058386101385703 20.96663532214607;19.14171099827978;-1.980118694115502 2.882925785647348;8.142823342037381;19.18120346980054;3.169881376126329;20.45636274228766
54;2;-29.98214325899238 8.327981521014780;-29.98214325899238 8.327981521014780;-29.98214325899238 8.327981521014780;21.17394452959714;-1.980118694115502 2.882925785647348;8.142823342037381;19.18120346980054;3.169881376126329;31.11726515324099
54;3;15.46519933502183 2.127038480150204;15.46519933502183 2.127038480150204;15.19680995838062 2.142801177746482;18.82622567335569;-1.980118694115502 2.882925785647348;8.142823342037381;19.18120346980054;3.169881376126329;15.61078739743769
54;4;-1.585480103023380 2.346228821244354;-1.585480103023380 2.346228821244354;-1.980118694115502 2.882925785647348;8.142823342037381;-1.980118694115502 2.882925785647348;8.142823342037381;19.18120346980054;3.169881376126329;2.831702109813230
54;5;25.79369816943991 -15.99650408246632;25.79369816943991 -15.99650408246632;25.79369816943991 -15.99650408246632;20.55696200071359;-1.980118694115502 2.882925785647348;8.142823342037381;19.18120346980054;3.169881376126329;30.35132629913443
54;6;11.43950745148385 -8.505699969190760;11.92408291140462 -8.629780825724215;11.92408291140462 -8.629780825724215;19.11698609419309;-1.980118694115502 2.882925785647348;8.142823342037381;19.18120346980054;3.169881376126329;14.71926867674101
54;7;22.39610158304748 -0.9100999211178026;22.39610158304748 -0.9100999211178026;22.00311376135862 -2.036547148673992;19.15697147005296;-1.980118694115502 2.882925785647348;8.142823342037381;19.18120346980054;3.169881376126329;22.41458560813918
54;8;30.55188809603301 -31.83443617743956;30.55188809603301 -31.83443617743956;30.55188809603301 -31.83443617743956;21.87729940454194;-1.980118694115502 2.882925785647348;8.142823342037381;19.18120346980054;3.169881376126329;44.12311404431917
54;9;-5.875571806895084 -4.884496414656606;-5.875571806895084 -4.884496414656606;-5.894916220115789 -4.908945242037799;13.69956412512603;-1.980118694115502 2.882925785647348;8.142823342037381;19.18120346980054;3.169881376126329;7.640723086382178
54;10;24.05763163296817 24.43879137020287;24.05763163296817 24.43879137020287;24.11422770470350 24.25727067591554;21.13519105104544;-1.980118694115502 2.882925785647348;8.142823342037381;19.18120346980054;3.169881376126329;34.29320870702964
54;11;22.42540925977500 9.644569376366574;22.42540925977500 9.644569376366574;22.80539325336843 9.124189434371658;20.40630493096825;-1.980118694115502 2.882925785647348;8.142823342037381;19.18120346980054;3.169881376126329;24.41140509933728
54;12;-8.955138712007697 14.32889498943528;-8.955138712007697 14.32889498943528;-9.921153280840795 14.06082322429180;18.49497479378925;-1.980118694115502 2.882925785647348;8.142823342037381;19.18120346980054;3.169881376126329;16.89709267801898
54;13;-28.69651750410511 4.086034521396603;-28.69651750410511 4.086034521396603;-28.69651750410511 4.086034521396603;21.08466507978184;-1.980118694115502 2.882925785647348;8.142823342037381;19.18120346980054;3.169881376126329;28.98595858296661
54;14;13.06645348721556 16.11821395280656;13.06645348721556 16.11821395280656;12.98912377190575 16.03679260851320;18.95880385204291;-1.980118694115502 2.882925785647348;8.142823342037381;19.18120346980054;3.169881376126329;20.74919342437233
54;15;-9.983727979839646 -6.980445674068357;-9.983727979839646 -6.980445674068357;-9.983727979839646 -6.980445674068357;16.44596710011549;-1.980118694115502 2.882925785647348;8.142823342037381;19.18120346980054;3.169881376126329;12.18201322376776
54;16;-13.91554244675716 15.73089588256657;-13.91554244675716 15.73089588256657;-14.02205527158201 15.86909976695235;19.41159926478535;-1.980118694115502 2.882925785647348;8.142823342037381;19.18120346980054;3.169881376126329;21.00246192368052
54;17;-19.99361480221266 19.96121433129253;-19.99361480221266 19.96121433129253;-19.99361480221266 19.96121433129253;19.67297083299347;-1.980118694115502 2.882925785647348;8.142823342037381;19.18120346980054;3.169881376126329;28.25233991086500
54;18;-5.022300648091804 -8.978104728721492;-5.022300648091804 -8.978104728721492;-5.030776273546366 -8.010330546247765;14.77915653623989;-1.980118694115502 2.882925785647348;8.142823342037381;19.18120346980054;3.169881376126329;10.28736449824320
54;19;23.78654682882071 -29.35244813236717;23.78654682882071 -29.35244813236717;23.78654682882071 -29.35244813236717;21.79260010912058;-1.980118694115502 2.882925785647348;8.142823342037381;19.18120346980054;3.169881376126329;37.78049789776446
55;0;-15.61045744352631 -10.35781783996828;-15.61045744352631 -10.35781783996828;-16.06216491430313 -10.47100744316342;20.41861327927781;-1.980118694115502 2.882925785647348;8.142823342037381;19.24457566292687;3.209177818650157;18.73421394139907
55;1;4.289883182740236 20.00149191741699;4.289883182740236 20.00149191741699;4.058386101385703 20.96663532214607;19.14171099827978;-1.980118694115502 2.882925785647348;8.142823342037381;19.24457566292687;3.209177818650157;20.45636274228766
55;2;-29.98214325899238 8.327981521014780;-29.98214325899238 8.327981521014780;-29.98214325899238 8.327981521014780;21.17394452959714;-1.980118694115502 2.882925785647348;8.142823342037381;19.24457566292687;3.209177818650157;31.11726515324099
55;3;15.46519933502183 2.127038480150204;15.46519933502183 2.127038480150204;15.19680995838062 2.142801177746482;18.82622567335569;-1.980118694115502 2.882925785647348;8.142823342037381;19.24457566292687;3.209177818650157;15.61078739743769
55;4;-1.585480103023380 2.346228821244354;-1.585480103023380 2.346228821244354;-1.980118694115502 2.882925785647348;8.142823342037381;-1.980118694115502 2.882925785647348;8.142823342037381;19.24457566292687;3.209177818650157;2.831702109813230
55;5;25.79369816943991 -15.99650408246632;25.46854379984481 -16.24873143295820;25.79369816943991 -15.99650408246632;20.55696200071359;-1.980118694115502 2.882925785647348;8.142823342037381;19.24457566292687;3.209177818650157;30.21039550328689
55;6;11.92408291140462 -8.629780825724215;11.92408291140462 -8.629780825724215;11.92408291140462 -8.629780825724215;19.11698609419309;-1.980118694115502 2.882925785647348;8.142823342037381;19.24457566292687;3.209177818650157;14.71926867674101
55;7;22.39610158304748 -0.9100999211178026;22.39610158304748 -0.9100999211178026;22.00311376135862 -2.036547148673992;19.15697147005296;-1.980118694115502 2.882925785647348;8.142823342037381;19.24457566292687;3.209177818650157;22.41458560813918
55;8;30.55188809603301 -31.83443617743956;30.55188809603301 -31.83443617743956;30.55188809603301 -31.83443617743956;21.87729940454194;-1.980118694115502 2.882925785647348;8.142823342037381;19.24457566292687;3.209177818650157;44.12311404431917
55;9;-5.875571806895084 -4.884496414656606;-5.875571806895084 -4.884496414656606;-5.894916220115789 -4.908945242037799;13.69956412512603;-1.980118694115502 2.882925785647348;8.142823342037381;19.24457566292687;3.209177818650157;7.640723086382178
55;10;24.05763163296817 24.43879137020287;24.05763163296817 24.43879137020287;24.11422770470350 24.25727067591554;21.13519105104544;-1.980118694115502 2.882925785647348;8.142823342037381;19.24457566292687;3.209177818650157;34.29320870702964
55;11;22.42540925977500 9.644569376366574;22.42540925977500 9.644569376366574;22.80539325336843 9.124189434371658;20.40630493096825;-1.980118694115502 2.882925785647348;8.142823342037381;19.24457566292687;3.209177818650157;24.41140509933728
55;12;-8.955138712007697 14.32889498943528;-8.955138712007697 14.32889498943528;-9.921153280840795 14.06082322429180;18.49497479378925;-1.980118694115502 2.882925785647348;8.142823342037381;19.24457566292687;3.209177818650157;16.89709267801898
55;13;-28.69651750410511 4.086034521396603;-28.69651750410511 4.086034521396603;-28.69651750410511 4.086034521396603;21.08466507978184;-1.980118694115502 2.882925785647348;8.142823342037381;19.24457566292687;3.209177818650157;28.98595858296661
55;14;13.06645348721556 16.11821395280656;13.06645348721556 16.11821395280656;12.98912377190575 16.03679260851320;18.95880385204291;-1.980118694115502 2.882925785647348;8.142823342037381;19.24457566292687;3.209177818650157;20.74919342437233
55;15;-9.983727979839646 -6.980445674068357;-9.983727979839646 -6.980445674068357;-9.983727979839646 -6.980445674068357;16.44596710011549;-1.980118694115502 2.882925785647348;8.142823342037381;19.24457566292687;3.209177818650157;12.18201322376776
55;16;-13.91554244675716 15.73089588256657;-13.91554244675716 15.73089588256657;-14.02205527158201 15.86909976695235;19.41159926478535;-1.980118694115502 2.882925785647348;8.142823342037381;19.24457566292687;3.209177818650157;21.00246192368052
55;17;-19.99361480221266 19.96121433129253;-19.99361480221266 19.96121433129253;-19.99361480221266 19.96121433129253;19.67297083299347;-1.980118694115502 2.882925785647348;8.142823342037381;19.24457566292687;3.209177818650157;28.25233991086500
55;18;-5.022300648091804 -8.978104728721492;-5.022300648091804 -8.978104728721492;-5.030776273546366 -8.010330546247765;14.77915653623989;-1.980118694115502 2.882925785647348;8.142823342037381;19.24457566292687;3.209177818650157;10.28736449824320
55;19;23.78654682882071 -29.35244813236717;23.78654682882071 -29.35244813236717;23.78654682882071 -29.35244813236717;21.79260010912058;-1.980118694115502 2.882925785647348;8.142823342037381;19.24457566292687;3.209177818650157;37.78049789776446
56;0;-15.61045744352631 -10.35781783996828;-15.61045744352631 -10.35781783996828;-16.06216491430313 -10.47100744316342;20.41861327927781;-1.980118694115502 2.882925785647348;8.142823342037381;19.22371790261836;3.200000915896440;18.73421394139907
56;1;4.289883182740236 20.00149191741699;4.289883182740236 20.00149191741699;4.058386101385703 20.96663532214607;19.14171099827978;-1.980118694115502 2.882925785647348;8.142823342037381;19.22371790261836;3.200000915896440;20.45636274228766
56;2;-29.98214325899238 8.327981521014780;-29.98214325899238 8.327981521014780;-29.98214325899238 8.327981521014780;21.17394452959714;-1.980118694115502 2.882925785647348;8.142823342037381;19.22371790261836;3.200000915896440;31.11726515324099
56;3;15.46519933502183 2.127038480150204;15.46519933502183 2.127038480150204;15.19680995838062 2.142801177746482;18.82622567335569;-1.980118694115502 2.882925785647348;8.142823342037381;19.22371790261836;3.200000915896440;15.61078739743769
56;4;-1.585480103023380 2.346228821244354;-1.585480103023380 2.346228821244354;-1.980118694115502 2.882925785647348;8.142823342037381;-1.980118694115502 2.882925785647348;8.142823342037381;19.22371790261836;3.200000915896440;2.831702109813230
56;5;25.46854379984481 -16.24873143295820;25.46854379984481 -16.24873143295820;25.79369816943991 -15.99650408246632;20.55696200071359;-1.980118694115502 2.882925785647348;8.142823342037381;19.22371790261836;3.200000915896440;30.21039550328689
56;6;11.92408291140462 -8.629780825724215;11.92408291140462 -8.629780825724215;11.92408291140462 -8.629780825724215;19.11698609419309;-1.980118694115502 2.882925785647348;8.142823342037381;19.22371790261836;3.200000915896440;14.71926867674101
56;7;22.39610158304748 -0.9100999211178026;22.25150008463422 -1.122117481608003;22.00311376135862 -2.036547148673992;19.15697147005296;-1.980118694115502 2.882925785647348;8.142823342037381;19.22371790261836;3.200000915896440;22.27977566446770
56;8;30.55188809603301 -31.83443617743956;30.55188809603301 -31.83443617743956;30.55188809603301 -31.83443617743956;21.87729940454194;-1.980118694115502 2.882925785647348;8.142823342037381;19.22371790261836;3.200000915896440;44.12311404431917
56;9;-5.875571806895084 -4.884496414656606;-5.875571806895084 -4.884496414656606;-5.894916220115789 -4.908945242037799;13.69956412512603;-1.980118694115502 2.882925785647348;8.142823342037381;19.22371790261836;3.200000915896440;7.640723086382178
56;10;24.05763163296817 24.43879137020287;24.05763163296817 24.43879137020287;24.11422770470350 24.25727067591554;21.13519105104544;-1.980118694115502 2.882925785647348;8.142823342037381;19.22371790261836;3.200000915896440;34.29320870702964
56;11;22.42540925977500 9.644569376366574;22.42540925977500 9.644569376366574;22.80539325336843 9.124189434371658;20.40630493096825;-1.980118694115502 2.882925785647348;8.142823342037381;19.22371790261836;3.200000915896440;24.41140509933728
56;12;-8.955138712007697 14.32889498943528;-8.955138712007697 14.32889498943528;-9.921153280840795 14.06082322429180;18.49497479378925;-1.980118694115502 2.882925785647348;8.142823342037381;19.22371790261836;3.200000915896440;16.89709267801898
56;13;-28.69651750410511 4.086034521396603;-28.69651750410511 4.086034521396603;-28.69651750410511 4.086034521396603;21.08466507978184;-1.980118694115502 2.882925785647348;8.142823342037381;19.22371790261836;3.200000915896440;28.98595858296661
56;14;13.06645348721556 16.11821395280656;13.06645348721556 16.11821395280656;12.98912377190575 16.03679260851320;18.95880385204291;-1.980118694115502 2.882925785647348;8.142823342037381;19.22371790261836;3.200000915896440;20.74919342437233
56;15;-9.983727979839646 -6.980445674068357;-9.983727979839646 -6.980445674068357;-9.983727979839646 -6.980445674068357;16.44596710011549;-1.980118694115502 2.882925785647348;8.142823342037381;19.22371790261836;3.200000915896440;12.18201322376776
56;16;-13.91554244675716 15.73089588256657;-13.91554244675716 15.73089588256657;-14.02205527158201 15.86909976695235;19.41159926478535;-1.980118694115502 2.882925785647348;8.142823342037381;19.22371790261836;3.200000915896440;21.00246192368052
56;17;-19.99361480221266 19.96121433129253;-19.99361480221266 19.96121433129253;-19.99361480221266 19.96121433129253;19.67297083299347;-1.980118694115502 2.882925785647348;8.142823342037381;19.22371790261836;3.200000915896440;28.25233991086500
56;18;-5.022300648091804 -8.978104728721492;-5.022300648091804 -8.978104728721492;-5.030776273546366 -8.010330546247765;14.77915653623989;-1.980118694115502 2.882925785647348;8.142823342037381;19.22371790261836;3.200000915896440;10.28736449824320
56;19;23.78654682882071 -29.35244813236717;23.78654682882071 -29.35244813236717;23.78654682882071 -29.35244813236717;21.79260010912058;-1.980118694115502 2.882925785647348;8.142823342037381;19.22371790261836;3.200000915896440;37.78049789776446
57;0;-15.61045744352631 -10.35781783996828;-15.61045744352631 -10.35781783996828;-16.06216491430313 -10.47100744316342;20.41861327927781;-1.980118694115502 2.882925785647348;8.142823342037381;19.18570856389740;3.182135855885306;18.73421394139907
57;1;4.289883182740236 20.00149191741699;4.289883182740236 20.00149191741699;4.058386101385703 20.96663532214607;19.14171099827978;-1.980118694115502 2.882925785647348;8.142823342037381;19.18570856389740;3.182135855885306;20.45636274228766
57;2;-29.98214325899238 8.327981521014780;-29.98214325899238 8.327981521014780;-29.98214325899238 8.327981521014780;21.17394452959714;-1.980118694115502 2.882925785647348;8.142823342037381;19.18570856389740;3.182135855885306;31.11726515324099
57;3;15.46519933502183 2.127038480150204;15.46519933502183 2.127038480150204;15.19680995838062 2.142801177746482;18.82622567335569;-1.980118694115502 2.882925785647348;8.142823342037381;19.18570856389740;3.182135855885306;15.61078739743769
57;4;-1.585480103023380 2.346228821244354;-1.585480103023380 2.346228821244354;-1.980118694115502 2.882925785647348;8.142823342037381;-1.980118694115502 2.882925785647348;8.142823342037381;19.18570856389740;3.182135855885306;2.831702109813230
57;5;25.46854379984481 -16.24873143295820;25.46854379984481 -16.24873143295820;25.79369816943991 -15.99650408246632;20.55696200071359;-1.980118694115502 2.882925785647348;8.142823342037381;19.18570856389740;3.182135855885306;30.21039550328689
57;6;11.92408291140462 -8.629780825724215;11.92408291140462 -8.629780825724215;11.92408291140462 -8.629780825724215;19.11698609419309;-1.980118694115502 2.882925785647348;8.142823342037381;19.18570856389740;3.182135855885306;14.71926867674101
57;7;22.25150008463422 -1.122117481608003;22.25150008463422 -1.122117481608003;22.00311376135862 -2.036547148673992;19.15697147005296;-1.980118694115502 2.882925785647348;8.142823342037381;19.18570856389740;3.182135855885306;22.27977566446770
57;8;30.55188809603301 -31.83443617743956;30.55188809603301 -31.83443617743956;30.55188809603301 -31.83443617743956;21.87729940454194;-1.980118694115502 2.882925785647348;8.142823342037381;19.18570856389740;3.182135855885306;44.12311404431917
57;9;-5.875571806895084 -4.884496414656606;-5.875571806895084 -4.884496414656606;-5.894916220115789 -4.908945242037799;13.69956412512603;-1.980118694115502 2.882925785647348;8.142823342037381;19.18570856389740;3.182135855885306;7.640723086382178
57;10;24.05763163296817 24.43879137020287;24.05763163296817 24.43879137020287;24.11422770470350 24.25727067591554;21.13519105104544;-1.980118694115502 2.882925785647348;8.142823342037381;19.18570856389740;3.182135855885306;34.29320870702964
57;11;22.42540925977500 9.644569376366574;22.42540925977500 9.644569376366574;22.80539325336843 9.124189434371658;20.40630493096825;-1.980118694115502 2.882925785647348;8.142823342037381;19.18570856389740;3.182135855885306;24.41140509933728
57;12;-8.955138712007697 14.32889498943528;-8.955138712007697 14.32889498943528;-9.921153280840795 14.06082322429180;18.49497479378925;-1.980118694115502 2.882925785647348;8.142823342037381;19.18570856389740;3.182135855885306;16.89709267801898
57;13;-28.69651750410511 4.086034521396603;-29.16439364416290 3.951887478612701;-29.16439364416290 3.951887478612701;20.32447830536276;-1.980118694115502 2.882925785647348;8.142823342037381;19.18570856389740;3.182135855885306;29.43092372446548
57;14;13.06645348721556 16.11821395280656;13.06645348721556 16.11821395280656;12.98912377190575 16.03679260851320;18.95880385204291;-1.980118694115502 2.882925785647348;8.142823342037381;19.18570856389740;3.182135855885306;20.74919342437233
57;15;-9.983727979839646 -6.980445674068357;-9.983727979839646 -6.980445674068357;-9.983727979839646 -6.980445674068357;16.44596710011549;-1.980118694115502 2.882925785647348;8.142823342037381;19.18570856389740;3.182135855885306;12.18201322376776
57;16;-13.91554244675716 15.73089588256657;-13.91554244675716 15.73089588256657;-14.02205527158201 15.86909976695235;19.41159926478535;-1.980118694115502 2.882925785647348;8.142823342037381;19.18570856389740;3.182135855885306;21.00246192368052
57;17;-19.99361480221266 19.96121433129253;-19.99361480221266 19.96121433129253;-19.99361480221266 19.96121433129253;19.67297083299347;-1.980118694115502 2.882925785647348;8.142823342037381;19.18570856389740;3.182135855885306;28.25233991086500
57;18;-5.022300648091804 -8.978104728721492;-5.022300648091804 -8.978104728721492;-5.030776273546366 -8.010330546247765;14.77915653623989;-1.980118694115502 2.882925785647348;8.142823342037381;19.18570856389740;3.182135855885306;10.28736449824320
57;19;23.78654682882071 -29.35244813236717;23.78654682882071 -29.35244813236717;23.78654682882071 -29.35244813236717;21.79260010912058;-1.980118694115502 2.882925785647348;8.142823342037381;19.18570856389740;3.182135855885306;37.78049789776446
58;0;-15.61045744352631 -10.35781783996828;-15.61045744352631 -10.35781783996828;-16.06216491430313 -10.47100744316342;20.41861327927781;-1.980118694115502 2.882925785647348;8.142823342037381;19.19785050190651;3.192358009390280;18.73421394139907
58;1;4.289883182740236 20.00149191741699;4.289883182740236 20.00149191741699;4.058386101385703 20.96663532214607;19.14171099827978;-1.980118694115502 2.882925785647348;8.142823342037381;19.19785050190651;3.192358009390280;20.45636274228766
58;2;-29.98214325899238 8.327981521014780;-29.98214325899238 8.327981521014780;-29.98214325899238 8.327981521014780;21.17394452959714;-1.980118694115502 2.882925785647348;8.142823342037381;19.19785050190651;3.192358009390280;31.11726515324099
58;3;15.46519933502183 2.127038480150204;15.46519933502183 2.127038480150204;15.19680995838062 2.142801177746482;18.82622567335569;-1.980118694115502 2.882925785647348;8.142823342037381;19.19785050190651;3.192358009390280;15.61078739743769
58;4;-1.585480103023380 2.346228821244354;-1.585480103023380 2.346228821244354;-1.980118694115502 2.882925785647348;8.142823342037381;-1.980118694115502 2.882925785647348;8.142823342037381;19.19785050190651;3.192358009390280;2.831702109813230
58;5;25.46854379984481 -16.24873143295820;25.52946621784137 -15.59120167018655;25.79369816943991 -15.99650408246632;20.55696200071359;-1.980118694115502 2.882925785647348;8.142823342037381;19.19785050190651;3.192358009390280;29.91386325582725
58;6;11.92408291140462 -8.629780825724215;11.92408291140462 -8.629780825724215;11.92408291140462 -8.629780825724215;19.11698609419309;-1.980118694115502 2.882925785647348;8.142823342037381;19.19785050190651;3.192358009390280;14.71926867674101
58;7;22.25150008463422 -1.122117481608003;22.25150008463422 -1.122117481608003;22.00311376135862 -2.036547148673992;19.15697147005296;-1.980118694115502 2.882925785647348;8.142823342037381;19.19785050190651;3.192358009390280;22.27977566446770
58;8;30.55188809603301 -31.83443617743956;30.55188809603301 -31.83443617743956;30.55188809603301 -31.83443617743956;21.87729940454194;-1.980118694115502 2.882925785647348;8.142823342037381;19.19785050190651;3.192358009390280;44.12311404431917
58;9;-5.875571806895084 -4.884496414656606;-5.875571806895084 -4.884496414656606;-5.894916220115789 -4.908945242037799;13.69956412512603;-1.980118694115502 2.882925785647348;8.142823342037381;19.19785050190651;3.192358009390280;7.640723086382178
58;10;24.05763163296817 24.43879137020287;24.05763163296817 24.43879137020287;24.11422770470350 24.25727067591554;21.13519105104544;-1.980118694115502 2.882925785647348;8.142823342037381;19.19785050190651;3.192358009390280;34.29320870702964
58;11;22.42540925977500 9.644569376366574;22.51249229483063 9.374883354432127;22.80539325336843 9.124189434371658;20.40630493096825;-1.980118694115502 2.882925785647348;8.142823342037381;19.19785050190651;3.192358009390280;24.38648698017033
58;12;-8.955138712007697 14.32889498943528;-8.955138712007697 14.32889498943528;-9.921153280840795 14.06082322429180;18.49497479378925;-1.980118694115502 2.882925785647348;8.142823342037381;19.19785050190651;3.192358009390280;16.89709267801898
58;13;-29.16439364416290 3.951887478612701;-29.16439364416290 3.951887478612701;-29.16439364416290 3.951887478612701;20.32447830536276;-1.980118694115502 2.882925785647348;8.142823342037381;19.19785050190651;3.192358009390280;29.43092372446548
58;14;13.06645348721556 16.11821395280656;13.06645348721556 16.11821395280656;12.98912377190575 16.03679260851320;18.95880385204291;-1.980118694115502 2.882925785647348;8.142823342037381;19.19785050190651;3.192358009390280;20.74919342437233
58;15;-9.983727979839646 -6.980445674068357;-9.983727979839646 -6.980445674068357;-9.983727979839646 -6.980445674068357;16.44596710011549;-1.980118694115502 2.882925785647348;8.142823342037381;19.19785050190651;3.192358009390280;12.18201322376776
58;16;-13.91554244675716 15.73089588256657;-13.91554244675716 15.73089588256657;-14.02205527158201 15.86909976695235;19.41159926478535;-1.980118694115502 2.882925785647348;8.142823342037381;19.19785050190651;3.192358009390280;21.00246192368052
58;17;-19.99361480221266 19.96121433129253;-19.99361480221266 19.96121433129253;-19.99361480221266 19.96121433129253;19.67297083299347;-1.980118694115502 2.882925785647348;8.142823342037381;19.19785050190651;3.192358009390280;28.25233991086500
58;18;-5.022300648091804 -8.978104728721492;-5.022300648091804 -8.978104728721492;-5.030776273546366 -8.010330546247765;14.77915653623989;-1.980118694115502 2.882925785647348;8.142823342037381;19.19785050190651;3.192358009390280;10.28736449824320
58;19;23.78654682882071 -29.35244813236717;23.78654682882071 -29.35244813236717;23.78654682882071 -29.35244813236717;21.79260010912058;-1.980118694115502 2.882925785647348;8.142823342037381;19.19785050190651;3.192358009390280;37.78049789776446
59;0;-15.61045744352631 -10.35781783996828;-15.61045744352631 -10.35781783996828;-16.06216491430313 -10.47100744316342;20.41861327927781;-1.980118694115502 2.882925785647348;8.142823342037381;19.27459573025313;3.214006547437604;18.73421394139907
59;1;4.289883182740236 20.00149191741699;4.289883182740236 20.00149191741699;4.058386101385703 20.96663532214607;19.14171099827978;-1.980118694115502 2.882925785647348;8.142823342037381;19.27459573025313;3.214006547437604;20.45636274228766
59;2;-29.98214325899238 8.327981521014780;-29.98214325899238 8.327981521014780;-29.98214325899238 8.327981521014780;21.17394452959714;-1.980118694115502 2.882925785647348;8.142823342037381;19.27459573025313;3.214006547437604;31.11726515324099
59;3;15.46519933502183 2.127038480150204;15.46519933502183 2.127038480150204;15.19680995838062 2.142801177746482;18.82622567335569;-1.980118694115502 2.882925785647348;8.142823342037381;19.27459573025313;3.214006547437604;15.61078739743769
59;4;-1.585480103023380 2.346228821244354;-1.585480103023380 2.346228821244354;-1.980118694115502 2.882925785647348;8.142823342037381;-1.980118694115502 2.882925785647348;8.142823342037381;19.27459573025313;3.214006547437604;2.831702109813230
59;5;25.52946621784137 -15.59120167018655;25.52946621784137 -15.59120167018655;25.79369816943991 -15.99650408246632;20.55696200071359;-1.980118694115502 2.882925785647348;8.142823342037381;19.27459573025313;3.214006547437604;29.91386325582725
59;6;11.92408291140462 -8.629780825724215;11.92408291140462 -8.629780825724215;11.92408291140462 -8.629780825724215;19.11698609419309;-1.980118694115502 2.882925785647348;8.142823342037381;19.27459573025313;3.214006547437604;14.71926867674101
59;7;22.25150008463422 -1.122117481608003;22.25150008463422 -1.122117481608003;22.00311376135862 -2.036547148673992;19.15697147005296;-1.980118694115502 2.882925785647348;8.142823342037381;19.27459573025313;3.214006547437604;22.27977566446770
59;8;30.55188809603301 -31.83443617743956;30.55188809603301 -31.83443617743956;30.55188809603301 -31.83443617743956;21.87729940454194;-1.980118694115502 2.882925785647348;8.142823342037381;19.27459573025313;3.214006547437604;44.12311404431917
59;9;-5.875571806895084 -4.884496414656606;-5.875571806895084 -4.884496414656606;-5.894916220115789 -4.908945242037799;13.69956412512603;-1.980118694115502 2.882925785647348;8.142823342037381;19.27459573025313;3.214006547437604;7.640723086382178
59;10;24.05763163296817 24.43879137020287;24.05763163296817 24.43879137020287;24.11422770470350 24.25727067591554;21.13519105104544;-1.980118694115502 2.882925785647348;8.142823342037381;19.27459573025313;3.214006547437604;34.29320870702964
59;11;22.51249229483063 9.374883354432127;22.51249229483063 9.374883354432127;22.80539325336843 9.124189434371658;20.40630493096825;-1.980118694115502 2.882925785647348;8.142823342037381;19.27459573025313;3.214006547437604;24.38648698017033
59;12;-8.955138712007697 14.32889498943528;-8.955138712007697 14.32889498943528;-9.921153280840795 14.06082322429180;18.49497479378925;-1.980118694115502 2.882925785647348;8.142823342037381;19.27459573025313;3.214006547437604;16.89709267801898
59;13;-29.16439364416290 3.951887478612701;-29.16439364416290 3.951887478612701;-29.16439364416290 3.951887478612701;20.32447830536276;-1.980118694115502 2.882925785647348;8.142823342037381;19.27459573025313;3.214006547437604;29.43092372446548
59;14;13.06645348721556 16.11821395280656;13.29690623154144 16.27989514812607;12.98912377190575 16.03679260851320;18.95880385204291;-1.980118694115502 2.882925785647348;8.142823342037381;19.27459573025313;3.214006547437604;21.02005474218334
59;15;-9.983727979839646 -6.980445674068357;-9.983727979839646 -6.980445674068357;-9.983727979839646 -6.980445674068357;16.44596710011549;-1.980118694115502 2.882925785647348;8.142823342037381;19.27459573025313;3.214006547437604;12.18201322376776
59;16;-13.91554244675716 15.73089588256657;-13.91554244675716 15.73089588256657;-14.02205527158201 15.86909976695235;19.41159926478535;-1.980118694115502 2.882925785647348;8.142823342037381;19.27459573025313;3.214006547437604;21.00246192368052
59;17;-19.99361480221266 19.96121433129253;-19.99361480221266 19.96121433129253;-19.99361480221266 19.96121433129253;19.67297083299347;-1.980118694115502 2.882925785647348;8.142823342037381;19.27459573025313;3.214006547437604;28.25233991086500
59;18;-5.022300648091804 -8.978104728721492;-5.022300648091804 -8.978104728721492;-5.030776273546366 -8.010330546247765;14.77915653623989;-1.980118694115502 2.882925785647348;8.142823342037381;19.27459573025313;3.214006547437604;10.28736449824320
59;19;23.78654682882071 -29.35244813236717;23.78654682882071 -29.35244813236717;23.78654682882071 -29.35244813236717;21.79260010912058;-1.980118694115502 2.882925785647348;8.142823342037381;19.27459573025313;3.214006547437604;37.78049789776446
60;0;-15.61045744352631 -10.35781783996828;-15.61045744352631 -10.35781783996828;-16.06216491430313 -10.47100744316342;20.41861327927781;-1.980118694115502 2.882925785647348;8.142823342037381;19.29854529127324;3.136936216325385;18.73421394139907
60;1;4.289883182740236 20.00149191741699;4.289883182740236 20.00149191741699;4.058386101385703 20.96663532214607;19.14171099827978;-1.980118694115502 2.882925785647348;8.142823342037381;19.29854529127324;3.136936216325385;20.45636274228766
60;2;-29.98214325899238 8.327981521014780;-29.98214325899238 8.327981521014780;-29.98214325899238 8.327981521014780;21.17394452959714;-1.980118694115502 2.882925785647348;8.142823342037381;19.29854529127324;3.136936216325385;31.11726515324099
60;3;15.46519933502183 2.127038480150204;15.46519933502183 2.127038480150204;15.19680995838062 2.142801177746482;18.82622567335569;-1.980118694115502 2.882925785647348;8.142823342037381;19.29854529127324;3.136936216325385;15.61078739743769
60;4;-1.585480103023380 2.346228821244354;-1.546766148155240 2.697393353076110;-1.980118694115502 2.882925785647348;8.142823342037381;-1.980118694115502 2.882925785647348;8.142823342037381;19.29854529127324;3.136936216325385;3.109407727895809
60;5;25.52946621784137 -15.59120167018655;25.52946621784137 -15.59120167018655;25.79369816943991 -15.99650408246632;20.55696200071359;-1.980118694115502 2.882925785647348;8.142823342037381;19.29854529127324;3.136936216325385;29.91386325582725
60;6;11.92408291140462 -8.629780825724215;11.92408291140462 -8.629780825724215;11.92408291140462 -8.629780825724215;19.11698609419309;-1.980118694115502 2.882925785647348;8.142823342037381;19.29854529127324;3.136936216325385;14.71926867674101
60;7;22.25150008463422 -1.122117481608003;22.25150008463422 -1.122117481608003;22.00311376135862 -2.036547148673992;19.15697147005296;-1.980118694115502 2.882925785647348;8.142823342037381;19.29854529127324;3.136936216325385;22.27977566446770
60;8;30.55188809603301 -31.83443617743956;30.55188809603301 -31.83443617743956;30.55188809603301 -31.83443617743956;21.87729940454194;-1.980118694115502 2.882925785647348;8.142823342037381;19.29854529127324;3.136936216325385;44.12311404431917
60;9;-5.875571806895084 -4.884496414656606;-5.875571806895084 -4.884496414656606;-5.894916220115789 -4.908945242037799;13.69956412512603;-1.980118694115502 2.882925785647348;8.142823342037381;19.29854529127324;3.136936216325385;7.640723086382178
60;10;24.05763163296817 24.43879137020287;24.05763163296817 24.43879137020287;24.11422770470350 24.25727067591554;21.13519105104544;-1.980118694115502 2.882925785647348;8.142823342037381;19.29854529127324;3.136936216325385;34.29320870702964
60;11;22.51249229483063 9.374883354432127;22.51249229483063 9.374883354432127;22.80539325336843 9.124189434371658;20.40630493096825;-1.980118694115502 2.882925785647348;8.142823342037381;19.29854529127324;3.136936216325385;24.38648698017033
60;12;-8.955138712007697 14.32889498943528;-8.955138712007697 14.32889498943528;-9.921153280840795 14.06082322429180;18.49497479378925;-1.980118694115502 2.882925785647348;8.142823342037381;19.29854529127324;3.136936216325385;16.89709267801898
60;13;-29.16439364416290 3.951887478612701;-29.16439364416290 3.951887478612701;-29.16439364416290 3.951887478612701;20.32447830536276;-1.980118694115502 2.882925785647348;8.142823342037381;19.29854529127324;3.136936216325385;29.43092372446548
60;14;13.29690623154144 16.27989514812607;13.29690623154144 16.27989514812607;12.98912377190575 16.03679260851320;18.95880385204291;-1.980118694115502 2.882925785647348;8.142823342037381;19.29854529127324;3.136936216325385;21.02005474218334
60;15;-9.983727979839646 -6.980445674068357;-9.983727979839646 -6.980445674068357;-9.983727979839646 -6.980445674068357;16.44596710011549;-1.980118694115502 2.882925785647348;8.142823342037381;19.29854529127324;3.136936216325385;12.18201322376776
60;16;-13.91554244675716 15.73089588256657;-13.91554244675716 15.73089588256657;-14.02205527158201 15.86909976695235;19.41159926478535;-1.980118694115502 2.882925785647348;8.142823342037381;19.29854529127324;3.136936216325385;21.00246192368052
60;17;-19.99361480221266 19.96121433129253;-19.99361480221266 19.96121433129253;-19.99361480221266 19.96121433129253;19.67297083299347;-1.980118694115502 2.882925785647348;8.142823342037381;19.29854529127324;3.136936216325385;28.25233991086500
60;18;-5.022300648091804 -8.978104728721492;-5.022300648091804 -8.978104728721492;-5.030776273546366 -8.010330546247765;14.77915653623989;-1.980118694115502 2.882925785647348;8.142823342037381;19.29854529127324;3.136936216325385;10.28736449824320
60;19;23.78654682882071 -29.35244813236717;23.78654682882071 -29.35244813236717;23.78654682882071 -29.35244813236717;21.79260010912058;-1.980118694115502 2.882925785647348;8.142823342037381;19.29854529127324;3.136936216325385;37.78049789776446
61;0;-15.61045744352631 -10.35781783996828;-15.61045744352631 -10.35781783996828;-16.06216491430313 -10.47100744316342;20.41861327927781;-1.980118694115502 2.882925785647348;8.142823342037381;19.29854529127324;3.136936216325385;18.73421394139907
61;1;4.289883182740236 20.00149191741699;4.289883182740236 20.00149191741699;4.058386101385703 20.96663532214607;19.14171099827978;-1.980118694115502 2.882925785647348;8.142823342037381;19.29854529127324;3.136936216325385;20.45636274228766
61;2;-29.98214325899238 8.327981521014780;-29.98214325899238 8.327981521014780;-29.98214325899238 8.327981521014780;21.17394452959714;-1.980118694115502 2.882925785647348;8.142823342037381;19.29854529127324;3.136936216325385;31.11726515324099
61;3;15.46519933502183 2.127038480150204;15.46519933502183 2.127038480150204;15.19680995838062 2.142801177746482;18.82622567335569;-1.980118694115502 2.882925785647348;8.142823342037381;19.29854529127324;3.136936216325385;15.61078739743769
61;4;-1.546766148155240 2.697393353076110;-1.546766148155240 2.697393353076110;-1.980118694115502 2.882925785647348;8.142823342037381;-1.980118694115502 2.882925785647348;8.142823342037381;19.29854529127324;3.136936216325385;3.109407727895809
61;5;25.52946621784137 -15.59120167018655;25.52946621784137 -15.59120167018655;25.79369816943991 -15.99650408246632;20.55696200071359;-1.980118694115502 2.882925785647348;8.142823342037381;19.29854529127324;3.136936216325385;29.91386325582725
61;6;11.92408291140462 -8.629780825724215;11.92408291140462 -8.629780825724215;11.92408291140462 -8.629780825724215;19.11698609419309;-1.980118694115502 2.882925785647348;8.142823342037381;19.29854529127324;3.136936216325385;14.71926867674101
61;7;22.25150008463422 -1.122117481608003;22.25150008463422 -1.122117481608003;22.00311376135862 -2.036547148673992;19.15697147005296;-1.980118694115502 2.882925785647348;8.142823342037381;19.29854529127324;3.136936216325385;22.27977566446770
61;8;30.55188809603301 -31.83443617743956;30.55188809603301 -31.83443617743956;30.55188809603301 -31.83443617743956;21.87729940454194;-1.980118694115502 2.882925785647348;8.142823342037381;19.29854529127324;3.136936216325385;44.12311404431917
61;9;-5.875571806895084 -4.884496414656606;-5.875571806895084 -4.884496414656606;-5.894916220115789 -4.908945242037799;13.69956412512603;-1.980118694115502 2.882925785647348;8.142823342037381;19.29854529127324;3.136936216325385;7.640723086382178
61;10;24.05763163296817 24.43879137020287;24.05763163296817 24.43879137020287;24.11422770470350 24.25727067591554;21.13519105104544;-1.980118694115502 2.882925785647348;8.142823342037381;19.29854529127324;3.136936216325385;34.29320870702964
61;11;22.51249229483063 9.374883354432127;22.51249229483063 9.374883354432127;22.80539325336843 9.124189434371658;20.40630493096825;-1.980118694115502 2.882925785647348;8.142823342037381;19.29854529127324;3.136936216325385;24.38648698017033
61;12;-8.955138712007697 14.32889498943528;-8.955138712007697 14.32889498943528;-9.921153280840795 14.06082322429180;18.49497479378925;-1.980118694115502 2.882925785647348;8.142823342037381;19.29854529127324;3.136936216325385;16.89709267801898
61;13;-29.16439364416290 3.951887478612701;-29.16439364416290 3.951887478612701;-29.16439364416290 3.951887478612701;20.32447830536276;-1.980118694115502 2.882925785647348;8.142823342037381;19.29854529127324;3.136936216325385;29.43092372446548
61;14;13.29690623154144 16.27989514812607;13.29690623154144 16.27989514812607;12.98912377190575 16.03679260851320;18.95880385204291;-1.980118694115502 2.882925785647348;8.142823342037381;19.29854529127324;3.136936216325385;21.02005474218334
61;15;-9.983727979839646 -6.980445674068357;-9.983727979839646 -6.980445674068357;-9.983727979839646 -6.980445674068357;16.44596710011549;-1.980118694115502 2.882925785647348;8.142823342037381;19.29854529127324;3.136936216325385;12.18201322376776
61;16;-13.91554244675716 15.73089588256657;-13.91554244675716 15.73089588256657;-14.02205527158201 15.86909976695235;19.41159926478535;-1.980118694115502 2.882925785647348;8.142823342037381;19.29854529127324;3.136936216325385;21.00246192368052
61;17;-19.99361480221266 19.96121433129253;-19.99361480221266 19.96121433129253;-19.99361480221266 19.96121433129253;19.67297083299347;-1.980118694115502 2.882925785647348;8.142823342037381;19.29854529127324;3.136936216325385;28.25233991086500
61;18;-5.022300648091804 -8.978104728721492;-5.022300648091804 -8.978104728721492;-5.030776273546366 -8.010330546247765;14.77915653623989;-1.980118694115502 2.882925785647348;8.142823342037381;19.29854529127324;3.136936216325385;10.28736449824320
61;19;23.78654682882071 -29.35244813236717;23.78654682882071 -29.35244813236717;23.78654682882071 -29.35244813236717;21.79260010912058;-1.980118694115502 2.882925785647348;8.142823342037381;19.29854529127324;3.136936216325385;37.78049789776446
62;0;-15.61045744352631 -10.35781783996828;-15.61045744352631 -10.35781783996828;-16.06216491430313 -10.47100744316342;20.41861327927781;-1.980118694115502 2.882925785647348;8.142823342037381;19.38390717701340;3.169028012675192;18.73421394139907
62;1;4.289883182740236 20.00149191741699;4.289883182740236 20.00149191741699;4.058386101385703 20.96663532214607;19.14171099827978;-1.980118694115502 2.882925785647348;8.142823342037381;19.38390717701340;3.169028012675192;20.45636274228766
62;2;-29.98214325899238 8.327981521014780;-29.98214325899238 8.327981521014780;-29.98214325899238 8.327981521014780;21.17394452959714;-1.980118694115502 2.882925785647348;8.142823342037381;19.38390717701340;3.169028012675192;31.11726515324099
62;3;15.46519933502183 2.127038480150204;15.46519933502183 2.127038480150204;15.19680995838062 2.142801177746482;18.82622567335569;-1.980118694115502 2.882925785647348;8.142823342037381;19.38390717701340;3.169028012675192;15.61078739743769
62;4;-1.546766148155240 2.697393353076110;-1.546766148155240 2.697393353076110;-1.980118694115502 2.882925785647348;8.142823342037381;-1.980118694115502 2.882925785647348;8.142823342037381;19.38390717701340;3.169028012675192;3.109407727895809
62;5;25.52946621784137 -15.59120167018655;25.52946621784137 -15.59120167018655;25.79369816943991 -15.99650408246632;20.55696200071359;-1.980118694115502 2.882925785647348;8.142823342037381;19.38390717701340;3.169028012675192;29.91386325582725
62;6;11.92408291140462 -8.629780825724215;11.92408291140462 -8.629780825724215;11.92408291140462 -8.629780825724215;19.11698609419309;-1.980118694115502 2.882925785647348;8.142823342037381;19.38390717701340;3.169028012675192;14.71926867674101
62;7;22.25150008463422 -1.122117481608003;22.25150008463422 -1.122117481608003;22.00311376135862 -2.036547148673992;19.15697147005296;-1.980118694115502 2.882925785647348;8.142823342037381;19.38390717701340;3.169028012675192;22.27977566446770
62;8;30.55188809603301 -31.83443617743956;30.55188809603301 -31.83443617743956;30.55188809603301 -31.83443617743956;21.87729940454194;-1.980118694115502 2.882925785647348;8.142823342037381;19.38390717701340;3.169028012675192;44.12311404431917
62;9;-5.875571806895084 -4.884496414656606;-5.875571806895084 -4.884496414656606;-5.894916220115789 -4.908945242037799;13.69956412512603;-1.980118694115502 2.882925785647348;8.142823342037381;19.38390717701340;3.169028012675192;7.640723086382178
62;10;24.05763163296817 24.43879137020287;24.05763163296817 24.43879137020287;24.11422770470350 24.25727067591554;21.13519105104544;-1.980118694115502 2.882925785647348;8.142823342037381;19.38390717701340;3.169028012675192;34.29320870702964
62;11;22.51249229483063 9.374883354432127;22.51249229483063 9.374883354432127;22.80539325336843 9.124189434371658;20.40630493096825;-1.980118694115502 2.882925785647348;8.142823342037381;19.38390717701340;3.169028012675192;24.38648698017033
62;12;-8.955138712007697 14.32889498943528;-8.955138712007697 14.32889498943528;-9.921153280840795 14.06082322429180;18.49497479378925;-1.980118694115502 2.882925785647348;8.142823342037381;19.38390717701340;3.169028012675192;16.89709267801898
62;13;-29.16439364416290 3.951887478612701;-29.16439364416290 3.951887478612701;-29.16439364416290 3.951887478612701;20.32447830536276;-1.980118694115502 2.882925785647348;8.142823342037381;19.38390717701340;3.169028012675192;29.43092372446548
62;14;13.29690623154144 16.27989514812607;13.29690623154144 16.27989514812607;12.98912377190575 16.03679260851320;18.95880385204291;-1.980118694115502 2.882925785647348;8.142823342037381;19.38390717701340;3.169028012675192;21.02005474218334
62;15;-9.983727979839646 -6.980445674068357;-9.983727979839646 -6.980445674068357;-9.983727979839646 -6.980445674068357;16.44596710011549;-1.980118694115502 2.882925785647348;8.142823342037381;19.38390717701340;3.169028012675192;12.18201322376776
62;16;-13.91554244675716 15.73089588256657;-13.91554244675716 15.73089588256657;-14.02205527158201 15.86909976695235;19.41159926478535;-1.980118694115502 2.882925785647348;8.142823342037381;19.38390717701340;3.169028012675192;21.00246192368052
62;17;-19.99361480221266 19.96121433129253;-20.03791895306321 20.47893601466407;-19.99361480221266 19.96121433129253;19.67297083299347;-1.980118694115502 2.882925785647348;8.142823342037381;19.38390717701340;3.169028012675192;28.65144003819415
62;18;-5.022300648091804 -8.978104728721492;-5.022300648091804 -8.978104728721492;-5.030776273546366 -8.010330546247765;14.77915653623989;-1.980118694115502 2.882925785647348;8.142823342037381;19.38390717701340;3.169028012675192;10.28736449824320
62;19;23.78654682882071 -29.35244813236717;23.78654682882071 -29.35244813236717;23.78654682882071 -29.35244813236717;21.79260010912058;-1.980118694115502 2.882925785647348;8.142823342037381;19.38390717701340;3.169028012675192;37.78049789776446
63;0;-15.61045744352631 -10.35781783996828;-15.61045744352631 -10.35781783996828;-16.06216491430313 -10.47100744316342;20.41861327927781;-1.980118694115502 2.882925785647348;8.142823342037381;19.41349725222209;3.119667080680072;18.73421394139907
63;1;4.289883182740236 20.00149191741699;4.289883182740236 20.00149191741699;4.058386101385703 20.96663532214607;19.14171099827978;-1.980118694115502 2.882925785647348;8.142823342037381;19.41349725222209;3.119667080680072;20.45636274228766
63;2;-29.98214325899238 8.327981521014780;-29.98214325899238 8.327981521014780;-29.98214325899238 8.327981521014780;21.17394452959714;-1.980118694115502 2.882925785647348;8.142823342037381;19.41349725222209;3.119667080680072;31.11726515324099
63;3;15.46519933502183 2.127038480150204;15.46519933502183 2.127038480150204;15.19680995838062 2.142801177746482;18.82622567335569;-1.980118694115502 2.882925785647348;8.142823342037381;19.41349725222209;3.119667080680072;15.61078739743769
63;4;-1.546766148155240 2.697393353076110;-1.546766148155240 2.697393353076110;-1.980118694115502 2.882925785647348;8.142823342037381;-1.980118694115502 2.882925785647348;8.142823342037381;19.41349725222209;3.119667080680072;3.109407727895809
63;5;25.52946621784137 -15.59120167018655;25.52946621784137 -15.59120167018655;25.79369816943991 -15.99650408246632;20.55696200071359;-1.980118694115502 2.882925785647348;8.142823342037381;19.41349725222209;3.119667080680072;29.91386325582725
63;6;11.92408291140462 -8.629780825724215;11.92408291140462 -8.629780825724215;11.92408291140462 -8.629780825724215;19.11698609419309;-1.980118694115502 2.882925785647348;8.142823342037381;19.41349725222209;3.119667080680072;14.71926867674101
63;7;22.25150008463422 -1.122117481608003;22.25150008463422 -1.122117481608003;22.00311376135862 -2.036547148673992;19.15697147005296;-1.980118694115502 2.882925785647348;8.142823342037381;19.41349725222209;3.119667080680072;22.27977566446770
63;8;30.55188809603301 -31.83443617743956;30.55188809603301 -31.83443617743956;30.55188809603301 -31.83443617743956;21.87729940454194;-1.980118694115502 2.882925785647348;8.142823342037381;19.41349725222209;3.119667080680072;44.12311404431917
63;9;-5.875571806895084 -4.884496414656606;-6.075671228014694 -4.747494496754059;-5.894916220115789 -4.908945242037799;13.69956412512603;-1.980118694115502 2.882925785647348;8.142823342037381;19.41349725222209;3.119667080680072;7.710543746561306
63;10;24.05763163296817 24.43879137020287;24.05763163296817 24.43879137020287;24.11422770470350 24.25727067591554;21.13519105104544;-1.980118694115502 2.882925785647348;8.142823342037381;19.41349725222209;3.119667080680072;34.29320870702964
63;11;22.51249229483063 9.374883354432127;22.51249229483063 9.374883354432127;22.80539325336843 9.124189434371658;20.40630493096825;-1.980118694115502 2.882925785647348;8.142823342037381;19.41349725222209;3.119667080680072;24.38648698017033
63;12;-8.955138712007697 14.32889498943528;-8.955138712007697 14.32889498943528;-9.921153280840795 14.06082322429180;18.49497479378925;-1.980118694115502 2.882925785647348;8.142823342037381;19.41349725222209;3.119667080680072;16.89709267801898
63;13;-29.16439364416290 3.951887478612701;-29.16439364416290 3.951887478612701;-29.16439364416290 3.951887478612701;20.32447830536276;-1.980118694115502 2.882925785647348;8.142823342037381;19.41349725222209;3.119667080680072;29.43092372446548
63;14;13.29690623154144 16.27989514812607;13.29690623154144 16.27989514812607;12.98912377190575 16.03679260851320;18.95880385204291;-1.980118694115502 2.882925785647348;8.142823342037381;19.41349725222209;3.119667080680072;21.02005474218334
63;15;-9.983727979839646 -6.980445674068357;-9.983727979839646 -6.980445674068357;-9.983727979839646 -6.980445674068357;16.44596710011549;-1.980118694115502 2.882925785647348;8.142823342037381;19.41349725222209;3.119667080680072;12.18201322376776
63;16;-13.91554244675716 15.73089588256657;-13.91554244675716 15.73089588256657;-14.02205527158201 15.86909976695235;19.41159926478535;-1.980118694115502 2.882925785647348;8.142823342037381;19.41349725222209;3.119667080680072;21.00246192368052
63;17;-20.03791895306321 20.47893601466407;-20.03791895306321 20.47893601466407;-19.99361480221266 19.96121433129253;19.67297083299347;-1.980118694115502 2.882925785647348;8.142823342037381;19.41349725222209;3.119667080680072;28.65144003819415
63;18;-5.022300648091804 -8.978104728721492;-5.022300648091804 -8.978104728721492;-5.030776273546366 -8.010330546247765;14.77915653623989;-1.980118694115502 2.882925785647348;8.142823342037381;19.41349725222209;3.119667080680072;10.28736449824320
63;19;23.78654682882071 -29.35244813236717;23.78654682882071 -29.35244813236717;23.78654682882071 -29.35244813236717;21.79260010912058;-1.980118694115502 2.882925785647348;8.142823342037381;19.41349725222209;3.119667080680072;37.78049789776446
64;0;-15.61045744352631 -10.35781783996828;-15.61045744352631 -10.35781783996828;-16.06216491430313 -10.47100744316342;20.41861327927781;-1.980118694115502 2.882925785647348;8.142823342037381;19.46589086432304;3.145087165865661;18.73421394139907
64;1;4.289883182740236 20.00149191741699;4.289883182740236 20.00149191741699;4.058386101385703 20.96663532214607;19.14171099827978;-1.980118694115502 2.882925785647348;8.142823342037381;19.46589086432304;3.145087165865661;20.45636274228766
64;2;-29.98214325899238 8.327981521014780;-29.98214325899238 8.327981521014780;-29.98214325899238 8.327981521014780;21.17394452959714;-1.980118694115502 2.882925785647348;8.142823342037381;19.46589086432304;3.145087165865661;31.11726515324099
64;3;15.46519933502183 2.127038480150204;15.46519933502183 2.127038480150204;15.19680995838062 2.142801177746482;18.82622567335569;-1.980118694115502 2.882925785647348;8.142823342037381;19.46589086432304;3.145087165865661;15.61078739743769
64;4;-1.546766148155240 2.697393353076110;-1.546766148155240 2.697393353076110;-1.980118694115502 2.882925785647348;8.142823342037381;-1.980118694115502 2.882925785647348;8.142823342037381;19.46589086432304;3.145087165865661;3.109407727895809
64;5;25.52946621784137 -15.59120167018655;25.52946621784137 -15.59120167018655;25.79369816943991 -15.99650408246632;20.55696200071359;-1.980118694115502 2.882925785647348;8.142823342037381;19.46589086432304;3.145087165865661;29.91386325582725
64;6;11.92408291140462 -8.629780825724215;11.92408291140462 -8.629780825724215;11.92408291140462 -8.629780825724215;19.11698609419309;-1.980118694115502 2.882925785647348;8.142823342037381;19.46589086432304;3.145087165865661;14.71926867674101
64;7;22.25150008463422 -1.122117481608003;22.56912420063123 -1.407971736908868;22.00311376135862 -2.036547148673992;19.15697147005296;-1.980118694115502 2.882925785647348;8.142823342037381;19.46589086432304;3.145087165865661;22.61299961516500
64;8;30.55188809603301 -31.83443617743956;30.55188809603301 -31.83443617743956;30.55188809603301 -31.83443617743956;21.87729940454194;-1.980118694115502 2.882925785647348;8.142823342037381;19.46589086432304;3.145087165865661;44.12311404431917
64;9;-6.075671228014694 -4.747494496754059;-6.075671228014694 -4.747494496754059;-5.894916220115789 -4.908945242037799;13.69956412512603;-1.980118694115502 2.882925785647348;8.142823342037381;19.46589086432304;3.145087165865661;7.710543746561306
64;10;24.05763163296817 24.43879137020287;24.05763163296817 24.43879137020287;24.11422770470350 24.25727067591554;21.13519105104544;-1.980118694115502 2.882925785647348;8.142823342037381;19.46589086432304;3.145087165865661;34.29320870702964
64;11;22.51249229483063 9.374883354432127;22.51249229483063 9.374883354432127;22.80539325336843 9.124189434371658;20.40630493096825;-1.980118694115502 2.882925785647348;8.142823342037381;19.46589086432304;3.145087165865661;24.38648698017033
64;12;-8.955138712007697 14.32889498943528;-8.955138712007697 14.32889498943528;-9.921153280840795 14.06082322429180;18.49497479378925;-1.980118694115502 2.882925785647348;8.142823342037381;19.46589086432304;3.145087165865661;16.89709267801898
64;13;-29.16439364416290 3.951887478612701;-29.16439364416290 3.951887478612701;-29.16439364416290 3.951887478612701;20.32447830536276;-1.980118694115502 2.882925785647348;8.142823342037381;19.46589086432304;3.145087165865661;29.43092372446548
64;14;13.29690623154144 16.27989514812607;13.29690623154144 16.27989514812607;12.98912377190575 16.03679260851320;18.95880385204291;-1.980118694115502 2.882925785647348;8.142823342037381;19.46589086432304;3.145087165865661;21.02005474218334
64;15;-9.983727979839646 -6.980445674068357;-9.983727979839646 -6.980445674068357;-9.983727979839646 -6.980445674068357;16.44596710011549;-1.980118694115502 2.882925785647348;8.142823342037381;19.46589086432304;3.145087165865661;12.18201322376776
64;16;-13.91554244675716 15.73089588256657;-13.91554244675716 15.73089588256657;-14.02205527158201 15.86909976695235;19.41159926478535;-1.980118694115502 2.882925785647348;8.142823342037381;19.46589086432304;3.145087165865661;21.00246192368052
64;17;-20.03791895306321 20.47893601466407;-20.03791895306321 20.47893601466407;-19.99361480221266 19.96121433129253;19.67297083299347;-1.980118694115502 2.882925785647348;8.142823342037381;19.46589086432304;3.145087165865661;28.65144003819415
64;18;-5.022300648091804 -8.978104728721492;-5.022300648091804 -8.978104728721492;-5.030776273546366 -8.010330546247765;14.77915653623989;-1.980118694115502 2.882925785647348;8.142823342037381;19.46589086432304;3.145087165865661;10.28736449824320
64;19;23.78654682882071 -29.35244813236717;23.78654682882071 -29.35244813236717;23.78654682882071 -29.35244813236717;21.79260010912058;-1.980118694115502 2.882925785647348;8.142823342037381;19.46589086432304;3.145087165865661;37.78049789776446
65;0;-15.61045744352631 -10.35781783996828;-15.61045744352631 -10.35781783996828;-16.06216491430313 -10.47100744316342;20.41861327927781;-1.980118694115502 2.882925785647348;8.142823342037381;19.34248006871984;3.131209996446639;18.73421394139907
65;1;4.289883182740236 20.00149191741699;4.289883182740236 20.00149191741699;4.058386101385703 20.96663532214607;19.14171099827978;-1.980118694115502 2.882925785647348;8.142823342037381;19.34248006871984;3.131209996446639;20.45636274228766
65;2;-29.98214325899238 8.327981521014780;-29.98214325899238 8.327981521014780;-29.98214325899238 8.327981521014780;21.17394452959714;-1.980118694115502 2.882925785647348;8.142823342037381;19.34248006871984;3.131209996446639;31.11726515324099
65;3;15.46519933502183 2.127038480150204;15.46519933502183 2.127038480150204;15.19680995838062 2.142801177746482;18.82622567335569;-1.980118694115502 2.882925785647348;8.142823342037381;19.34248006871984;3.131209996446639;15.61078739743769
65;4;-1.546766148155240 2.697393353076110;-1.546766148155240 2.697393353076110;-1.980118694115502 2.882925785647348;8.142823342037381;-1.980118694115502 2.882925785647348;8.142823342037381;19.34248006871984;3.131209996446639;3.109407727895809
65;5;25.52946621784137 -15.59120167018655;25.93292817979536 -16.08284578418871;25.93292817979536 -16.08284578418871;20.01588019857293;-1.980118694115502 2.882925785647348;8.142823342037381;19.34248006871984;3.131209996446639;30.51515512817231
65;6;11.92408291140462 -8.629780825724215;11.92408291140462 -8.629780825724215;11.92408291140462 -8.629780825724215;19.11698609419309;-1.980118694115502 2.882925785647348;8.142823342037381;19.34248006871984;3.131209996446639;14.71926867674101
65;7;22.56912420063123 -1.407971736908868;22.56912420063123 -1.407971736908868;22.00311376135862 -2.036547148673992;19.15697147005296;-1.980118694115502 2.882925785647348;8.142823342037381;19.34248006871984;3.131209996446639;22.61299961516500
65;8;30.55188809603301 -31.83443617743956;30.55188809603301 -31.83443617743956;30.55188809603301 -31.83443617743956;21.87729940454194;-1.980118694115502 2.882925785647348;8.142823342037381;19.34248006871984;3.131209996446639;44.12311404431917
65;9;-6.075671228014694 -4.747494496754059;-5.096605249869170 -4.676950140337949;-5.894916220115789 -4.908945242037799;13.69956412512603;-1.980118694115502 2.882925785647348;8.142823342037381;19.34248006871984;3.131209996446639;6.917315063534488
65;10;24.05763163296817 24.43879137020287;24.05763163296817 24.43879137020287;24.11422770470350 24.25727067591554;21.13519105104544;-1.980118694115502 2.882925785647348;8.142823342037381;19.34248006871984;3.131209996446639;34.29320870702964
65;11;22.51249229483063 9.374883354432127;22.51249229483063 9.374883354432127;22.80539325336843 9.124189434371658;20.40630493096825;-1.980118694115502 2.882925785647348;8.142823342037381;19.34248006871984;3.131209996446639;24.38648698017033
65;12;-8.955138712007697 14.32889498943528;-8.955138712007697 14.32889498943528;-9.921153280840795 14.06082322429180;18.49497479378925;-1.980118694115502 2.882925785647348;8.142823342037381;19.34248006871984;3.131209996446639;16.89709267801898
65;13;-29.16439364416290 3.951887478612701;-29.16439364416290 3.951887478612701;-29.16439364416290 3.951887478612701;20.32447830536276;-1.980118694115502 2.882925785647348;8.142823342037381;19.34248006871984;3.131209996446639;29.43092372446548
65;14;13.29690623154144 16.27989514812607;13.29690623154144 16.27989514812607;12.98912377190575 16.03679260851320;18.95880385204291;-1.980118694115502 2.882925785647348;8.142823342037381;19.34248006871984;3.131209996446639;21.02005474218334
65;15;-9.983727979839646 -6.980445674068357;-9.983727979839646 -6.980445674068357;-9.983727979839646 -6.980445674068357;16.44596710011549;-1.980118694115502 2.882925785647348;8.142823342037381;19.34248006871984;3.131209996446639;12.18201322376776
65;16;-13.91554244675716 15.73089588256657;-13.91554244675716 15.73089588256657;-14.02205527158201 15.86909976695235;19.41159926478535;-1.980118694115502 2.882925785647348;8.142823342037381;19.34248006871984;3.131209996446639;21.00246192368052
65;17;-20.03791895306321 20.47893601466407;-20.03791895306321 20.47893601466407;-19.99361480221266 19.96121433129253;19.67297083299347;-1.980118694115502 2.882925785647348;8.142823342037381;19.34248006871984;3.131209996446639;28.65144003819415
65;18;-5.022300648091804 -8.978104728721492;-5.022300648091804 -8.978104728721492;-5.030776273546366 -8.010330546247765;14.77915653623989;-1.980118694115502 2.882925785647348;8.142823342037381;19.34248006871984;3.131209996446639;10.28736449824320
65;19;23.78654682882071 -29.35244813236717;23.78654682882071 -29.35244813236717;23.78654682882071 -29.35244813236717;21.79260010912058;-1.980118694115502 2.882925785647348;8.142823342037381;19.34248006871984;3.131209996446639;37.78049789776446
66;0;-15.61045744352631 -10.35781783996828;-15.92168029418498 -10.21163207179826;-15.92168029418498 -10.21163207179826;19.58937515101714;-1.980118694115502 2.882925785647348;8.142823342037381;19.30635611004657;3.132427877735807;18.91500285381996
66;1;4.289883182740236 20.00149191741699;4.289883182740236 20.00149191741699;4.058386101385703 20.96663532214607;19.14171099827978;-1.980118694115502 2.882925785647348;8.142823342037381;19.30635611004657;3.132427877735807;20.45636274228766
66;2;-29.98214325899238 8.327981521014780;-29.98214325899238 8.327981521014780;-29.98214325899238 8.327981521014780;21.17394452959714;-1.980118694115502 2.882925785647348;8.142823342037381;19.30635611004657;3.132427877735807;31.11726515324099
66;3;15.46519933502183 2.127038480150204;15.46519933502183 2.127038480150204;15.19680995838062 2.142801177746482;18.82622567335569;-1.980118694115502 2.882925785647348;8.142823342037381;19.30635611004657;3.132427877735807;15.61078739743769
66;4;-1.546766148155240 2.697393353076110;-1.546766148155240 2.697393353076110;-1.980118694115502 2.882925785647348;8.142823342037381;-1.980118694115502 2.882925785647348;8.142823342037381;19.30635611004657;3.132427877735807;3.109407727895809
66;5;25.93292817979536 -16.08284578418871;25.93292817979536 -16.08284578418871;25.93292817979536 -16.08284578418871;20.01588019857293;-1.980118694115502 2.882925785647348;8.142823342037381;19.30635611004657;3.132427877735807;30.51515512817231
66;6;11.92408291140462 -8.629780825724215;11.92408291140462 -8.629780825724215;11.92408291140462 -8.629780825724215;19.11698609419309;-1.980118694115502 2.882925785647348;8.142823342037381;19.30635611004657;3.132427877735807;14.71926867674101
66;7;22.56912420063123 -1.407971736908868;22.56912420063123 -1.407971736908868;22.00311376135862 -2.036547148673992;19.15697147005296;-1.980118694115502 2.882925785647348;8.142823342037381;19.30635611004657;3.132427877735807;22.61299961516500
66;8;30.55188809603301 -31.83443617743956;30.55188809603301 -31.83443617743956;30.55188809603301 -31.83443617743956;21.87729940454194;-1.980118694115502 2.882925785647348;8.142823342037381;19.30635611004657;3.132427877735807;44.12311404431917
66;9;-5.096605249869170 -4.676950140337949;-5.096605249869170 -4.676950140337949;-5.894916220115789 -4.908945242037799;13.69956412512603;-1.980118694115502 2.882925785647348;8.142823342037381;19.30635611004657;3.132427877735807;6.917315063534488
66;10;24.05763163296817 24.43879137020287;24.05763163296817 24.43879137020287;24.11422770470350 24.25727067591554;21.13519105104544;-1.980118694115502 2.882925785647348;8.142823342037381;19.30635611004657;3.132427877735807;34.29320870702964
66;11;22.51249229483063 9.374883354432127;22.51249229483063 9.374883354432127;22.80539325336843 9.124189434371658;20.40630493096825;-1.980118694115502 2.882925785647348;8.142823342037381;19.30635611004657;3.132427877735807;24.38648698017033
66;12;-8.955138712007697 14.32889498943528;-8.955138712007697 14.32889498943528;-9.921153280840795 14.06082322429180;18.49497479378925;-1.980118694115502 2.882925785647348;8.142823342037381;19.30635611004657;3.132427877735807;16.89709267801898
66;13;-29.16439364416290 3.951887478612701;-29.16439364416290 3.951887478612701;-29.16439364416290 3.951887478612701;20.32447830536276;-1.980118694115502 2.882925785647348;8.142823342037381;19.30635611004657;3.132427877735807;29.43092372446548
66;14;13.29690623154144 16.27989514812607;13.29690623154144 16.27989514812607;12.98912377190575 16.03679260851320;18.95880385204291;-1.980118694115502 2.882925785647348;8.142823342037381;19.30635611004657;3.132427877735807;21.02005474218334
66;15;-9.983727979839646 -6.980445674068357;-9.983727979839646 -6.980445674068357;-9.983727979839646 -6.980445674068357;16.44596710011549;-1.980118694115502 2.882925785647348;8.142823342037381;19.30635611004657;3.132427877735807;12.18201322376776
66;16;-13.91554244675716 15.73089588256657;-13.91554244675716 15.73089588256657;-14.02205527158201 15.86909976695235;19.41159926478535;-1.980118694115502 2.882925785647348;8.142823342037381;19.30635611004657;3.132427877735807;21.00246192368052
66;17;-20.03791895306321 20.47893601466407;-19.60317411006120 20.63831911884900;-19.99361480221266 19.96121433129253;19.67297083299347;-1.980118694115502 2.882925785647348;8.142823342037381;19.30635611004657;3.132427877735807;28.46444538790142
66;18;-5.022300648091804 -8.978104728721492;-5.022300648091804 -8.978104728721492;-5.030776273546366 -8.010330546247765;14.77915653623989;-1.980118694115502 2.882925785647348;8.142823342037381;19.30635611004657;3.132427877735807;10.28736449824320
66;19;23.78654682882071 -29.35244813236717;23.78654682882071 -29.35244813236717;23.78654682882071 -29.35244813236717;21.79260010912058;-1.980118694115502 2.882925785647348;8.142823342037381;19.30635611004657;3.132427877735807;37.78049789776446
67;0;-15.92168029418498 -10.21163207179826;-15.83335464989307 -9.767420299105261;-15.92168029418498 -10.21163207179826;19.58937515101714;-1.980118694115502 2.882925785647348;8.142823342037381;19.32298287469707;3.134767667298523;18.60369906144109
67;1;4.289883182740236 20.00149191741699;4.289883182740236 20.00149191741699;4.058386101385703 20.96663532214607;19.14171099827978;-1.980118694115502 2.882925785647348;8.142823342037381;19.32298287469707;3.134767667298523;20.45636274228766
67;2;-29.98214325899238 8.327981521014780;-29.98214325899238 8.327981521014780;-29.98214325899238 8.327981521014780;21.17394452959714;-1.980118694115502 2.882925785647348;8.142823342037381;19.32298287469707;3.134767667298523;31.11726515324099
67;3;15.46519933502183 2.127038480150204;15.46519933502183 2.127038480150204;15.19680995838062 2.142801177746482;18.82622567335569;-1.980118694115502 2.882925785647348;8.142823342037381;19.32298287469707;3.134767667298523;15.61078739743769
67;4;-1.546766148155240 2.697393353076110;-1.546766148155240 2.697393353076110;-1.980118694115502 2.882925785647348;8.142823342037381;-1.980118694115502 2.882925785647348;8.142823342037381;19.32298287469707;3.134767667298523;3.109407727895809
67;5;25.93292817979536 -16.08284578418871;25.93292817979536 -16.08284578418871;25.93292817979536 -16.08284578418871;20.01588019857293;-1.980118694115502 2.882925785647348;8.142823342037381;19.32298287469707;3.134767667298523;30.51515512817231
67;6;11.92408291140462 -8.629780825724215;11.92408291140462 -8.629780825724215;11.92408291140462 -8.629780825724215;19.11698609419309;-1.980118694115502 2.882925785647348;8.142823342037381;19.32298287469707;3.134767667298523;14.71926867674101
67;7;22.56912420063123 -1.407971736908868;22.56912420063123 -1.407971736908868;22.00311376135862 -2.036547148673992;19.15697147005296;-1.980118694115502 2.882925785647348;8.142823342037381;19.32298287469707;3.134767667298523;22.61299961516500
67;8;30.55188809603301 -31.83443617743956;30.55188809603301 -31.83443617743956;30.55188809603301 -31.83443617743956;21.87729940454194;-1.980118694115502 2.882925785647348;8.142823342037381;19.32298287469707;3.134767667298523;44.12311404431917
67;9;-5.096605249869170 -4.676950140337949;-5.096605249869170 -4.676950140337949;-5.894916220115789 -4.908945242037799;13.69956412512603;-1.980118694115502 2.882925785647348;8.142823342037381;19.32298287469707;3.134767667298523;6.917315063534488
67;10;24.05763163296817 24.43879137020287;24.05763163296817 24.43879137020287;24.11422770470350 24.25727067591554;21.13519105104544;-1.980118694115502 2.882925785647348;8.142823342037381;19.32298287469707;3.134767667298523;34.29320870702964
67;11;22.51249229483063 9.374883354432127;22.51249229483063 9.374883354432127;22.80539325336843 9.124189434371658;20.40630493096825;-1.980118694115502 2.882925785647348;8.142823342037381;19.32298287469707;3.134767667298523;24.38648698017033
67;12;-8.955138712007697 14.32889498943528;-8.955138712007697 14.32889498943528;-9.921153280840795 14.06082322429180;18.49497479378925;-1.980118694115502 2.882925785647348;8.142823342037381;19.32298287469707;3.134767667298523;16.89709267801898
67;13;-29.16439364416290 3.951887478612701;-29.16439364416290 3.951887478612701;-29.16439364416290 3.951887478612701;20.32447830536276;-1.980118694115502 2.882925785647348;8.142823342037381;19.32298287469707;3.134767667298523;29.43092372446548
67;14;13.29690623154144 16.27989514812607;13.29690623154144 16.27989514812607;12.98912377190575 16.03679260851320;18.95880385204291;-1.980118694115502 2.882925785647348;8.142823342037381;19.32298287469707;3.134767667298523;21.02005474218334
67;15;-9.983727979839646 -6.980445674068357;-9.983727979839646 -6.980445674068357;-9.983727979839646 -6.980445674068357;16.44596710011549;-1.980118694115502 2.882925785647348;8.142823342037381;19.32298287469707;3.134767667298523;12.18201322376776
67;16;-13.91554244675716 15.73089588256657;-13.91554244675716 15.73089588256657;-14.02205527158201 15.86909976695235;19.41159926478535;-1.980118694115502 2.882925785647348;8.142823342037381;19.32298287469707;3.134767667298523;21.00246192368052
67;17;-19.60317411006120 20.63831911884900;-19.60317411006120 20.63831911884900;-19.99361480221266 19.96121433129253;19.67297083299347;-1.980118694115502 2.882925785647348;8.142823342037381;19.32298287469707;3.134767667298523;28.46444538790142
67;18;-5.022300648091804 -8.978104728721492;-5.022300648091804 -8.978104728721492;-5.030776273546366 -8.010330546247765;14.77915653623989;-1.980118694115502 2.882925785647348;8.142823342037381;19.32298287469707;3.134767667298523;10.28736449824320
67;19;23.78654682882071 -29.35244813236717;23.78654682882071 -29.35244813236717;23.78654682882071 -29.35244813236717;21.79260010912058;-1.980118694115502 2.882925785647348;8.142823342037381;19.32298287469707;3.134767667298523;37.78049789776446
68;0;-15.83335464989307 -9.767420299105261;-15.83335464989307 -9.767420299105261;-15.92168029418498 -10.21163207179826;19.58937515101714;-1.980118694115502 2.882925785647348;8.142823342037381;19.25663522957695;3.108824958753133;18.60369906144109
68;1;4.289883182740236 20.00149191741699;4.289883182740236 20.00149191741699;4.058386101385703 20.96663532214607;19.14171099827978;-1.980118694115502 2.882925785647348;8.142823342037381;19.25663522957695;3.108824958753133;20.45636274228766
68;2;-29.98214325899238 8.327981521014780;-30.05960391309116 7.997155224695192;-30.05960391309116 7.997155224695192;19.84699162719464;-1.980118694115502 2.882925785647348;8.142823342037381;19.25663522957695;3.108824958753133;31.10521305343841
68;3;15.46519933502183 2.127038480150204;15.46519933502183 2.127038480150204;15.19680995838062 2.142801177746482;18.82622567335569;-1.980118694115502 2.882925785647348;8.142823342037381;19.25663522957695;3.108824958753133;15.61078739743769
68;4;-1.546766148155240 2.697393353076110;-1.546766148155240 2.697393353076110;-1.980118694115502 2.882925785647348;8.142823342037381;-1.980118694115502 2.882925785647348;8.142823342037381;19.25663522957695;3.108824958753133;3.109407727895809
68;5;25.93292817979536 -16.08284578418871;25.93292817979536 -16.08284578418871;25.93292817979536 -16.08284578418871;20.01588019857293;-1.980118694115502 2.882925785647348;8.142823342037381;19.25663522957695;3.108824958753133;30.51515512817231
68;6;11.92408291140462 -8.629780825724215;11.92408291140462 -8.629780825724215;11.92408291140462 -8.629780825724215;19.11698609419309;-1.980118694115502 2.882925785647348;8.142823342037381;19.25663522957695;3.108824958753133;14.71926867674101
68;7;22.56912420063123 -1.407971736908868;22.56912420063123 -1.407971736908868;22.00311376135862 -2.036547148673992;19.15697147005296;-1.980118694115502 2.882925785647348;8.142823342037381;19.25663522957695;3.108824958753133;22.61299961516500
68;8;30.55188809603301 -31.83443617743956;30.55188809603301 -31.83443617743956;30.55188809603301 -31.83443617743956;21.87729940454194;-1.980118694115502 2.882925785647348;8.142823342037381;19.25663522957695;3.108824958753133;44.12311404431917
68;9;-5.096605249869170 -4.676950140337949;-5.096605249869170 -4.676950140337949;-5.894916220115789 -4.908945242037799;13.69956412512603;-1.980118694115502 2.882925785647348;8.142823342037381;19.25663522957695;3.108824958753133;6.917315063534488
68;10;24.05763163296817 24.43879137020287;24.05763163296817 24.43879137020287;24.11422770470350 24.25727067591554;21.13519105104544;-1.980118694115502 2.882925785647348;8.142823342037381;19.25663522957695;3.108824958753133;34.29320870702964
68;11;22.51249229483063 9.374883354432127;22.51249229483063 9.374883354432127;22.80539325336843 9.124189434371658;20.40630493096825;-1.980118694115502 2.882925785647348;8.142823342037381;19.25663522957695;3.108824958753133;24.38648698017033
68;12;-8.955138712007697 14.32889498943528;-8.955138712007697 14.32889498943528;-9.921153280840795 14.06082322429180;18.49497479378925;-1.980118694115502 2.882925785647348;8.142823342037381;19.25663522957695;3.108824958753133;16.89709267801898
68;13;-29.16439364416290 3.951887478612701;-29.16439364416290 3.951887478612701;-29.16439364416290 3.951887478612701;20.32447830536276;-1.980118694115502 2.882925785647348;8.142823342037381;19.25663522957695;3.108824958753133;29.43092372446548
68;14;13.29690623154144 16.27989514812607;13.29690623154144 16.27989514812607;12.98912377190575 16.03679260851320;18.95880385204291;-1.980118694115502 2.882925785647348;8.142823342037381;19.25663522957695;3.108824958753133;21.02005474218334
68;15;-9.983727979839646 -6.980445674068357;-9.983727979839646 -6.980445674068357;-9.983727979839646 -6.980445674068357;16.44596710011549;-1.980118694115502 2.882925785647348;8.142823342037381;19.25663522957695;3.108824958753133;12.18201322376776
68;16;-13.91554244675716 15.73089588256657;-13.91554244675716 15.73089588256657;-14.02205527158201 15.86909976695235;19.41159926478535;-1.980118694115502 2.882925785647348;8.142823342037381;19.25663522957695;3.108824958753133;21.00246192368052
68;17;-19.60317411006120 20.63831911884900;-19.60317411006120 20.63831911884900;-19.99361480221266 19.96121433129253;19.67297083299347;-1.980118694115502 2.882925785647348;8.142823342037381;19.25663522957695;3.108824958753133;28.46444538790142
68;18;-5.022300648091804 -8.978104728721492;-5.022300648091804 -8.978104728721492;-5.030776273546366 -8.010330546247765;14.77915653623989;-1.980118694115502 2.882925785647348;8.142823342037381;19.25663522957695;3.108824958753133;10.28736449824320
68;19;23.78654682882071 -29.35244813236717;23.78654682882071 -29.35244813236717;23.78654682882071 -29.35244813236717;21.79260010912058;-1.980118694115502 2.882925785647348;8.142823342037381;19.25663522957695;3.108824958753133;37.78049789776446
69;0;-15.83335464989307 -9.767420299105261;-15.62818182936705 -8.913553870417811;-15.92168029418498 -10.21163207179826;19.58937515101714;-1.980118694115502 2.882925785647348;8.142823342037381;19.26367899253106;3.110483464563124;17.99142878963755
69;1;4.289883182740236 20.00149191741699;4.289883182740236 20.00149191741699;4.058386101385703 20.96663532214607;19.14171099827978;-1.980118694115502 2.882925785647348;8.142823342037381;19.26367899253106;3.110483464563124;20.45636274228766
69;2;-30.05960391309116 7.997155224695192;-30.05960391309116 7.997155224695192;-30.05960391309116 7.997155224695192;19.84699162719464;-1.980118694115502 2.882925785647348;8.142823342037381;19.26367899253106;3.110483464563124;31.10521305343841
69;3;15.46519933502183 2.127038480150204;15.46519933502183 2.127038480150204;15.19680995838062 2.142801177746482;18.82622567335569;-1.980118694115502 2.882925785647348;8.142823342037381;19.26367899253106;3.110483464563124;15.61078739743769
69;4;-1.546766148155240 2.697393353076110;-1.546766148155240 2.697393353076110;-1.980118694115502 2.882925785647348;8.142823342037381;-1.980118694115502 2.882925785647348;8.142823342037381;19.26367899253106;3.110483464563124;3.109407727895809
69;5;25.93292817979536 -16.08284578418871;25.93292817979536 -16.08284578418871;25.93292817979536 -16.08284578418871;20.01588019857293;-1.980118694115502 2.882925785647348;8.142823342037381;19.26367899253106;3.110483464563124;30.51515512817231
69;6;11.92408291140462 -8.629780825724215;11.92408291140462 -8.629780825724215;11.92408291140462 -8.629780825724215;19.11698609419309;-1.980118694115502 2.882925785647348;8.142823342037381;19.26367899253106;3.110483464563124;14.71926867674101
69;7;22.56912420063123 -1.407971736908868;22.56912420063123 -1.407971736908868;22.00311376135862 -2.036547148673992;19.15697147005296;-1.980118694115502 2.882925785647348;8.142823342037381;19.26367899253106;3.110483464563124;22.61299961516500
69;8;30.55188809603301 -31.83443617743956;30.55188809603301 -31.83443617743956;30.55188809603301 -31.83443617743956;21.87729940454194;-1.980118694115502 2.882925785647348;8.142823342037381;19.26367899253106;3.110483464563124;44.12311404431917
69;9;-5.096605249869170 -4.676950140337949;-5.096605249869170 -4.676950140337949;-5.894916220115789 -4.908945242037799;13.69956412512603;-1.980118694115502 2.882925785647348;8.142823342037381;19.26367899253106;3.110483464563124;6.917315063534488
69;10;24.05763163296817 24.43879137020287;24.05763163296817 24.43879137020287;24.11422770470350 24.25727067591554;21.13519105104544;-1.980118694115502 2.882925785647348;8.142823342037381;19.26367899253106;3.110483464563124;34.29320870702964
69;11;22.51249229483063 9.374883354432127;22.51249229483063 9.374883354432127;22.80539325336843 9.124189434371658;20.40630493096825;-1.980118694115502 2.882925785647348;8.142823342037381;19.26367899253106;3.110483464563124;24.38648698017033
69;12;-8.955138712007697 14.32889498943528;-8.955138712007697 14.32889498943528;-9.921153280840795 14.06082322429180;18.49497479378925;-1.980118694115502 2.882925785647348;8.142823342037381;19.26367899253106;3.110483464563124;16.89709267801898
69;13;-29.16439364416290 3.951887478612701;-29.16439364416290 3.951887478612701;-29.16439364416290 3.951887478612701;20.32447830536276;-1.980118694115502 2.882925785647348;8.142823342037381;19.26367899253106;3.110483464563124;29.43092372446548
69;14;13.29690623154144 16.27989514812607;13.29690623154144 16.27989514812607;12.98912377190575 16.03679260851320;18.95880385204291;-1.980118694115502 2.882925785647348;8.142823342037381;19.26367899253106;3.110483464563124;21.02005474218334
69;15;-9.983727979839646 -6.980445674068357;-9.983727979839646 -6.980445674068357;-9.983727979839646 -6.980445674068357;16.44596710011549;-1.980118694115502 2.882925785647348;8.142823342037381;19.26367899253106;3.110483464563124;12.18201322376776
69;16;-13.91554244675716 15.73089588256657;-13.91554244675716 15.73089588256657;-14.02205527158201 15.86909976695235;19.41159926478535;-1.980118694115502 2.882925785647348;8.142823342037381;19.26367899253106;3.110483464563124;21.00246192368052
69;17;-19.60317411006120 20.63831911884900;-19.60317411006120 20.63831911884900;-19.99361480221266 19.96121433129253;19.67297083299347;-1.980118694115502 2.882925785647348;8.142823342037381;19.26367899253106;3.110483464563124;28.46444538790142
69;18;-5.022300648091804 -8.978104728721492;-5.022300648091804 -8.978104728721492;-5.030776273546366 -8.010330546247765;14.77915653623989;-1.980118694115502 2.882925785647348;8.142823342037381;19.26367899253106;3.110483464563124;10.28736449824320
69;19;23.78654682882071 -29.35244813236717;23.78654682882071 -29.35244813236717;23.78654682882071 -29.35244813236717;21.79260010912058;-1.980118694115502 2.882925785647348;8.142823342037381;19.26367899253106;3.110483464563124;37.78049789776446
70;0;-15.62818182936705 -8.913553870417811;-15.62818182936705 -8.913553870417811;-15.92168029418498 -10.21163207179826;19.58937515101714;-1.980118694115502 2.882925785647348;8.142823342037381;19.23310712642071;3.093944405228486;17.99142878963755
70;1;4.289883182740236 20.00149191741699;4.289883182740236 20.00149191741699;4.058386101385703 20.96663532214607;19.14171099827978;-1.980118694115502 2.882925785647348;8.142823342037381;19.23310712642071;3.093944405228486;20.45636274228766
70;2;-30.05960391309116 7.997155224695192;-30.05960391309116 7.997155224695192;-30.05960391309116 7.997155224695192;19.84699162719464;-1.980118694115502 2.882925785647348;8.142823342037381;19.23310712642071;3.093944405228486;31.10521305343841
70;3;15.46519933502183 2.127038480150204;15.46519933502183 2.127038480150204;15.19680995838062 2.142801177746482;18.82622567335569;-1.980118694115502 2.882925785647348;8.142823342037381;19.23310712642071;3.093944405228486;15.61078739743769
70;4;-1.546766148155240 2.697393353076110;-1.546766148155240 2.697393353076110;-1.980118694115502 2.882925785647348;8.142823342037381;-1.980118694115502 2.882925785647348;8.142823342037381;19.23310712642071;3.093944405228486;3.109407727895809
70;5;25.93292817979536 -16.08284578418871;25.93292817979536 -16.08284578418871;25.93292817979536 -16.08284578418871;20.01588019857293;-1.980118694115502 2.882925785647348;8.142823342037381;19.23310712642071;3.093944405228486;30.51515512817231
70;6;11.92408291140462 -8.629780825724215;11.68281534485721 -8.168661046513755;11.68281534485721 -8.168661046513755;19.01407137272926;-1.980118694115502 2.882925785647348;8.142823342037381;19.23310712642071;3.093944405228486;14.25535680629785
70;7;22.56912420063123 -1.407971736908868;22.56912420063123 -1.407971736908868;22.00311376135862 -2.036547148673992;19.15697147005296;-1.980118694115502 2.882925785647348;8.142823342037381;19.23310712642071;3.093944405228486;22.61299961516500
70;8;30.55188809603301 -31.83443617743956;30.55188809603301 -31.83443617743956;30.55188809603301 -31.83443617743956;21.87729940454194;-1.980118694115502 2.882925785647348;8.142823342037381;19.23310712642071;3.093944405228486;44.12311404431917
70;9;-5.096605249869170 -4.676950140337949;-5.096605249869170 -4.676950140337949;-5.894916220115789 -4.908945242037799;13.69956412512603;-1.980118694115502 2.882925785647348;8.142823342037381;19.23310712642071;3.093944405228486;6.917315063534488
70;10;24.05763163296817 24.43879137020287;23.79248628980711 25.15282752765803;23.79248628980711 25.15282752765803;21.04905210366633;-1.980118694115502 2.882925785647348;8.142823342037381;19.23310712642071;3.093944405228486;34.62292790170655
70;11;22.51249229483063 9.374883354432127;22.51249229483063 9.374883354432127;22.80539325336843 9.124189434371658;20.40630493096825;-1.980118694115502 2.882925785647348;8.142823342037381;19.23310712642071;3.093944405228486;24.38648698017033
70;12;-8.955138712007697 14.32889498943528;-8.955138712007697 14.32889498943528;-9.921153280840795 14.06082322429180;18.49497479378925;-1.980118694115502 2.882925785647348;8.142823342037381;19.23310712642071;3.093944405228486;16.89709267801898
70;13;-29.16439364416290 3.951887478612701;-29.16439364416290 3.951887478612701;-29.16439364416290 3.951887478612701;20.32447830536276;-1.980118694115502 2.882925785647348;8.142823342037381;19.23310712642071;3.093944405228486;29.43092372446548
70;14;13.29690623154144 16.27989514812607;13.29690623154144 16.27989514812607;12.98912377190575 16.03679260851320;18.95880385204291;-1.980118694115502 2.882925785647348;8.142823342037381;19.23310712642071;3.093944405228486;21.02005474218334
70;15;-9.983727979839646 -6.980445674068357;-9.983727979839646 -6.980445674068357;-9.983727979839646 -6.980445674068357;16.44596710011549;-1.980118694115502 2.882925785647348;8.142823342037381;19.23310712642071;3.093944405228486;12.18201322376776
70;16;-13.91554244675716 15.73089588256657;-13.91554244675716 15.73089588256657;-14.02205527158201 15.86909976695235;19.41159926478535;-1.980118694115502 2.882925785647348;8.142823342037381;19.23310712642071;3.093944405228486;21.00246192368052
70;17;-19.60317411006120 20.63831911884900;-19.60317411006120 20.63831911884900;-19.99361480221266 19.96121433129253;19.67297083299347;-1.980118694115502 2.882925785647348;8.142823342037381;19.23310712642071;3.093944405228486;28.46444538790142
70;18;-5.022300648091804 -8.978104728721492;-5.022300648091804 -8.978104728721492;-5.030776273546366 -8.010330546247765;14.77915653623989;-1.980118694115502 2.882925785647348;8.142823342037381;19.23310712642071;3.093944405228486;10.28736449824320
70;19;23.78654682882071 -29.35244813236717;23.78654682882071 -29.35244813236717;23.78654682882071 -29.35244813236717;21.79260010912058;-1.980118694115502 2.882925785647348;8.142823342037381;19.23310712642071;3.093944405228486;37.78049789776446
71;0;-15.62818182936705 -8.913553870417811;-15.62818182936705 -8.913553870417811;-15.92168029418498 -10.21163207179826;19.58937515101714;-1.980118694115502 2.882925785647348;8.142823342037381;19.21217542778297;3.083947423180459;17.99142878963755
71;1;4.289883182740236 20.00149191741699;4.289883182740236 20.00149191741699;4.058386101385703 20.96663532214607;19.14171099827978;-1.980118694115502 2.882925785647348;8.142823342037381;19.21217542778297;3.083947423180459;20.45636274228766
71;2;-30.05960391309116 7.997155224695192;-30.05960391309116 7.997155224695192;-30.05960391309116 7.997155224695192;19.84699162719464;-1.980118694115502 2.882925785647348;8.142823342037381;19.21217542778297;3.083947423180459;31.10521305343841
71;3;15.46519933502183 2.127038480150204;15.46519933502183 2.127038480150204;15.19680995838062 2.142801177746482;18.82622567335569;-1.980118694115502 2.882925785647348;8.142823342037381;19.21217542778297;3.083947423180459;15.61078739743769
71;4;-1.546766148155240 2.697393353076110;-1.546766148155240 2.697393353076110;-1.980118694115502 2.882925785647348;8.142823342037381;-1.980118694115502 2.882925785647348;8.142823342037381;19.21217542778297;3.083947423180459;3.109407727895809
71;5;25.93292817979536 -16.08284578418871;25.93292817979536 -16.08284578418871;25.93292817979536 -16.08284578418871;20.01588019857293;-1.980118694115502 2.882925785647348;8.142823342037381;19.21217542778297;3.083947423180459;30.51515512817231
71;6;11.68281534485721 -8.168661046513755;11.68281534485721 -8.168661046513755;11.68281534485721 -8.168661046513755;19.01407137272926;-1.980118694115502 2.882925785647348;8.142823342037381;19.21217542778297;3.083947423180459;14.25535680629785
71;7;22.56912420063123 -1.407971736908868;22.56912420063123 -1.407971736908868;22.00311376135862 -2.036547148673992;19.15697147005296;-1.980118694115502 2.882925785647348;8.142823342037381;19.21217542778297;3.083947423180459;22.61299961516500
71;8;30.55188809603301 -31.83443617743956;30.55188809603301 -31.83443617743956;30.55188809603301 -31.83443617743956;21.87729940454194;-1.980118694115502 2.882925785647348;8.142823342037381;19.21217542778297;3.083947423180459;44.12311404431917
71;9;-5.096605249869170 -4.676950140337949;-5.096605249869170 -4.676950140337949;-5.894916220115789 -4.908945242037799;13.69956412512603;-1.980118694115502 2.882925785647348;8.142823342037381;19.21217542778297;3.083947423180459;6.917315063534488
71;10;23.79248628980711 25.15282752765803;23.79248628980711 25.15282752765803;23.79248628980711 25.15282752765803;21.04905210366633;-1.980118694115502 2.882925785647348;8.142823342037381;19.21217542778297;3.083947423180459;34.62292790170655
71;11;22.51249229483063 9.374883354432127;22.51249229483063 9.374883354432127;22.80539325336843 9.124189434371658;20.40630493096825;-1.980118694115502 2.882925785647348;8.142823342037381;19.21217542778297;3.083947423180459;24.38648698017033
71;12;-8.955138712007697 14.32889498943528;-8.955138712007697 14.32889498943528;-9.921153280840795 14.06082322429180;18.49497479378925;-1.980118694115502 2.882925785647348;8.142823342037381;19.21217542778297;3.083947423180459;16.89709267801898
71;13;-29.16439364416290 3.951887478612701;-29.16439364416290 3.951887478612701;-29.16439364416290 3.951887478612701;20.32447830536276;-1.980118694115502 2.882925785647348;8.142823342037381;19.21217542778297;3.083947423180459;29.43092372446548
71;14;13.29690623154144 16.27989514812607;13.03642909306962 16.35721544670320;12.98912377190575 16.03679260851320;18.95880385204291;-1.980118694115502 2.882925785647348;8.142823342037381;19.21217542778297;3.083947423180459;20.91666753258027
71;15;-9.983727979839646 -6.980445674068357;-9.983727979839646 -6.980445674068357;-9.983727979839646 -6.980445674068357;16.44596710011549;-1.980118694115502 2.882925785647348;8.142823342037381;19.21217542778297;3.083947423180459;12.18201322376776
71;16;-13.91554244675716 15.73089588256657;-13.91554244675716 15.73089588256657;-14.02205527158201 15.86909976695235;19.41159926478535;-1.980118694115502 2.882925785647348;8.142823342037381;19.21217542778297;3.083947423180459;21.00246192368052
71;17;-19.60317411006120 20.63831911884900;-19.60317411006120 20.63831911884900;-19.99361480221266 19.96121433129253;19.67297083299347;-1.980118694115502 2.882925785647348;8.142823342037381;19.21217542778297;3.083947423180459;28.46444538790142
71;18;-5.022300648091804 -8.978104728721492;-5.022300648091804 -8.978104728721492;-5.030776273546366 -8.010330546247765;14.77915653623989;-1.980118694115502 2.882925785647348;8.142823342037381;19.21217542778297;3.083947423180459;10.28736449824320
71;19;23.78654682882071 -29.35244813236717;23.78654682882071 -29.35244813236717;23.78654682882071 -29.35244813236717;21.79260010912058;-1.980118694115502 2.882925785647348;8.142823342037381;19.21217542778297;3.083947423180459;37.78049789776446
72;0;-15.62818182936705 -8.913553870417811;-15.62818182936705 -8.913553870417811;-15.92168029418498 -10.21163207179826;19.58937515101714;-1.980118694115502 2.882925785647348;8.142823342037381;19.20984926228226;3.072679558229799;17.99142878963755
72;1;4.289883182740236 20.00149191741699;4.289883182740236 20.00149191741699;4.058386101385703 20.96663532214607;19.14171099827978;-1.980118694115502 2.882925785647348;8.142823342037381;19.20984926228226;3.072679558229799;20.45636274228766
72;2;-30.05960391309116 7.997155224695192;-30.05960391309116 7.997155224695192;-30.05960391309116 7.997155224695192;19.84699162719464;-1.980118694115502 2.882925785647348;8.142823342037381;19.20984926228226;3.072679558229799;31.10521305343841
72;3;15.46519933502183 2.127038480150204;15.46519933502183 2.127038480150204;15.19680995838062 2.142801177746482;18.82622567335569;-1.980118694115502 2.882925785647348;8.142823342037381;19.20984926228226;3.072679558229799;15.61078739743769
72;4;-1.546766148155240 2.697393353076110;-1.546766148155240 2.697393353076110;-1.980118694115502 2.882925785647348;8.142823342037381;-1.980118694115502 2.882925785647348;8.142823342037381;19.20984926228226;3.072679558229799;3.109407727895809
72;5;25.93292817979536 -16.08284578418871;25.93292817979536 -16.08284578418871;25.93292817979536 -16.08284578418871;20.01588019857293;-1.980118694115502 2.882925785647348;8.142823342037381;19.20984926228226;3.072679558229799;30.51515512817231
72;6;11.68281534485721 -8.168661046513755;11.68281534485721 -8.168661046513755;11.68281534485721 -8.168661046513755;19.01407137272926;-1.980118694115502 2.882925785647348;8.142823342037381;19.20984926228226;3.072679558229799;14.25535680629785
72;7;22.56912420063123 -1.407971736908868;22.56912420063123 -1.407971736908868;22.00311376135862 -2.036547148673992;19.15697147005296;-1.980118694115502 2.882925785647348;8.142823342037381;19.20984926228226;3.072679558229799;22.61299961516500
72;8;30.55188809603301 -31.83443617743956;30.55188809603301 -31.83443617743956;30.55188809603301 -31.83443617743956;21.87729940454194;-1.980118694115502 2.882925785647348;8.142823342037381;19.20984926228226;3.072679558229799;44.12311404431917
72;9;-5.096605249869170 -4.676950140337949;-5.096605249869170 -4.676950140337949;-5.894916220115789 -4.908945242037799;13.69956412512603;-1.980118694115502 2.882925785647348;8.142823342037381;19.20984926228226;3.072679558229799;6.917315063534488
72;10;23.79248628980711 25.15282752765803;23.79248628980711 25.15282752765803;23.79248628980711 25.15282752765803;21.04905210366633;-1.980118694115502 2.882925785647348;8.142823342037381;19.20984926228226;3.072679558229799;34.62292790170655
72;11;22.51249229483063 9.374883354432127;22.51249229483063 9.374883354432127;22.80539325336843 9.124189434371658;20.40630493096825;-1.980118694115502 2.882925785647348;8.142823342037381;19.20984926228226;3.072679558229799;24.38648698017033
72;12;-8.955138712007697 14.32889498943528;-9.648602010183073 14.13546056950046;-9.921153280840795 14.06082322429180;18.49497479378925;-1.980118694115502 2.882925785647348;8.142823342037381;19.20984926228226;3.072679558229799;17.11451916539904
72;13;-29.16439364416290 3.951887478612701;-29.16439364416290 3.951887478612701;-29.16439364416290 3.951887478612701;20.32447830536276;-1.980118694115502 2.882925785647348;8.142823342037381;19.20984926228226;3.072679558229799;29.43092372446548
72;14;13.03642909306962 16.35721544670320;13.03642909306962 16.35721544670320;12.98912377190575 16.03679260851320;18.95880385204291;-1.980118694115502 2.882925785647348;8.142823342037381;19.20984926228226;3.072679558229799;20.91666753258027
72;15;-9.983727979839646 -6.980445674068357;-9.983727979839646 -6.980445674068357;-9.983727979839646 -6.980445674068357;16.44596710011549;-1.980118694115502 2.882925785647348;8.142823342037381;19.20984926228226;3.072679558229799;12.18201322376776
72;16;-13.91554244675716 15.73089588256657;-13.91554244675716 15.73089588256657;-14.02205527158201 15.86909976695235;19.41159926478535;-1.980118694115502 2.882925785647348;8.142823342037381;19.20984926228226;3.072679558229799;21.00246192368052
72;17;-19.60317411006120 20.63831911884900;-19.25699812534635 20.31369937171311;-19.99361480221266 19.96121433129253;19.67297083299347;-1.980118694115502 2.882925785647348;8.142823342037381;19.20984926228226;3.072679558229799;27.99068343152647
72;18;-5.022300648091804 -8.978104728721492;-5.022300648091804 -8.978104728721492;-5.030776273546366 -8.010330546247765;14.77915653623989;-1.980118694115502 2.882925785647348;8.142823342037381;19.20984926228226;3.072679558229799;10.28736449824320
72;19;23.78654682882071 -29.35244813236717;23.78654682882071 -29.35244813236717;23.78654682882071 -29.35244813236717;21.79260010912058;-1.980118694115502 2.882925785647348;8.142823342037381;19.20984926228226;3.072679558229799;37.78049789776446
73;0;-15.62818182936705 -8.913553870417811;-15.62818182936705 -8.913553870417811;-15.92168029418498 -10.21163207179826;19.58937515101714;-1.980118694115502 2.882925785647348;8.142823342037381;19.22710543267932;3.088066414100313;17.99142878963755
73;1;4.289883182740236 20.00149191741699;4.289883182740236 20.00149191741699;4.058386101385703 20.96663532214607;19.14171099827978;-1.980118694115502 2.882925785647348;8.142823342037381;19.22710543267932;3.088066414100313;20.45636274228766
73;2;-30.05960391309116 7.997155224695192;-30.05960391309116 7.997155224695192;-30.05960391309116 7.997155224695192;19.84699162719464;-1.980118694115502 2.882925785647348;8.142823342037381;19.22710543267932;3.088066414100313;31.10521305343841
73;3;15.46519933502183 2.127038480150204;15.46519933502183 2.127038480150204;15.19680995838062 2.142801177746482;18.82622567335569;-1.980118694115502 2.882925785647348;8.142823342037381;19.22710543267932;3.088066414100313;15.61078739743769
73;4;-1.546766148155240 2.697393353076110;-1.546766148155240 2.697393353076110;-1.980118694115502 2.882925785647348;8.142823342037381;-1.980118694115502 2.882925785647348;8.142823342037381;19.22710543267932;3.088066414100313;3.109407727895809
73;5;25.93292817979536 -16.08284578418871;25.93292817979536 -16.08284578418871;25.93292817979536 -16.08284578418871;20.01588019857293;-1.980118694115502 2.882925785647348;8.142823342037381;19.22710543267932;3.088066414100313;30.51515512817231
73;6;11.68281534485721 -8.168661046513755;11.68281534485721 -8.168661046513755;11.68281534485721 -8.168661046513755;19.01407137272926;-1.980118694115502 2.882925785647348;8.142823342037381;19.22710543267932;3.088066414100313;14.25535680629785
73;7;22.56912420063123 -1.407971736908868;22.56912420063123 -1.407971736908868;22.00311376135862 -2.036547148673992;19.15697147005296;-1.980118694115502 2.882925785647348;8.142823342037381;19.22710543267932;3.088066414100313;22.61299961516500
73;8;30.55188809603301 -31.83443617743956;30.55188809603301 -31.83443617743956;30.55188809603301 -31.83443617743956;21.87729940454194;-1.980118694115502 2.882925785647348;8.142823342037381;19.22710543267932;3.088066414100313;44.12311404431917
73;9;-5.096605249869170 -4.676950140337949;-5.096605249869170 -4.676950140337949;-5.894916220115789 -4.908945242037799;13.69956412512603;-1.980118694115502 2.882925785647348;8.142823342037381;19.22710543267932;3.088066414100313;6.917315063534488
73;10;23.79248628980711 25.15282752765803;23.79248628980711 25.15282752765803;23.79248628980711 25.15282752765803;21.04905210366633;-1.980118694115502 2.882925785647348;8.142823342037381;19.22710543267932;3.088066414100313;34.62292790170655
73;11;22.51249229483063 9.374883354432127;22.51249229483063 9.374883354432127;22.80539325336843 9.124189434371658;20.40630493096825;-1.980118694115502 2.882925785647348;8.142823342037381;19.22710543267932;3.088066414100313;24.38648698017033
73;12;-9.648602010183073 14.13546056950046;-9.648602010183073 14.13546056950046;-9.921153280840795 14.06082322429180;18.49497479378925;-1.980118694115502 2.882925785647348;8.142823342037381;19.22710543267932;3.088066414100313;17.11451916539904
73;13;-29.16439364416290 3.951887478612701;-29.16439364416290 3.951887478612701;-29.16439364416290 3.951887478612701;20.32447830536276;-1.980118694115502 2.882925785647348;8.142823342037381;19.22710543267932;3.088066414100313;29.43092372446548
73;14;13.03642909306962 16.35721544670320;13.03642909306962 16.35721544670320;12.98912377190575 16.03679260851320;18.95880385204291;-1.980118694115502 2.882925785647348;8.142823342037381;19.22710543267932;3.088066414100313;20.91666753258027
73;15;-9.983727979839646 -6.980445674068357;-9.983727979839646 -6.980445674068357;-9.983727979839646 -6.980445674068357;16.44596710011549;-1.980118694115502 2.882925785647348;8.142823342037381;19.22710543267932;3.088066414100313;12.18201322376776
73;16;-13.91554244675716 15.73089588256657;-13.91554244675716 15.73089588256657;-14.02205527158201 15.86909976695235;19.41159926478535;-1.980118694115502 2.882925785647348;8.142823342037381;19.22710543267932;3.088066414100313;21.00246192368052
73;17;-19.25699812534635 20.31369937171311;-19.25699812534635 20.31369937171311;-19.99361480221266 19.96121433129253;19.67297083299347;-1.980118694115502 2.882925785647348;8.142823342037381;19.22710543267932;3.088066414100313;27.99068343152647
73;18;-5.022300648091804 -8.978104728721492;-5.022300648091804 -8.978104728721492;-5.030776273546366 -8.010330546247765;14.77915653623989;-1.980118694115502 2.882925785647348;8.142823342037381;19.22710543267932;3.088066414100313;10.28736449824320
73;19;23.78654682882071 -29.35244813236717;24.40280637748568 -29.64848270086141;23.78654682882071 -29.35244813236717;21.79260010912058;-1.980118694115502 2.882925785647348;8.142823342037381;19.22710543267932;3.088066414100313;38.39960267451129
74;0;-15.62818182936705 -8.913553870417811;-15.62818182936705 -8.913553870417811;-15.92168029418498 -10.21163207179826;19.58937515101714;-1.980118694115502 2.882925785647348;8.142823342037381;19.26091590552638;2.981485004173709;17.99142878963755
74;1;4.289883182740236 20.00149191741699;4.289883182740236 20.00149191741699;4.058386101385703 20.96663532214607;19.14171099827978;-1.980118694115502 2.882925785647348;8.142823342037381;19.26091590552638;2.981485004173709;20.45636274228766
74;2;-30.05960391309116 7.997155224695192;-30.05960391309116 7.997155224695192;-30.05960391309116 7.997155224695192;19.84699162719464;-1.980118694115502 2.882925785647348;8.142823342037381;19.26091590552638;2.981485004173709;31.10521305343841
74;3;15.46519933502183 2.127038480150204;15.46519933502183 2.127038480150204;15.19680995838062 2.142801177746482;18.82622567335569;-1.980118694115502 2.882925785647348;8.142823342037381;19.26091590552638;2.981485004173709;15.61078739743769
74;4;-1.546766148155240 2.697393353076110;-1.546766148155240 2.697393353076110;-1.980118694115502 2.882925785647348;8.142823342037381;-1.980118694115502 2.882925785647348;8.142823342037381;19.26091590552638;2.981485004173709;3.109407727895809
74;5;25.93292817979536 -16.08284578418871;25.93292817979536 -16.08284578418871;25.93292817979536 -16.08284578418871;20.01588019857293;-1.980118694115502 2.882925785647348;8.142823342037381;19.26091590552638;2.981485004173709;30.51515512817231
74;6;11.68281534485721 -8.168661046513755;11.68281534485721 -8.168661046513755;11.68281534485721 -8.168661046513755;19.01407137272926;-1.980118694115502 2.882925785647348;8.142823342037381;19.26091590552638;2.981485004173709;14.25535680629785
74;7;22.56912420063123 -1.407971736908868;22.56912420063123 -1.407971736908868;22.00311376135862 -2.036547148673992;19.15697147005296;-1.980118694115502 2.882925785647348;8.142823342037381;19.26091590552638;2.981485004173709;22.61299961516500
74;8;30.55188809603301 -31.83443617743956;30.55188809603301 -31.83443617743956;30.55188809603301 -31.83443617743956;21.87729940454194;-1.980118694115502 2.882925785647348;8.142823342037381;19.26091590552638;2.981485004173709;44.12311404431917
74;9;-5.096605249869170 -4.676950140337949;-5.096605249869170 -4.676950140337949;-5.894916220115789 -4.908945242037799;13.69956412512603;-1.980118694115502 2.882925785647348;8.142823342037381;19.26091590552638;2.981485004173709;6.917315063534488
74;10;23.79248628980711 25.15282752765803;23.79248628980711 25.15282752765803;23.79248628980711 25.15282752765803;21.04905210366633;-1.980118694115502 2.882925785647348;8.142823342037381;19.26091590552638;2.981485004173709;34.62292790170655
74;11;22.51249229483063 9.374883354432127;22.51249229483063 9.374883354432127;22.80539325336843 9.124189434371658;20.40630493096825;-1.980118694115502 2.882925785647348;8.142823342037381;19.26091590552638;2.981485004173709;24.38648698017033
74;12;-9.648602010183073 14.13546056950046;-9.648602010183073 14.13546056950046;-9.921153280840795 14.06082322429180;18.49497479378925;-1.980118694115502 2.882925785647348;8.142823342037381;19.26091590552638;2.981485004173709;17.11451916539904
74;13;-29.16439364416290 3.951887478612701;-29.16439364416290 3.951887478612701;-29.16439364416290 3.951887478612701;20.32447830536276;-1.980118694115502 2.882925785647348;8.142823342037381;19.26091590552638;2.981485004173709;29.43092372446548
74;14;13.03642909306962 16.35721544670320;13.03642909306962 16.35721544670320;12.98912377190575 16.03679260851320;18.95880385204291;-1.980118694115502 2.882925785647348;8.142823342037381;19.26091590552638;2.981485004173709;20.91666753258027
74;15;-9.983727979839646 -6.980445674068357;-9.983727979839646 -6.980445674068357;-9.983727979839646 -6.980445674068357;16.44596710011549;-1.980118694115502 2.882925785647348;8.142823342037381;19.26091590552638;2.981485004173709;12.18201322376776
74;16;-13.91554244675716 15.73089588256657;-13.91554244675716 15.73089588256657;-14.02205527158201 15.86909976695235;19.41159926478535;-1.980118694115502 2.882925785647348;8.142823342037381;19.26091590552638;2.981485004173709;21.00246192368052
74;17;-19.25699812534635 20.31369937171311;-19.25699812534635 20.31369937171311;-19.99361480221266 19.96121433129253;19.67297083299347;-1.980118694115502 2.882925785647348;8.142823342037381;19.26091590552638;2.981485004173709;27.99068343152647
74;18;-5.022300648091804 -8.978104728721492;-4.925565662371460 -8.538164254437687;-5.030776273546366 -8.010330546247765;14.77915653623989;-1.980118694115502 2.882925785647348;8.142823342037381;19.26091590552638;2.981485004173709;9.857050569520798
74;19;24.40280637748568 -29.64848270086141;24.69738143045442 -29.10916875107017;24.69738143045442 -29.10916875107017;21.37600575779585;-1.980118694115502 2.882925785647348;8.142823342037381;19.26091590552638;2.981485004173709;38.17465592378843
75;0;-15.62818182936705 -8.913553870417811;-15.62818182936705 -8.913553870417811;-15.92168029418498 -10.21163207179826;19.58937515101714;-1.980118694115502 2.882925785647348;8.142823342037381;19.26065466916977;2.981701252538050;17.99142878963755
75;1;4.289883182740236 20.00149191741699;4.289883182740236 20.00149191741699;4.058386101385703 20.96663532214607;19.14171099827978;-1.980118694115502 2.882925785647348;8.142823342037381;19.26065466916977;2.981701252538050;20.45636274228766
75;2;-30.05960391309116 7.997155224695192;-30.05960391309116 7.997155224695192;-30.05960391309116 7.997155224695192;19.84699162719464;-1.980118694115502 2.882925785647348;8.142823342037381;19.26065466916977;2.981701252538050;31.10521305343841
75;3;15.46519933502183 2.127038480150204;15.46519933502183 2.127038480150204;15.19680995838062 2.142801177746482;18.82622567335569;-1.980118694115502 2.882925785647348;8.142823342037381;19.26065466916977;2.981701252538050;15.61078739743769
75;4;-1.546766148155240 2.697393353076110;-1.546766148155240 2.697393353076110;-1.980118694115502 2.882925785647348;8.142823342037381;-1.980118694115502 2.882925785647348;8.142823342037381;19.26065466916977;2.981701252538050;3.109407727895809
75;5;25.93292817979536 -16.08284578418871;25.93292817979536 -16.08284578418871;25.93292817979536 -16.08284578418871;20.01588019857293;-1.980118694115502 2.882925785647348;8.142823342037381;19.26065466916977;2.981701252538050;30.51515512817231
75;6;11.68281534485721 -8.168661046513755;11.68281534485721 -8.168661046513755;11.68281534485721 -8.168661046513755;19.01407137272926;-1.980118694115502 2.882925785647348;8.142823342037381;19.26065466916977;2.981701252538050;14.25535680629785
75;7;22.56912420063123 -1.407971736908868;22.56912420063123 -1.407971736908868;22.00311376135862 -2.036547148673992;19.15697147005296;-1.980118694115502 2.882925785647348;8.142823342037381;19.26065466916977;2.981701252538050;22.61299961516500
75;8;30.55188809603301 -31.83443617743956;30.55188809603301 -31.83443617743956;30.55188809603301 -31.83443617743956;21.87729940454194;-1.980118694115502 2.882925785647348;8.142823342037381;19.26065466916977;2.981701252538050;44.12311404431917
75;9;-5.096605249869170 -4.676950140337949;-5.096605249869170 -4.676950140337949;-5.894916220115789 -4.908945242037799;13.69956412512603;-1.980118694115502 2.882925785647348;8.142823342037381;19.26065466916977;2.981701252538050;6.917315063534488
75;10;23.79248628980711 25.15282752765803;23.79248628980711 25.15282752765803;23.79248628980711 25.15282752765803;21.04905210366633;-1.980118694115502 2.882925785647348;8.142823342037381;19.26065466916977;2.981701252538050;34.62292790170655
75;11;22.51249229483063 9.374883354432127;22.51249229483063 9.374883354432127;22.80539325336843 9.124189434371658;20.40630493096825;-1.980118694115502 2.882925785647348;8.142823342037381;19.26065466916977;2.981701252538050;24.38648698017033
75;12;-9.648602010183073 14.13546056950046;-9.648602010183073 14.13546056950046;-9.921153280840795 14.06082322429180;18.49497479378925;-1.980118694115502 2.882925785647348;8.142823342037381;19.26065466916977;2.981701252538050;17.11451916539904
75;13;-29.16439364416290 3.951887478612701;-29.16439364416290 3.951887478612701;-29.16439364416290 3.951887478612701;20.32447830536276;-1.980118694115502 2.882925785647348;8.142823342037381;19.26065466916977;2.981701252538050;29.43092372446548
75;14;13.03642909306962 16.35721544670320;13.03642909306962 16.35721544670320;12.98912377190575 16.03679260851320;18.95880385204291;-1.980118694115502 2.882925785647348;8.142823342037381;19.26065466916977;2.981701252538050;20.91666753258027
75;15;-9.983727979839646 -6.980445674068357;-9.983727979839646 -6.980445674068357;-9.983727979839646 -6.980445674068357;16.44596710011549;-1.980118694115502 2.882925785647348;8.142823342037381;19.26065466916977;2.981701252538050;12.18201322376776
75;16;-13.91554244675716 15.73089588256657;-13.91554244675716 15.73089588256657;-14.02205527158201 15.86909976695235;19.41159926478535;-1.980118694115502 2.882925785647348;8.142823342037381;19.26065466916977;2.981701252538050;21.00246192368052
75;17;-19.25699812534635 20.31369937171311;-19.25699812534635 20.31369937171311;-19.99361480221266 19.96121433129253;19.67297083299347;-1.980118694115502 2.882925785647348;8.142823342037381;19.26065466916977;2.981701252538050;27.99068343152647
75;18;-4.925565662371460 -8.538164254437687;-4.367434375594743 -9.075307288850446;-5.030776273546366 -8.010330546247765;14.77915653623989;-1.980118694115502 2.882925785647348;8.142823342037381;19.26065466916977;2.981701252538050;10.07152845461843
75;19;24.69738143045442 -29.10916875107017;24.69738143045442 -29.10916875107017;24.69738143045442 -29.10916875107017;21.37600575779585;-1.980118694115502 2.882925785647348;8.142823342037381;19.26065466916977;2.981701252538050;38.17465592378843
76;0;-15.62818182936705 -8.913553870417811;-15.62818182936705 -8.913553870417811;-15.92168029418498 -10.21163207179826;19.58937515101714;-1.980118694115502 2.882925785647348;8.142823342037381;19.22130600497353;2.958629397238948;17.99142878963755
76;1;4.289883182740236 20.00149191741699;4.289883182740236 20.00149191741699;4.058386101385703 20.96663532214607;19.14171099827978;-1.980118694115502 2.882925785647348;8.142823342037381;19.22130600497353;2.958629397238948;20.45636274228766
76;2;-30.05960391309116 7.997155224695192;-30.05960391309116 7.997155224695192;-30.05960391309116 7.997155224695192;19.84699162719464;-1.980118694115502 2.882925785647348;8.142823342037381;19.22130600497353;2.958629397238948;31.10521305343841
76;3;15.46519933502183 2.127038480150204;15.46519933502183 2.127038480150204;15.19680995838062 2.142801177746482;18.82622567335569;-1.980118694115502 2.882925785647348;8.142823342037381;19.22130600497353;2.958629397238948;15.61078739743769
76;4;-1.546766148155240 2.697393353076110;-1.546766148155240 2.697393353076110;-1.980118694115502 2.882925785647348;8.142823342037381;-1.980118694115502 2.882925785647348;8.142823342037381;19.22130600497353;2.958629397238948;3.109407727895809
76;5;25.93292817979536 -16.08284578418871;25.93292817979536 -16.08284578418871;25.93292817979536 -16.08284578418871;20.01588019857293;-1.980118694115502 2.882925785647348;8.142823342037381;19.22130600497353;2.958629397238948;30.51515512817231
76;6;11.68281534485721 -8.168661046513755;11.68281534485721 -8.168661046513755;11.68281534485721 -8.168661046513755;19.01407137272926;-1.980118694115502 2.882925785647348;8.142823342037381;19.22130600497353;2.958629397238948;14.25535680629785
76;7;22.56912420063123 -1.407971736908868;22.56912420063123 -1.407971736908868;22.00311376135862 -2.036547148673992;19.15697147005296;-1.980118694115502 2.882925785647348;8.142823342037381;19.22130600497353;2.958629397238948;22.61299961516500
76;8;30.55188809603301 -31.83443617743956;30.55188809603301 -31.83443617743956;30.55188809603301 -31.83443617743956;21.87729940454194;-1.980118694115502 2.882925785647348;8.142823342037381;19.22130600497353;2.958629397238948;44.12311404431917
76;9;-5.096605249869170 -4.676950140337949;-5.096605249869170 -4.676950140337949;-5.894916220115789 -4.908945242037799;13.69956412512603;-1.980118694115502 2.882925785647348;8.142823342037381;19.22130600497353;2.958629397238948;6.917315063534488
76;10;23.79248628980711 25.15282752765803;23.79248628980711 25.15282752765803;23.79248628980711 25.15282752765803;21.04905210366633;-1.980118694115502 2.882925785647348;8.142823342037381;19.22130600497353;2.958629397238948;34.62292790170655
76;11;22.51249229483063 9.374883354432127;22.51249229483063 9.374883354432127;22.80539325336843 9.124189434371658;20.40630493096825;-1.980118694115502 2.882925785647348;8.142823342037381;19.22130600497353;2.958629397238948;24.38648698017033
76;12;-9.648602010183073 14.13546056950046;-9.648602010183073 14.13546056950046;-9.921153280840795 14.06082322429180;18.49497479378925;-1.980118694115502 2.882925785647348;8.142823342037381;19.22130600497353;2.958629397238948;17.11451916539904
76;13;-29.16439364416290 3.951887478612701;-29.16439364416290 3.951887478612701;-29.16439364416290 3.951887478612701;20.32447830536276;-1.980118694115502 2.882925785647348;8.142823342037381;19.22130600497353;2.958629397238948;29.43092372446548
76;14;13.03642909306962 16.35721544670320;13.03642909306962 16.35721544670320;12.98912377190575 16.03679260851320;18.95880385204291;-1.980118694115502 2.882925785647348;8.142823342037381;19.22130600497353;2.958629397238948;20.91666753258027
76;15;-9.983727979839646 -6.980445674068357;-9.983727979839646 -6.980445674068357;-9.983727979839646 -6.980445674068357;16.44596710011549;-1.980118694115502 2.882925785647348;8.142823342037381;19.22130600497353;2.958629397238948;12.18201322376776
76;16;-13.91554244675716 15.73089588256657;-13.91554244675716 15.73089588256657;-14.02205527158201 15.86909976695235;19.41159926478535;-1.980118694115502 2.882925785647348;8.142823342037381;19.22130600497353;2.958629397238948;21.00246192368052
76;17;-19.25699812534635 20.31369937171311;-19.25699812534635 20.31369937171311;-19.99361480221266 19.96121433129253;19.67297083299347;-1.980118694115502 2.882925785647348;8.142823342037381;19.22130600497353;2.958629397238948;27.99068343152647
76;18;-4.367434375594743 -9.075307288850446;-4.367434375594743 -9.075307288850446;-5.030776273546366 -8.010330546247765;14.77915653623989;-1.980118694115502 2.882925785647348;8.142823342037381;19.22130600497353;2.958629397238948;10.07152845461843
76;19;24.69738143045442 -29.10916875107017;24.86677956600914 -28.88601554007369;24.86677956600914 -28.88601554007369;20.58903247387093;-1.980118694115502 2.882925785647348;8.142823342037381;19.22130600497353;2.958629397238948;38.11507076952460
77;0;-15.62818182936705 -8.913553870417811;-15.62818182936705 -8.913553870417811;-15.92168029418498 -10.21163207179826;19.58937515101714;-1.980118694115502 2.882925785647348;8.142823342037381;19.14743837996872;2.959009323419735;17.99142878963755
77;1;4.289883182740236 20.00149191741699;4.289883182740236 20.00149191741699;4.058386101385703 20.96663532214607;19.14171099827978;-1.980118694115502 2.882925785647348;8.142823342037381;19.14743837996872;2.959009323419735;20.45636274228766
77;2;-30.05960391309116 7.997155224695192;-30.05960391309116 7.997155224695192;-30.05960391309116 7.997155224695192;19.84699162719464;-1.980118694115502 2.882925785647348;8.142823342037381;19.14743837996872;2.959009323419735;31.10521305343841
77;3;15.46519933502183 2.127038480150204;15.46519933502183 2.127038480150204;15.19680995838062 2.142801177746482;18.82622567335569;-1.980118694115502 2.882925785647348;8.142823342037381;19.14743837996872;2.959009323419735;15.61078739743769
77;4;-1.546766148155240 2.697393353076110;-1.546766148155240 2.697393353076110;-1.980118694115502 2.882925785647348;8.142823342037381;-1.980118694115502 2.882925785647348;8.142823342037381;19.14743837996872;2.959009323419735;3.109407727895809
77;5;25.93292817979536 -16.08284578418871;25.93292817979536 -16.08284578418871;25.93292817979536 -16.08284578418871;20.01588019857293;-1.980118694115502 2.882925785647348;8.142823342037381;19.14743837996872;2.959009323419735;30.51515512817231
77;6;11.68281534485721 -8.168661046513755;11.68281534485721 -8.168661046513755;11.68281534485721 -8.168661046513755;19.01407137272926;-1.980118694115502 2.882925785647348;8.142823342037381;19.14743837996872;2.959009323419735;14.25535680629785
77;7;22.56912420063123 -1.407971736908868;22.56912420063123 -1.407971736908868;22.00311376135862 -2.036547148673992;19.15697147005296;-1.980118694115502 2.882925785647348;8.142823342037381;19.14743837996872;2.959009323419735;22.61299961516500
77;8;30.55188809603301 -31.83443617743956;30.55188809603301 -31.83443617743956;30.55188809603301 -31.83443617743956;21.87729940454194;-1.980118694115502 2.882925785647348;8.142823342037381;19.14743837996872;2.959009323419735;44.12311404431917
77;9;-5.096605249869170 -4.676950140337949;-5.096605249869170 -4.676950140337949;-5.894916220115789 -4.908945242037799;13.69956412512603;-1.980118694115502 2.882925785647348;8.142823342037381;19.14743837996872;2.959009323419735;6.917315063534488
77;10;23.79248628980711 25.15282752765803;23.79248628980711 25.15282752765803;23.79248628980711 25.15282752765803;21.04905210366633;-1.980118694115502 2.882925785647348;8.142823342037381;19.14743837996872;2.959009323419735;34.62292790170655
77;11;22.51249229483063 9.374883354432127;22.51249229483063 9.374883354432127;22.80539325336843 9.124189434371658;20.40630493096825;-1.980118694115502 2.882925785647348;8.142823342037381;19.14743837996872;2.959009323419735;24.38648698017033
77;12;-9.648602010183073 14.13546056950046;-9.953481006533010 14.06932673887292;-9.953481006533010 14.06932673887292;18.43047773364569;-1.980118694115502 2.882925785647348;8.142823342037381;19.14743837996872;2.959009323419735;17.23420259346448
77;13;-29.16439364416290 3.951887478612701;-29.16439364416290 3.951887478612701;-29.16439364416290 3.951887478612701;20.32447830536276;-1.980118694115502 2.882925785647348;8.142823342037381;19.14743837996872;2.959009323419735;29.43092372446548
77;14;13.03642909306962 16.35721544670320;13.03642909306962 16.35721544670320;12.98912377190575 16.03679260851320;18.95880385204291;-1.980118694115502 2.882925785647348;8.142823342037381;19.14743837996872;2.959009323419735;20.91666753258027
77;15;-9.983727979839646 -6.980445674068357;-9.983727979839646 -6.980445674068357;-9.983727979839646 -6.980445674068357;16.44596710011549;-1.980118694115502 2.882925785647348;8.142823342037381;19.14743837996872;2.959009323419735;12.18201322376776
77;16;-13.91554244675716 15.73089588256657;-13.91554244675716 15.73089588256657;-14.02205527158201 15.86909976695235;19.41159926478535;-1.980118694115502 2.882925785647348;8.142823342037381;19.14743837996872;2.959009323419735;21.00246192368052
77;17;-19.25699812534635 20.31369937171311;-19.25699812534635 20.31369937171311;-19.99361480221266 19.96121433129253;19.67297083299347;-1.980118694115502 2.882925785647348;8.142823342037381;19.14743837996872;2.959009323419735;27.99068343152647
77;18;-4.367434375594743 -9.075307288850446;-4.367434375594743 -9.075307288850446;-5.030776273546366 -8.010330546247765;14.77915653623989;-1.980118694115502 2.882925785647348;8.142823342037381;19.14743837996872;2.959009323419735;10.07152845461843
77;19;24.86677956600914 -28.88601554007369;24.86677956600914 -28.88601554007369;24.86677956600914 -28.88601554007369;20.58903247387093;-1.980118694115502 2.882925785647348;8.142823342037381;19.14743837996872;2.959009323419735;38.11507076952460
78;0;-15.62818182936705 -8.913553870417811;-15.62818182936705 -8.913553870417811;-15.92168029418498 -10.21163207179826;19.58937515101714;-1.980118694115502 2.882925785647348;8.142823342037381;19.15462806620558;2.960874440594786;17.99142878963755
78;1;4.289883182740236 20.00149191741699;4.289883182740236 20.00149191741699;4.058386101385703 20.96663532214607;19.14171099827978;-1.980118694115502 2.882925785647348;8.142823342037381;19.15462806620558;2.960874440594786;20.45636274228766
78;2;-30.05960391309116 7.997155224695192;-29.91900550089670 7.944759215126077;-30.05960391309116 7.997155224695192;19.84699162719464;-1.980118694115502 2.882925785647348;8.142823342037381;19.15462806620558;2.960874440594786;30.95587325773604
78;3;15.46519933502183 2.127038480150204;15.46519933502183 2.127038480150204;15.19680995838062 2.142801177746482;18.82622567335569;-1.980118694115502 2.882925785647348;8.142823342037381;19.15462806620558;2.960874440594786;15.61078739743769
78;4;-1.546766148155240 2.697393353076110;-1.546766148155240 2.697393353076110;-1.980118694115502 2.882925785647348;8.142823342037381;-1.980118694115502 2.882925785647348;8.142823342037381;19.15462806620558;2.960874440594786;3.109407727895809
78;5;25.93292817979536 -16.08284578418871;25.93292817979536 -16.08284578418871;25.93292817979536 -16.08284578418871;20.01588019857293;-1.980118694115502 2.882925785647348;8.142823342037381;19.15462806620558;2.960874440594786;30.51515512817231
78;6;11.68281534485721 -8.168661046513755;11.68281534485721 -8.168661046513755;11.68281534485721 -8.168661046513755;19.01407137272926;-1.980118694115502 2.882925785647348;8.142823342037381;19.15462806620558;2.960874440594786;14.25535680629785
78;7;22.56912420063123 -1.407971736908868;22.56912420063123 -1.407971736908868;22.00311376135862 -2.036547148673992;19.15697147005296;-1.980118694115502 2.882925785647348;8.142823342037381;19.15462806620558;2.960874440594786;22.61299961516500
78;8;30.55188809603301 -31.83443617743956;30.55188809603301 -31.83443617743956;30.55188809603301 -31.83443617743956;21.87729940454194;-1.980118694115502 2.882925785647348;8.142823342037381;19.15462806620558;2.960874440594786;44.12311404431917
78;9;-5.096605249869170 -4.676950140337949;-5.096605249869170 -4.676950140337949;-5.894916220115789 -4.908945242037799;13.69956412512603;-1.980118694115502 2.882925785647348;8.142823342037381;19.15462806620558;2.960874440594786;6.917315063534488
78;10;23.79248628980711 25.15282752765803;23.79248628980711 25.15282752765803;23.79248628980711 25.15282752765803;21.04905210366633;-1.980118694115502 2.882925785647348;8.142823342037381;19.15462806620558;2.960874440594786;34.62292790170655
78;11;22.51249229483063 9.374883354432127;22.51249229483063 9.374883354432127;22.80539325336843 9.124189434371658;20.40630493096825;-1.980118694115502 2.882925785647348;8.142823342037381;19.15462806620558;2.960874440594786;24.38648698017033
78;12;-9.953481006533010 14.06932673887292;-9.953481006533010 14.06932673887292;-9.953481006533010 14.06932673887292;18.43047773364569;-1.980118694115502 2.882925785647348;8.142823342037381;19.15462806620558;2.960874440594786;17.23420259346448
78;13;-29.16439364416290 3.951887478612701;-29.16439364416290 3.951887478612701;-29.16439364416290 3.951887478612701;20.32447830536276;-1.980118694115502 2.882925785647348;8.142823342037381;19.15462806620558;2.960874440594786;29.43092372446548
78;14;13.03642909306962 16.35721544670320;13.03642909306962 16.35721544670320;12.98912377190575 16.03679260851320;18.95880385204291;-1.980118694115502 2.882925785647348;8.142823342037381;19.15462806620558;2.960874440594786;20.91666753258027
78;15;-9.983727979839646 -6.980445674068357;-9.983727979839646 -6.980445674068357;-9.983727979839646 -6.980445674068357;16.44596710011549;-1.980118694115502 2.882925785647348;8.142823342037381;19.15462806620558;2.960874440594786;12.18201322376776
78;16;-13.91554244675716 15.73089588256657;-13.91554244675716 15.73089588256657;-14.02205527158201 15.86909976695235;19.41159926478535;-1.980118694115502 2.882925785647348;8.142823342037381;19.15462806620558;2.960874440594786;21.00246192368052
78;17;-19.25699812534635 20.31369937171311;-19.25699812534635 20.31369937171311;-19.99361480221266 19.96121433129253;19.67297083299347;-1.980118694115502 2.882925785647348;8.142823342037381;19.15462806620558;2.960874440594786;27.99068343152647
78;18;-4.367434375594743 -9.075307288850446;-4.367434375594743 -9.075307288850446;-5.030776273546366 -8.010330546247765;14.77915653623989;-1.980118694115502 2.882925785647348;8.142823342037381;19.15462806620558;2.960874440594786;10.07152845461843
78;19;24.86677956600914 -28.88601554007369;24.86677956600914 -28.88601554007369;24.86677956600914 -28.88601554007369;20.58903247387093;-1.980118694115502 2.882925785647348;8.142823342037381;19.15462806620558;2.960874440594786;38.11507076952460
79;0;-15.62818182936705 -8.913553870417811;-15.62818182936705 -8.913553870417811;-15.92168029418498 -10.21163207179826;19.58937515101714;-1.980118694115502 2.882925785647348;8.142823342037381;19.29145200762232;3.008780754765819;17.99142878963755
79;1;4.289883182740236 20.00149191741699;4.289883182740236 20.00149191741699;4.058386101385703 20.96663532214607;19.14171099827978;-1.980118694115502 2.882925785647348;8.142823342037381;19.29145200762232;3.008780754765819;20.45636274228766
79;2;-29.91900550089670 7.944759215126077;-29.91900550089670 7.944759215126077;-30.05960391309116 7.997155224695192;19.84699162719464;-1.980118694115502 2.882925785647348;8.142823342037381;19.29145200762232;3.008780754765819;30.95587325773604
79;3;15.46519933502183 2.127038480150204;15.46519933502183 2.127038480150204;15.19680995838062 2.142801177746482;18.82622567335569;-1.980118694115502 2.882925785647348;8.142823342037381;19.29145200762232;3.008780754765819;15.61078739743769
79;4;-1.546766148155240 2.697393353076110;-1.546766148155240 2.697393353076110;-1.980118694115502 2.882925785647348;8.142823342037381;-1.980118694115502 2.882925785647348;8.142823342037381;19.29145200762232;3.008780754765819;3.109407727895809
79;5;25.93292817979536 -16.08284578418871;25.93292817979536 -16.08284578418871;25.93292817979536 -16.08284578418871;20.01588019857293;-1.980118694115502 2.882925785647348;8.142823342037381;19.29145200762232;3.008780754765819;30.51515512817231
79;6;11.68281534485721 -8.168661046513755;11.68281534485721 -8.168661046513755;11.68281534485721 -8.168661046513755;19.01407137272926;-1.980118694115502 2.882925785647348;8.142823342037381;19.29145200762232;3.008780754765819;14.25535680629785
79;7;22.56912420063123 -1.407971736908868;22.56912420063123 -1.407971736908868;22.00311376135862 -2.036547148673992;19.15697147005296;-1.980118694115502 2.882925785647348;8.142823342037381;19.29145200762232;3.008780754765819;22.61299961516500
79;8;30.55188809603301 -31.83443617743956;30.55188809603301 -31.83443617743956;30.55188809603301 -31.83443617743956;21.87729940454194;-1.980118694115502 2.882925785647348;8.142823342037381;19.29145200762232;3.008780754765819;44.12311404431917
79;9;-5.096605249869170 -4.676950140337949;-5.096605249869170 -4.676950140337949;-5.894916220115789 -4.908945242037799;13.69956412512603;-1.980118694115502 2.882925785647348;8.142823342037381;19.29145200762232;3.008780754765819;6.917315063534488
79;10;23.79248628980711 25.15282752765803;23.79248628980711 25.15282752765803;23.79248628980711 25.15282752765803;21.04905210366633;-1.980118694115502 2.882925785647348;8.142823342037381;19.29145200762232;3.008780754765819;34.62292790170655
79;11;22.51249229483063 9.374883354432127;22.51249229483063 9.374883354432127;22.80539325336843 9.124189434371658;20.40630493096825;-1.980118694115502 2.882925785647348;8.142823342037381;19.29145200762232;3.008780754765819;24.38648698017033
79;12;-9.953481006533010 14.06932673887292;-9.912705276151007 13.65983829882802;-9.953481006533010 14.06932673887292;18.43047773364569;-1.980118694115502 2.882925785647348;8.142823342037381;19.29145200762232;3.008780754765819;16.87758597199140
79;13;-29.16439364416290 3.951887478612701;-29.16439364416290 3.951887478612701;-29.16439364416290 3.951887478612701;20.32447830536276;-1.980118694115502 2.882925785647348;8.142823342037381;19.29145200762232;3.008780754765819;29.43092372446548
79;14;13.03642909306962 16.35721544670320;13.03642909306962 16.35721544670320;12.98912377190575 16.03679260851320;18.95880385204291;-1.980118694115502 2.882925785647348;8.142823342037381;19.29145200762232;3.008780754765819;20.91666753258027
79;15;-9.983727979839646 -6.980445674068357;-9.983727979839646 -6.980445674068357;-9.983727979839646 -6.980445674068357;16.44596710011549;-1.980118694115502 2.882925785647348;8.142823342037381;19.29145200762232;3.008780754765819;12.18201322376776
79;16;-13.91554244675716 15.73089588256657;-13.91554244675716 15.73089588256657;-14.02205527158201 15.86909976695235;19.41159926478535;-1.980118694115502 2.882925785647348;8.142823342037381;19.29145200762232;3.008780754765819;21.00246192368052
79;17;-19.25699812534635 20.31369937171311;-19.25699812534635 20.31369937171311;-19.99361480221266 19.96121433129253;19.67297083299347;-1.980118694115502 2.882925785647348;8.142823342037381;19.29145200762232;3.008780754765819;27.99068343152647
79;18;-4.367434375594743 -9.075307288850446;-4.367434375594743 -9.075307288850446;-5.030776273546366 -8.010330546247765;14.77915653623989;-1.980118694115502 2.882925785647348;8.142823342037381;19.29145200762232;3.008780754765819;10.07152845461843
79;19;24.86677956600914 -28.88601554007369;24.70602439512996 -28.59317206602454;24.86677956600914 -28.88601554007369;20.58903247387093;-1.980118694115502 2.882925785647348;8.142823342037381;19.29145200762232;3.008780754765819;37.78832002365337
80;0;-15.62818182936705 -8.913553870417811;-15.62818182936705 -8.913553870417811;-15.92168029418498 -10.21163207179826;19.58937515101714;-1.980118694115502 2.882925785647348;8.142823342037381;19.32735539659910;2.586359859951829;17.99142878963755
80;1;4.289883182740236 20.00149191741699;4.289883182740236 20.00149191741699;4.058386101385703 20.96663532214607;19.14171099827978;-1.980118694115502 2.882925785647348;8.142823342037381;19.32735539659910;2.586359859951829;20.45636274228766
80;2;-29.91900550089670 7.944759215126077;-29.91900550089670 7.944759215126077;-30.05960391309116 7.997155224695192;19.84699162719464;-1.980118694115502 2.882925785647348;8.142823342037381;19.32735539659910;2.586359859951829;30.95587325773604
80;3;15.46519933502183 2.127038480150204;15.46519933502183 2.127038480150204;15.19680995838062 2.142801177746482;18.82622567335569;-1.980118694115502 2.882925785647348;8.142823342037381;19.32735539659910;2.586359859951829;15.61078739743769
80;7;22.56912420063123 -1.407971736908868;6.125353699606759 0.9207329146955963;6.125353699606759 0.9207329146955963;12.18140835532333;-1.980118694115502 2.882925785647348;8.142823342037381;19.32735539659910;2.586359859951829;6.194167179330088
80;5;25.93292817979536 -16.08284578418871;25.93292817979536 -16.08284578418871;25.93292817979536 -16.08284578418871;20.01588019857293;-1.980118694115502 2.882925785647348;8.142823342037381;19.32735539659910;2.586359859951829;30.51515512817231
80;6;11.68281534485721 -8.168661046513755;11.68281534485721 -8.168661046513755;11.68281534485721 -8.168661046513755;19.01407137272926;-1.980118694115502 2.882925785647348;8.142823342037381;19.32735539659910;2.586359859951829;14.25535680629785
80;8;30.55188809603301 -31.83443617743956;30.55188809603301 -31.83443617743956;30.55188809603301 -31.83443617743956;21.87729940454194;-1.980118694115502 2.882925785647348;8.142823342037381;19.32735539659910;2.586359859951829;44.12311404431917
80;9;-5.096605249869170 -4.676950140337949;-5.096605249869170 -4.676950140337949;-5.894916220115789 -4.908945242037799;13.69956412512603;-1.980118694115502 2.882925785647348;8.142823342037381;19.32735539659910;2.586359859951829;6.917315063534488
80;10;23.79248628980711 25.15282752765803;23.79248628980711 25.15282752765803;23.79248628980711 25.15282752765803;21.04905210366633;-1.980118694115502 2.882925785647348;8.142823342037381;19.32735539659910;2.586359859951829;34.62292790170655
80;11;22.51249229483063 9.374883354432127;22.51249229483063 9.374883354432127;22.80539325336843 9.124189434371658;20.40630493096825;-1.980118694115502 2.882925785647348;8.142823342037381;19.32735539659910;2.586359859951829;24.38648698017033
80;12;-9.912705276151007 13.65983829882802;-9.912705276151007 13.65983829882802;-9.953481006533010 14.06932673887292;18.43047773364569;-1.980118694115502 2.882925785647348;8.142823342037381;19.32735539659910;2.586359859951829;16.87758597199140
80;13;-29.16439364416290 3.951887478612701;-29.16439364416290 3.951887478612701;-29.16439364416290 3.951887478612701;20.32447830536276;-1.980118694115502 2.882925785647348;8.142823342037381;19.32735539659910;2.586359859951829;29.43092372446548
80;14;13.03642909306962 16.35721544670320;13.03642909306962 16.35721544670320;12.98912377190575 16.03679260851320;18.95880385204291;-1.980118694115502 2.882925785647348;8.142823342037381;19.32735539659910;2.586359859951829;20.91666753258027
80;15;-9.983727979839646 -6.980445674068357;-9.983727979839646 -6.980445674068357;-9.983727979839646 -6.980445674068357;16.44596710011549;-1.980118694115502 2.882925785647348;8.142823342037381;19.32735539659910;2.586359859951829;12.18201322376776
80;16;-13.91554244675716 15.73089588256657;-13.91554244675716 15.73089588256657;-14.02205527158201 15.86909976695235;19.41159926478535;-1.980118694115502 2.882925785647348;8.142823342037381;19.32735539659910;2.586359859951829;21.00246192368052
80;17;-19.25699812534635 20.31369937171311;-19.25699812534635 20.31369937171311;-19.99361480221266 19.96121433129253;19.67297083299347;-1.980118694115502 2.882925785647348;8.142823342037381;19.32735539659910;2.586359859951829;27.99068343152647
80;18;-4.367434375594743 -9.075307288850446;-4.367434375594743 -9.075307288850446;-5.030776273546366 -8.010330546247765;14.77915653623989;-1.980118694115502 2.882925785647348;8.142823342037381;19.32735539659910;2.586359859951829;10.07152845461843
80;19;24.70602439512996 -28.59317206602454;24.70602439512996 -28.59317206602454;24.86677956600914 -28.88601554007369;20.58903247387093;-1.980118694115502 2.882925785647348;8.142823342037381;19.32735539659910;2.586359859951829;37.78832002365337
81;0;-15.62818182936705 -8.913553870417811;-15.62818182936705 -8.913553870417811;-15.92168029418498 -10.21163207179826;19.58937515101714;-1.980118694115502 2.882925785647348;8.142823342037381;19.38617100509056;2.620842816891052;17.99142878963755
81;1;4.289883182740236 20.00149191741699;4.289883182740236 20.00149191741699;4.058386101385703 20.96663532214607;19.14171099827978;-1.980118694115502 2.882925785647348;8.142823342037381;19.38617100509056;2.620842816891052;20.45636274228766
81;2;-29.91900550089670 7.944759215126077;-29.91900550089670 7.944759215126077;-30.05960391309116 7.997155224695192;19.84699162719464;-1.980118694115502 2.882925785647348;8.142823342037381;19.38617100509056;2.620842816891052;30.95587325773604
81;3;15.46519933502183 2.127038480150204;15.46519933502183 2.127038480150204;15.19680995838062 2.142801177746482;18.82622567335569;-1.980118694115502 2.882925785647348;8.142823342037381;19.38617100509056;2.620842816891052;15.61078739743769
81;7;6.125353699606759 0.9207329146955963;6.125353699606759 0.9207329146955963;6.125353699606759 0.9207329146955963;12.18140835532333;-1.980118694115502 2.882925785647348;8.142823342037381;19.38617100509056;2.620842816891052;6.194167179330088
81;5;25.93292817979536 -16.08284578418871;25.93292817979536 -16.08284578418871;25.93292817979536 -16.08284578418871;20.01588019857293;-1.980118694115502 2.882925785647348;8.142823342037381;19.38617100509056;2.620842816891052;30.51515512817231
81;6;11.68281534485721 -8.168661046513755;11.68281534485721 -8.168661046513755;11.68281534485721 -8.168661046513755;19.01407137272926;-1.980118694115502 2.882925785647348;8.142823342037381;19.38617100509056;2.620842816891052;14.25535680629785
81;8;30.55188809603301 -31.83443617743956;30.55188809603301 -31.83443617743956;30.55188809603301 -31.83443617743956;21.87729940454194;-1.980118694115502 2.882925785647348;8.142823342037381;19.38617100509056;2.620842816891052;44.12311404431917
81;9;-5.096605249869170 -4.676950140337949;-5.096605249869170 -4.676950140337949;-5.894916220115789 -4.908945242037799;13.69956412512603;-1.980118694115502 2.882925785647348;8.142823342037381;19.38617100509056;2.620842816891052;6.917315063534488
81;10;23.79248628980711 25.15282752765803;23.79248628980711 25.15282752765803;23.79248628980711 25.15282752765803;21.04905210366633;-1.980118694115502 2.882925785647348;8.142823342037381;19.38617100509056;2.620842816891052;34.62292790170655
81;11;22.51249229483063 9.374883354432127;22.51249229483063 9.374883354432127;22.80539325336843 9.124189434371658;20.40630493096825;-1.980118694115502 2.882925785647348;8.142823342037381;19.38617100509056;2.620842816891052;24.38648698017033
81;12;-9.912705276151007 13.65983829882802;-9.912705276151007 13.65983829882802;-9.953481006533010 14.06932673887292;18.43047773364569;-1.980118694115502 2.882925785647348;8.142823342037381;19.38617100509056;2.620842816891052;16.87758597199140
81;13;-29.16439364416290 3.951887478612701;-28.78000780033040 4.296879286318557;-29.16439364416290 3.951887478612701;20.32447830536276;-1.980118694115502 2.882925785647348;8.142823342037381;19.38617100509056;2.620842816891052;29.09900377312378
81;14;13.03642909306962 16.35721544670320;13.03642909306962 16.35721544670320;12.98912377190575 16.03679260851320;18.95880385204291;-1.980118694115502 2.882925785647348;8.142823342037381;19.38617100509056;2.620842816891052;20.91666753258027
81;15;-9.983727979839646 -6.980445674068357;-9.983727979839646 -6.980445674068357;-9.983727979839646 -6.980445674068357;16.44596710011549;-1.980118694115502 2.882925785647348;8.142823342037381;19.38617100509056;2.620842816891052;12.18201322376776
81;16;-13.91554244675716 15.73089588256657;-13.91554244675716 15.73089588256657;-14.02205527158201 15.86909976695235;19.41159926478535;-1.980118694115502 2.882925785647348;8.142823342037381;19.38617100509056;2.620842816891052;21.00246192368052
81;17;-19.25699812534635 20.31369937171311;-19.25699812534635 20.31369937171311;-19.99361480221266 19.96121433129253;19.67297083299347;-1.980118694115502 2.882925785647348;8.142823342037381;19.38617100509056;2.620842816891052;27.99068343152647
81;18;-4.367434375594743 -9.075307288850446;-4.367434375594743 -9.075307288850446;-5.030776273546366 -8.010330546247765;14.77915653623989;-1.980118694115502 2.882925785647348;8.142823342037381;19.38617100509056;2.620842816891052;10.07152845461843
81;19;24.70602439512996 -28.59317206602454;24.70602439512996 -28.59317206602454;24.86677956600914 -28.88601554007369;20.58903247387093;-1.980118694115502 2.882925785647348;8.142823342037381;19.38617100509056;2.620842816891052;37.78832002365337
82;0;-15.62818182936705 -8.913553870417811;-15.62818182936705 -8.913553870417811;-15.92168029418498 -10.21163207179826;19.58937515101714;-1.980118694115502 2.882925785647348;8.142823342037381;19.49291637826736;2.538939363050703;17.99142878963755
82;1;4.289883182740236 20.00149191741699;4.289883182740236 20.00149191741699;4.058386101385703 20.96663532214607;19.14171099827978;-1.980118694115502 2.882925785647348;8.142823342037381;19.49291637826736;2.538939363050703;20.45636274228766
82;2;-29.91900550089670 7.944759215126077;-29.91900550089670 7.944759215126077;-30.05960391309116 7.997155224695192;19.84699162719464;-1.980118694115502 2.882925785647348;8.142823342037381;19.49291637826736;2.538939363050703;30.95587325773604
82;3;15.46519933502183 2.127038480150204;15.46519933502183 2.127038480150204;15.19680995838062 2.142801177746482;18.82622567335569;-1.980118694115502 2.882925785647348;8.142823342037381;19.49291637826736;2.538939363050703;15.61078739743769
82;7;6.125353699606759 0.9207329146955963;6.125353699606759 0.9207329146955963;6.125353699606759 0.9207329146955963;12.18140835532333;-1.980118694115502 2.882925785647348;8.142823342037381;19.49291637826736;2.538939363050703;6.194167179330088
82;5;25.93292817979536 -16.08284578418871;25.93292817979536 -16.08284578418871;25.93292817979536 -16.08284578418871;20.01588019857293;-1.980118694115502 2.882925785647348;8.142823342037381;19.49291637826736;2.538939363050703;30.51515512817231
82;6;11.68281534485721 -8.168661046513755;11.68281534485721 -8.168661046513755;11.68281534485721 -8.168661046513755;19.01407137272926;-1.980118694115502 2.882925785647348;8.142823342037381;19.49291637826736;2.538939363050703;14.25535680629785
82;8;30.55188809603301 -31.83443617743956;30.55188809603301 -31.83443617743956;30.55188809603301 -31.83443617743956;21.87729940454194;-1.980118694115502 2.882925785647348;8.142823342037381;19.49291637826736;2.538939363050703;44.12311404431917
82;9;-5.096605249869170 -4.676950140337949;-5.096605249869170 -4.676950140337949;-5.894916220115789 -4.908945242037799;13.69956412512603;-1.980118694115502 2.882925785647348;8.142823342037381;19.49291637826736;2.538939363050703;6.917315063534488
82;10;23.79248628980711 25.15282752765803;23.79248628980711 25.15282752765803;23.79248628980711 25.15282752765803;21.04905210366633;-1.980118694115502 2.882925785647348;8.142823342037381;19.49291637826736;2.538939363050703;34.62292790170655
82;11;22.51249229483063 9.374883354432127;22.51249229483063 9.374883354432127;22.80539325336843 9.124189434371658;20.40630493096825;-1.980118694115502 2.882925785647348;8.142823342037381;19.49291637826736;2.538939363050703;24.38648698017033
82;12;-9.912705276151007 13.65983829882802;-9.912705276151007 13.65983829882802;-9.953481006533010 14.06932673887292;18.43047773364569;-1.980118694115502 2.882925785647348;8.142823342037381;19.49291637826736;2.538939363050703;16.87758597199140
82;13;-28.78000780033040 4.296879286318557;-28.78000780033040 4.296879286318557;-29.16439364416290 3.951887478612701;20.32447830536276;-1.980118694115502 2.882925785647348;8.142823342037381;19.49291637826736;2.538939363050703;29.09900377312378
82;14;13.03642909306962 16.35721544670320;13.03642909306962 16.35721544670320;12.98912377190575 16.03679260851320;18.95880385204291;-1.980118694115502 2.882925785647348;8.142823342037381;19.49291637826736;2.538939363050703;20.91666753258027
82;15;-9.983727979839646 -6.980445674068357;-10.88879755863092 -6.570431423349759;-9.983727979839646 -6.980445674068357;16.44596710011549;-1.980118694115502 2.882925785647348;8.142823342037381;19.49291637826736;2.538939363050703;12.71756585836255
82;16;-13.91554244675716 15.73089588256657;-13.91554244675716 15.73089588256657;-14.02205527158201 15.86909976695235;19.41159926478535;-1.980118694115502 2.882925785647348;8.142823342037381;19.49291637826736;2.538939363050703;21.00246192368052
82;17;-19.25699812534635 20.31369937171311;-19.25699812534635 20.31369937171311;-19.99361480221266 19.96121433129253;19.67297083299347;-1.980118694115502 2.882925785647348;8.142823342037381;19.49291637826736;2.538939363050703;27.99068343152647
82;18;-4.367434375594743 -9.075307288850446;-4.367434375594743 -9.075307288850446;-5.030776273546366 -8.010330546247765;14.77915653623989;-1.980118694115502 2.882925785647348;8.142823342037381;19.49291637826736;2.538939363050703;10.07152845461843
82;19;24.70602439512996 -28.59317206602454;24.70602439512996 -28.59317206602454;24.86677956600914 -28.88601554007369;20.58903247387093;-1.980118694115502 2.882925785647348;8.142823342037381;19.49291637826736;2.538939363050703;37.78832002365337
83;0;-15.62818182936705 -8.913553870417811;-15.62818182936705 -8.913553870417811;-15.92168029418498 -10.21163207179826;19.58937515101714;-1.980118694115502 2.882925785647348;8.142823342037381;19.52309261145492;2.453841159902408;17.99142878963755
83;1;4.289883182740236 20.00149191741699;4.289883182740236 20.00149191741699;4.058386101385703 20.96663532214607;19.14171099827978;-1.980118694115502 2.882925785647348;8.142823342037381;19.52309261145492;2.453841159902408;20.45636274228766
83;2;-29.91900550089670 7.944759215126077;-29.91900550089670 7.944759215126077;-30.05960391309116 7.997155224695192;19.84699162719464;-1.980118694115502 2.882925785647348;8.142823342037381;19.52309261145492;2.453841159902408;30.95587325773604
83;3;15.46519933502183 2.127038480150204;15.46519933502183 2.127038480150204;15.19680995838062 2.142801177746482;18.82622567335569;-1.980118694115502 2.882925785647348;8.142823342037381;19.52309261145492;2.453841159902408;15.61078739743769
83;7;6.125353699606759 0.9207329146955963;6.065685575115426 0.7407482778304313;6.125353699606759 0.9207329146955963;12.18140835532333;-1.980118694115502 2.882925785647348;8.142823342037381;19.52309261145492;2.453841159902408;6.110748686312677
83;5;25.93292817979536 -16.08284578418871;25.93292817979536 -16.08284578418871;25.93292817979536 -16.08284578418871;20.01588019857293;-1.980118694115502 2.882925785647348;8.142823342037381;19.52309261145492;2.453841159902408;30.51515512817231
83;6;11.68281534485721 -8.168661046513755;11.68281534485721 -8.168661046513755;11.68281534485721 -8.168661046513755;19.01407137272926;-1.980118694115502 2.882925785647348;8.142823342037381;19.52309261145492;2.453841159902408;14.25535680629785
83;8;30.55188809603301 -31.83443617743956;30.55188809603301 -31.83443617743956;30.55188809603301 -31.83443617743956;21.87729940454194;-1.980118694115502 2.882925785647348;8.142823342037381;19.52309261145492;2.453841159902408;44.12311404431917
83;9;-5.096605249869170 -4.676950140337949;-5.096605249869170 -4.676950140337949;-5.894916220115789 -4.908945242037799;13.69956412512603;-1.980118694115502 2.882925785647348;8.142823342037381;19.52309261145492;2.453841159902408;6.917315063534488
83;10;23.79248628980711 25.15282752765803;23.79248628980711 25.15282752765803;23.79248628980711 25.15282752765803;21.04905210366633;-1.980118694115502 2.882925785647348;8.142823342037381;19.52309261145492;2.453841159902408;34.62292790170655
83;11;22.51249229483063 9.374883354432127;22.51249229483063 9.374883354432127;22.80539325336843 9.124189434371658;20.40630493096825;-1.980118694115502 2.882925785647348;8.142823342037381;19.52309261145492;2.453841159902408;24.38648698017033
83;12;-9.912705276151007 13.65983829882802;-9.912705276151007 13.65983829882802;-9.953481006533010 14.06932673887292;18.43047773364569;-1.980118694115502 2.882925785647348;8.142823342037381;19.52309261145492;2.453841159902408;16.87758597199140
83;13;-28.78000780033040 4.296879286318557;-28.78000780033040 4.296879286318557;-29.16439364416290 3.951887478612701;20.32447830536276;-1.980118694115502 2.882925785647348;8.142823342037381;19.52309261145492;2.453841159902408;29.09900377312378
83;14;13.03642909306962 16.35721544670320;13.03642909306962 16.35721544670320;12.98912377190575 16.03679260851320;18.95880385204291;-1.980118694115502 2.882925785647348;8.142823342037381;19.52309261145492;2.453841159902408;20.91666753258027
83;15;-10.88879755863092 -6.570431423349759;-10.88879755863092 -6.570431423349759;-9.983727979839646 -6.980445674068357;16.44596710011549;-1.980118694115502 2.882925785647348;8.142823342037381;19.52309261145492;2.453841159902408;12.71756585836255
83;16;-13.91554244675716 15.73089588256657;-13.91554244675716 15.73089588256657;-14.02205527158201 15.86909976695235;19.41159926478535;-1.980118694115502 2.882925785647348;8.142823342037381;19.52309261145492;2.453841159902408;21.00246192368052
83;17;-19.25699812534635 20.31369937171311;-19.25699812534635 20.31369937171311;-19.99361480221266 19.96121433129253;19.67297083299347;-1.980118694115502 2.882925785647348;8.142823342037381;19.52309261145492;2.453841159902408;27.99068343152647
83;18;-4.367434375594743 -9.075307288850446;-4.367434375594743 -9.075307288850446;-5.030776273546366 -8.010330546247765;14.77915653623989;-1.980118694115502 2.882925785647348;8.142823342037381;19.52309261145492;2.453841159902408;10.07152845461843
83;19;24.70602439512996 -28.59317206602454;24.70602439512996 -28.59317206602454;24.86677956600914 -28.88601554007369;20.58903247387093;-1.980118694115502 2.882925785647348;8.142823342037381;19.52309261145492;2.453841159902408;37.78832002365337
84;0;-15.62818182936705 -8.913553870417811;-15.62818182936705 -8.913553870417811;-15.92168029418498 -10.21163207179826;19.58937515101714;-1.980118694115502 2.882925785647348;8.142823342037381;19.53353123465517;2.442588648491002;17.99142878963755
84;1;4.289883182740236 20.00149191741699;4.289883182740236 20.00149191741699;4.058386101385703 20.96663532214607;19.14171099827978;-1.980118694115502 2.882925785647348;8.142823342037381;19.53353123465517;2.442588648491002;20.45636274228766
84;2;-29.91900550089670 7.944759215126077;-29.91900550089670 7.944759215126077;-30.05960391309116 7.997155224695192;19.84699162719464;-1.980118694115502 2.882925785647348;8.142823342037381;19.53353123465517;2.442588648491002;30.95587325773604
84;3;15.46519933502183 2.127038480150204;15.46519933502183 2.127038480150204;15.19680995838062 2.142801177746482;18.82622567335569;-1.980118694115502 2.882925785647348;8.142823342037381;19.53353123465517;2.442588648491002;15.61078739743769
84;7;6.065685575115426 0.7407482778304313;6.065685575115426 0.7407482778304313;6.125353699606759 0.9207329146955963;12.18140835532333;-1.980118694115502 2.882925785647348;8.142823342037381;19.53353123465517;2.442588648491002;6.110748686312677
84;5;25.93292817979536 -16.08284578418871;25.93292817979536 -16.08284578418871;25.93292817979536 -16.08284578418871;20.01588019857293;-1.980118694115502 2.882925785647348;8.142823342037381;19.53353123465517;2.442588648491002;30.51515512817231
84;6;11.68281534485721 -8.168661046513755;11.68281534485721 -8.168661046513755;11.68281534485721 -8.168661046513755;19.01407137272926;-1.980118694115502 2.882925785647348;8.142823342037381;19.53353123465517;2.442588648491002;14.25535680629785
84;8;30.55188809603301 -31.83443617743956;30.55188809603301 -31.83443617743956;30.55188809603301 -31.83443617743956;21.87729940454194;-1.980118694115502 2.882925785647348;8.142823342037381;19.53353123465517;2.442588648491002;44.12311404431917
84;9;-5.096605249869170 -4.676950140337949;-5.096605249869170 -4.676950140337949;-5.894916220115789 -4.908945242037799;13.69956412512603;-1.980118694115502 2.882925785647348;8.142823342037381;19.53353123465517;2.442588648491002;6.917315063534488
84;10;23.79248628980711 25.15282752765803;23.79248628980711 25.15282752765803;23.79248628980711 25.15282752765803;21.04905210366633;-1.980118694115502 2.882925785647348;8.142823342037381;19.53353123465517;2.442588648491002;34.62292790170655
84;11;22.51249229483063 9.374883354432127;22.51249229483063 9.374883354432127;22.80539325336843 9.124189434371658;20.40630493096825;-1.980118694115502 2.882925785647348;8.142823342037381;19.53353123465517;2.442588648491002;24.38648698017033
84;12;-9.912705276151007 13.65983829882802;-9.912705276151007 13.65983829882802;-9.953481006533010 14.06932673887292;18.43047773364569;-1.980118694115502 2.882925785647348;8.142823342037381;19.53353123465517;2.442588648491002;16.87758597199140
84;13;-28.78000780033040 4.296879286318557;-28.78000780033040 4.296879286318557;-29.16439364416290 3.951887478612701;20.32447830536276;-1.980118694115502 2.882925785647348;8.142823342037381;19.53353123465517;2.442588648491002;29.09900377312378
84;14;13.03642909306962 16.35721544670320;13.03642909306962 16.35721544670320;12.98912377190575 16.03679260851320;18.95880385204291;-1.980118694115502 2.882925785647348;8.142823342037381;19.53353123465517;2.442588648491002;20.91666753258027
84;15;-10.88879755863092 -6.570431423349759;-10.88879755863092 -6.570431423349759;-9.983727979839646 -6.980445674068357;16.44596710011549;-1.980118694115502 2.882925785647348;8.142823342037381;19.53353123465517;2.442588648491002;12.71756585836255
84;16;-13.91554244675716 15.73089588256657;-13.91554244675716 15.73089588256657;-14.02205527158201 15.86909976695235;19.41159926478535;-1.980118694115502 2.882925785647348;8.142823342037381;19.53353123465517;2.442588648491002;21.00246192368052
84;17;-19.25699812534635 20.31369937171311;-19.25699812534635 20.31369937171311;-19.99361480221266 19.96121433129253;19.67297083299347;-1.980118694115502 2.882925785647348;8.142823342037381;19.53353123465517;2.442588648491002;27.99068343152647
84;18;-4.367434375594743 -9.075307288850446;-4.549696995856992 -9.074707370643996;-5.030776273546366 -8.010330546247765;14.77915653623989;-1.980118694115502 2.882925785647348;8.142823342037381;19.53353123465517;2.442588648491002;10.15135737805199
84;19;24.70602439512996 -28.59317206602454;24.70602439512996 -28.59317206602454;24.86677956600914 -28.88601554007369;20.58903247387093;-1.980118694115502 2.882925785647348;8.142823342037381;19.53353123465517;2.442588648491002;37.78832002365337
85;0;-15.62818182936705 -8.913553870417811;-15.62818182936705 -8.913553870417811;-15.92168029418498 -10.21163207179826;19.58937515101714;-1.980118694115502 2.882925785647348;8.142823342037381;19.55436372694787;2.452314074482487;17.99142878963755
85;1;4.289883182740236 20.00149191741699;4.289883182740236 20.00149191741699;4.058386101385703 20.96663532214607;19.14171099827978;-1.980118694115502 2.882925785647348;8.142823342037381;19.55436372694787;2.452314074482487;20.45636274228766
85;2;-29.91900550089670 7.944759215126077;-29.91900550089670 7.944759215126077;-30.05960391309116 7.997155224695192;19.84699162719464;-1.980118694115502 2.882925785647348;8.142823342037381;19.55436372694787;2.452314074482487;30.95587325773604
85;3;15.46519933502183 2.127038480150204;15.46519933502183 2.127038480150204;15.19680995838062 2.142801177746482;18.82622567335569;-1.980118694115502 2.882925785647348;8.142823342037381;19.55436372694787;2.452314074482487;15.61078739743769
85;7;6.065685575115426 0.7407482778304313;6.065685575115426 0.7407482778304313;6.125353699606759 0.9207329146955963;12.18140835532333;-1.980118694115502 2.882925785647348;8.142823342037381;19.55436372694787;2.452314074482487;6.110748686312677
85;5;25.93292817979536 -16.08284578418871;25.93292817979536 -16.08284578418871;25.93292817979536 -16.08284578418871;20.01588019857293;-1.980118694115502 2.882925785647348;8.142823342037381;19.55436372694787;2.452314074482487;30.51515512817231
85;6;11.68281534485721 -8.168661046513755;11.68281534485721 -8.168661046513755;11.68281534485721 -8.168661046513755;19.01407137272926;-1.980118694115502 2.882925785647348;8.142823342037381;19.55436372694787;2.452314074482487;14.25535680629785
85;8;30.55188809603301 -31.83443617743956;30.55188809603301 -31.83443617743956;30.55188809603301 -31.83443617743956;21.87729940454194;-1.980118694115502 2.882925785647348;8.142823342037381;19.55436372694787;2.452314074482487;44.12311404431917
85;9;-5.096605249869170 -4.676950140337949;-5.096605249869170 -4.676950140337949;-5.894916220115789 -4.908945242037799;13.69956412512603;-1.980118694115502 2.882925785647348;8.142823342037381;19.55436372694787;2.452314074482487;6.917315063534488
85;10;23.79248628980711 25.15282752765803;23.79248628980711 25.15282752765803;23.79248628980711 25.15282752765803;21.04905210366633;-1.980118694115502 2.882925785647348;8.142823342037381;19.55436372694787;2.452314074482487;34.62292790170655
85;11;22.51249229483063 9.374883354432127;22.51249229483063 9.374883354432127;22.80539325336843 9.124189434371658;20.40630493096825;-1.980118694115502 2.882925785647348;8.142823342037381;19.55436372694787;2.452314074482487;24.38648698017033
85;12;-9.912705276151007 13.65983829882802;-9.912705276151007 13.65983829882802;-9.953481006533010 14.06932673887292;18.43047773364569;-1.980118694115502 2.882925785647348;8.142823342037381;19.55436372694787;2.452314074482487;16.87758597199140
85;13;-28.78000780033040 4.296879286318557;-28.78000780033040 4.296879286318557;-29.16439364416290 3.951887478612701;20.32447830536276;-1.980118694115502 2.882925785647348;8.142823342037381;19.55436372694787;2.452314074482487;29.09900377312378
85;14;13.03642909306962 16.35721544670320;13.21503165448268 16.35938759388433;12.98912377190575 16.03679260851320;18.95880385204291;-1.980118694115502 2.882925785647348;8.142823342037381;19.55436372694787;2.452314074482487;21.03013609266273
85;15;-10.88879755863092 -6.570431423349759;-10.88879755863092 -6.570431423349759;-9.983727979839646 -6.980445674068357;16.44596710011549;-1.980118694115502 2.882925785647348;8.142823342037381;19.55436372694787;2.452314074482487;12.71756585836255
85;16;-13.91554244675716 15.73089588256657;-13.91554244675716 15.73089588256657;-14.02205527158201 15.86909976695235;19.41159926478535;-1.980118694115502 2.882925785647348;8.142823342037381;19.55436372694787;2.452314074482487;21.00246192368052
85;17;-19.25699812534635 20.31369937171311;-19.25699812534635 20.31369937171311;-19.99361480221266 19.96121433129253;19.67297083299347;-1.980118694115502 2.882925785647348;8.142823342037381;19.55436372694787;2.452314074482487;27.99068343152647
85;18;-4.549696995856992 -9.074707370643996;-4.549696995856992 -9.074707370643996;-5.030776273546366 -8.010330546247765;14.77915653623989;-1.980118694115502 2.882925785647348;8.142823342037381;19.55436372694787;2.452314074482487;10.15135737805199
85;19;24.70602439512996 -28.59317206602454;24.70602439512996 -28.59317206602454;24.86677956600914 -28.88601554007369;20.58903247387093;-1.980118694115502 2.882925785647348;8.142823342037381;19.55436372694787;2.452314074482487;37.78832002365337
86;0;-15.62818182936705 -8.913553870417811;-15.62818182936705 -8.913553870417811;-15.92168029418498 -10.21163207179826;19.58937515101714;-1.980118694115502 2.882925785647348;8.142823342037381;19.60341609809182;2.347623200695115;17.99142878963755
86;1;4.289883182740236 20.00149191741699;4.289883182740236 20.00149191741699;4.058386101385703 20.96663532214607;19.14171099827978;-1.980118694115502 2.882925785647348;8.142823342037381;19.60341609809182;2.347623200695115;20.45636274228766
86;2;-29.91900550089670 7.944759215126077;-29.91900550089670 7.944759215126077;-30.05960391309116 7.997155224695192;19.84699162719464;-1.980118694115502 2.882925785647348;8.142823342037381;19.60341609809182;2.347623200695115;30.95587325773604
86;3;15.46519933502183 2.127038480150204;15.46519933502183 2.127038480150204;15.19680995838062 2.142801177746482;18.82622567335569;-1.980118694115502 2.882925785647348;8.142823342037381;19.60341609809182;2.347623200695115;15.61078739743769
86;7;6.065685575115426 0.7407482778304313;6.065685575115426 0.7407482778304313;6.125353699606759 0.9207329146955963;12.18140835532333;-1.980118694115502 2.882925785647348;8.142823342037381;19.60341609809182;2.347623200695115;6.110748686312677
86;5;25.93292817979536 -16.08284578418871;25.93292817979536 -16.08284578418871;25.93292817979536 -16.08284578418871;20.01588019857293;-1.980118694115502 2.882925785647348;8.142823342037381;19.60341609809182;2.347623200695115;30.51515512817231
86;6;11.68281534485721 -8.168661046513755;11.68281534485721 -8.168661046513755;11.68281534485721 -8.168661046513755;19.01407137272926;-1.980118694115502 2.882925785647348;8.142823342037381;19.60341609809182;2.347623200695115;14.25535680629785
86;8;30.55188809603301 -31.83443617743956;30.55188809603301 -31.83443617743956;30.55188809603301 -31.83443617743956;21.87729940454194;-1.980118694115502 2.882925785647348;8.142823342037381;19.60341609809182;2.347623200695115;44.12311404431917
86;9;-5.096605249869170 -4.676950140337949;-5.396749316703694 -4.635215691343297;-5.894916220115789 -4.908945242037799;13.69956412512603;-1.980118694115502 2.882925785647348;8.142823342037381;19.60341609809182;2.347623200695115;7.114079539379421
86;10;23.79248628980711 25.15282752765803;23.79248628980711 25.15282752765803;23.79248628980711 25.15282752765803;21.04905210366633;-1.980118694115502 2.882925785647348;8.142823342037381;19.60341609809182;2.347623200695115;34.62292790170655
86;11;22.51249229483063 9.374883354432127;22.51249229483063 9.374883354432127;22.80539325336843 9.124189434371658;20.40630493096825;-1.980118694115502 2.882925785647348;8.142823342037381;19.60341609809182;2.347623200695115;24.38648698017033
86;12;-9.912705276151007 13.65983829882802;-9.912705276151007 13.65983829882802;-9.953481006533010 14.06932673887292;18.43047773364569;-1.980118694115502 2.882925785647348;8.142823342037381;19.60341609809182;2.347623200695115;16.87758597199140
86;13;-28.78000780033040 4.296879286318557;-28.78000780033040 4.296879286318557;-29.16439364416290 3.951887478612701;20.32447830536276;-1.980118694115502 2.882925785647348;8.142823342037381;19.60341609809182;2.347623200695115;29.09900377312378
86;14;13.21503165448268 16.35938759388433;13.21503165448268 16.35938759388433;12.98912377190575 16.03679260851320;18.95880385204291;-1.980118694115502 2.882925785647348;8.142823342037381;19.60341609809182;2.347623200695115;21.03013609266273
86;15;-10.88879755863092 -6.570431423349759;-10.88879755863092 -6.570431423349759;-9.983727979839646 -6.980445674068357;16.44596710011549;-1.980118694115502 2.882925785647348;8.142823342037381;19.60341609809182;2.347623200695115;12.71756585836255
86;16;-13.91554244675716 15.73089588256657;-13.91554244675716 15.73089588256657;-14.02205527158201 15.86909976695235;19.41159926478535;-1.980118694115502 2.882925785647348;8.142823342037381;19.60341609809182;2.347623200695115;21.00246192368052
86;17;-19.25699812534635 20.31369937171311;-19.25699812534635 20.31369937171311;-19.99361480221266 19.96121433129253;19.67297083299347;-1.980118694115502 2.882925785647348;8.142823342037381;19.60341609809182;2.347623200695115;27.99068343152647
86;18;-4.549696995856992 -9.074707370643996;-4.549696995856992 -9.074707370643996;-5.030776273546366 -8.010330546247765;14.77915653623989;-1.980118694115502 2.882925785647348;8.142823342037381;19.60341609809182;2.347623200695115;10.15135737805199
86;19;24.70602439512996 -28.59317206602454;24.70602439512996 -28.59317206602454;24.86677956600914 -28.88601554007369;20.58903247387093;-1.980118694115502 2.882925785647348;8.142823342037381;19.60341609809182;2.347623200695115;37.78832002365337
87;0;-15.62818182936705 -8.913553870417811;-15.62818182936705 -8.913553870417811;-15.92168029418498 -10.21163207179826;19.58937515101714;-1.980118694115502 2.882925785647348;8.142823342037381;19.63181164345039;2.355386877098885;17.99142878963755
87;1;4.289883182740236 20.00149191741699;4.289883182740236 20.00149191741699;4.058386101385703 20.96663532214607;19.14171099827978;-1.980118694115502 2.882925785647348;8.142823342037381;19.63181164345039;2.355386877098885;20.45636274228766
87;2;-29.91900550089670 7.944759215126077;-29.88656350461774 8.847168721612842;-30.05960391309116 7.997155224695192;19.84699162719464;-1.980118694115502 2.882925785647348;8.142823342037381;19.63181164345039;2.355386877098885;31.16855903798303
87;3;15.46519933502183 2.127038480150204;15.46519933502183 2.127038480150204;15.19680995838062 2.142801177746482;18.82622567335569;-1.980118694115502 2.882925785647348;8.142823342037381;19.63181164345039;2.355386877098885;15.61078739743769
87;7;6.065685575115426 0.7407482778304313;6.065685575115426 0.7407482778304313;6.125353699606759 0.9207329146955963;12.18140835532333;-1.980118694115502 2.882925785647348;8.142823342037381;19.63181164345039;2.355386877098885;6.110748686312677
87;5;25.93292817979536 -16.08284578418871;25.93292817979536 -16.08284578418871;25.93292817979536 -16.08284578418871;20.01588019857293;-1.980118694115502 2.882925785647348;8.142823342037381;19.63181164345039;2.355386877098885;30.51515512817231
87;6;11.68281534485721 -8.168661046513755;11.68281534485721 -8.168661046513755;11.68281534485721 -8.168661046513755;19.01407137272926;-1.980118694115502 2.882925785647348;8.142823342037381;19.63181164345039;2.355386877098885;14.25535680629785
87;8;30.55188809603301 -31.83443617743956;30.55188809603301 -31.83443617743956;30.55188809603301 -31.83443617743956;21.87729940454194;-1.980118694115502 2.882925785647348;8.142823342037381;19.63181164345039;2.355386877098885;44.12311404431917
87;9;-5.396749316703694 -4.635215691343297;-5.396749316703694 -4.635215691343297;-5.894916220115789 -4.908945242037799;13.69956412512603;-1.980118694115502 2.882925785647348;8.142823342037381;19.63181164345039;2.355386877098885;7.114079539379421
87;10;23.79248628980711 25.15282752765803;23.79248628980711 25.15282752765803;23.79248628980711 25.15282752765803;21.04905210366633;-1.980118694115502 2.882925785647348;8.142823342037381;19.63181164345039;2.355386877098885;34.62292790170655
87;11;22.51249229483063 9.374883354432127;22.51249229483063 9.374883354432127;22.80539325336843 9.124189434371658;20.40630493096825;-1.980118694115502 2.882925785647348;8.142823342037381;19.63181164345039;2.355386877098885;24.38648698017033
87;12;-9.912705276151007 13.65983829882802;-9.912705276151007 13.65983829882802;-9.953481006533010 14.06932673887292;18.43047773364569;-1.980118694115502 2.882925785647348;8.142823342037381;19.63181164345039;2.355386877098885;16.87758597199140
87;13;-28.78000780033040 4.296879286318557;-28.78000780033040 4.296879286318557;-29.16439364416290 3.951887478612701;20.32447830536276;-1.980118694115502 2.882925785647348;8.142823342037381;19.63181164345039;2.355386877098885;29.09900377312378
87;14;13.21503165448268 16.35938759388433;13.21503165448268 16.35938759388433;12.98912377190575 16.03679260851320;18.95880385204291;-1.980118694115502 2.882925785647348;8.142823342037381;19.63181164345039;2.355386877098885;21.03013609266273
87;15;-10.88879755863092 -6.570431423349759;-10.88879755863092 -6.570431423349759;-9.983727979839646 -6.980445674068357;16.44596710011549;-1.980118694115502 2.882925785647348;8.142823342037381;19.63181164345039;2.355386877098885;12.71756585836255
87;16;-13.91554244675716 15.73089588256657;-13.91554244675716 15.73089588256657;-14.02205527158201 15.86909976695235;19.41159926478535;-1.980118694115502 2.882925785647348;8.142823342037381;19.63181164345039;2.355386877098885;21.00246192368052
87;17;-19.25699812534635 20.31369937171311;-19.25699812534635 20.31369937171311;-19.99361480221266 19.96121433129253;19.67297083299347;-1.980118694115502 2.882925785647348;8.142823342037381;19.63181164345039;2.355386877098885;27.99068343152647
87;18;-4.549696995856992 -9.074707370643996;-4.549696995856992 -9.074707370643996;-5.030776273546366 -8.010330546247765;14.77915653623989;-1.980118694115502 2.882925785647348;8.142823342037381;19.63181164345039;2.355386877098885;10.15135737805199
87;19;24.70602439512996 -28.59317206602454;24.70602439512996 -28.59317206602454;24.86677956600914 -28.88601554007369;20.58903247387093;-1.980118694115502 2.882925785647348;8.142823342037381;19.63181164345039;2.355386877098885;37.78832002365337
88;0;-15.62818182936705 -8.913553870417811;-15.62818182936705 -8.913553870417811;-15.92168029418498 -10.21163207179826;19.58937515101714;-1.980118694115502 2.882925785647348;8.142823342037381;19.62212034879240;2.345786306014428;17.99142878963755
88;1;4.289883182740236 20.00149191741699;4.289883182740236 20.00149191741699;4.058386101385703 20.96663532214607;19.14171099827978;-1.980118694115502 2.882925785647348;8.142823342037381;19.62212034879240;2.345786306014428;20.45636274228766
88;2;-29.88656350461774 8.847168721612842;-29.88656350461774 8.847168721612842;-30.05960391309116 7.997155224695192;19.84699162719464;-1.980118694115502 2.882925785647348;8.142823342037381;19.62212034879240;2.345786306014428;31.16855903798303
88;3;15.46519933502183 2.127038480150204;15.46519933502183 2.127038480150204;15.19680995838062 2.142801177746482;18.82622567335569;-1.980118694115502 2.882925785647348;8.142823342037381;19.62212034879240;2.345786306014428;15.61078739743769
88;7;6.065685575115426 0.7407482778304313;6.065685575115426 0.7407482778304313;6.125353699606759 0.9207329146955963;12.18140835532333;-1.980118694115502 2.882925785647348;8.142823342037381;19.62212034879240;2.345786306014428;6.110748686312677
88;5;25.93292817979536 -16.08284578418871;25.93292817979536 -16.08284578418871;25.93292817979536 -16.08284578418871;20.01588019857293;-1.980118694115502 2.882925785647348;8.142823342037381;19.62212034879240;2.345786306014428;30.51515512817231
88;6;11.68281534485721 -8.168661046513755;11.68281534485721 -8.168661046513755;11.68281534485721 -8.168661046513755;19.01407137272926;-1.980118694115502 2.882925785647348;8.142823342037381;19.62212034879240;2.345786306014428;14.25535680629785
88;8;30.55188809603301 -31.83443617743956;30.55188809603301 -31.83443617743956;30.55188809603301 -31.83443617743956;21.87729940454194;-1.980118694115502 2.882925785647348;8.142823342037381;19.62212034879240;2.345786306014428;44.12311404431917
88;9;-5.396749316703694 -4.635215691343297;-5.396749316703694 -4.635215691343297;-5.894916220115789 -4.908945242037799;13.69956412512603;-1.980118694115502 2.882925785647348;8.142823342037381;19.62212034879240;2.345786306014428;7.114079539379421
88;10;23.79248628980711 25.15282752765803;23.79248628980711 25.15282752765803;23.79248628980711 25.15282752765803;21.04905210366633;-1.980118694115502 2.882925785647348;8.142823342037381;19.62212034879240;2.345786306014428;34.62292790170655
88;11;22.51249229483063 9.374883354432127;22.51249229483063 9.374883354432127;22.80539325336843 9.124189434371658;20.40630493096825;-1.980118694115502 2.882925785647348;8.142823342037381;19.62212034879240;2.345786306014428;24.38648698017033
88;12;-9.912705276151007 13.65983829882802;-9.912705276151007 13.65983829882802;-9.953481006533010 14.06932673887292;18.43047773364569;-1.980118694115502 2.882925785647348;8.142823342037381;19.62212034879240;2.345786306014428;16.87758597199140
88;13;-28.78000780033040 4.296879286318557;-28.78000780033040 4.296879286318557;-29.16439364416290 3.951887478612701;20.32447830536276;-1.980118694115502 2.882925785647348;8.142823342037381;19.62212034879240;2.345786306014428;29.09900377312378
88;14;13.21503165448268 16.35938759388433;13.21503165448268 16.35938759388433;12.98912377190575 16.03679260851320;18.95880385204291;-1.980118694115502 2.882925785647348;8.142823342037381;19.62212034879240;2.345786306014428;21.03013609266273
88;15;-10.88879755863092 -6.570431423349759;-10.88879755863092 -6.570431423349759;-9.983727979839646 -6.980445674068357;16.44596710011549;-1.980118694115502 2.882925785647348;8.142823342037381;19.62212034879240;2.345786306014428;12.71756585836255
88;16;-13.91554244675716 15.73089588256657;-13.91554244675716 15.73089588256657;-14.02205527158201 15.86909976695235;19.41159926478535;-1.980118694115502 2.882925785647348;8.142823342037381;19.62212034879240;2.345786306014428;21.00246192368052
88;17;-19.25699812534635 20.31369937171311;-19.25699812534635 20.31369937171311;-19.99361480221266 19.96121433129253;19.67297083299347;-1.980118694115502 2.882925785647348;8.142823342037381;19.62212034879240;2.345786306014428;27.99068343152647
88;18;-4.549696995856992 -9.074707370643996;-4.549696995856992 -9.074707370643996;-5.030776273546366 -8.010330546247765;14.77915653623989;-1.980118694115502 2.882925785647348;8.142823342037381;19.62212034879240;2.345786306014428;10.15135737805199
88;19;24.70602439512996 -28.59317206602454;25.23910075496114 -28.64643933173495;24.86677956600914 -28.88601554007369;20.58903247387093;-1.980118694115502 2.882925785647348;8.142823342037381;19.62212034879240;2.345786306014428;38.17892996543841
89;0;-15.62818182936705 -8.913553870417811;-15.62818182936705 -8.913553870417811;-15.92168029418498 -10.21163207179826;19.58937515101714;-1.980118694115502 2.882925785647348;8.142823342037381;19.64707757002083;2.297685055770181;17.99142878963755
89;1;4.289883182740236 20.00149191741699;4.289883182740236 20.00149191741699;4.058386101385703 20.96663532214607;19.14171099827978;-1.980118694115502 2.882925785647348;8.142823342037381;19.64707757002083;2.297685055770181;20.45636274228766
89;2;-29.88656350461774 8.847168721612842;-29.88656350461774 8.847168721612842;-30.05960391309116 7.997155224695192;19.84699162719464;-1.980118694115502 2.882925785647348;8.142823342037381;19.64707757002083;2.297685055770181;31.16855903798303
89;3;15.46519933502183 2.127038480150204;15.46519933502183 2.127038480150204;15.19680995838062 2.142801177746482;18.82622567335569;-1.980118694115502 2.882925785647348;8.142823342037381;19.64707757002083;2.297685055770181;15.61078739743769
89;7;6.065685575115426 0.7407482778304313;6.065685575115426 0.7407482778304313;6.125353699606759 0.9207329146955963;12.18140835532333;-1.980118694115502 2.882925785647348;8.142823342037381;19.64707757002083;2.297685055770181;6.110748686312677
89;5;25.93292817979536 -16.08284578418871;25.93292817979536 -16.08284578418871;25.93292817979536 -16.08284578418871;20.01588019857293;-1.980118694115502 2.882925785647348;8.142823342037381;19.64707757002083;2.297685055770181;30.51515512817231
89;6;11.68281534485721 -8.168661046513755;11.68281534485721 -8.168661046513755;11.68281534485721 -8.168661046513755;19.01407137272926;-1.980118694115502 2.882925785647348;8.142823342037381;19.64707757002083;2.297685055770181;14.25535680629785
89;8;30.55188809603301 -31.83443617743956;30.55188809603301 -31.83443617743956;30.55188809603301 -31.83443617743956;21.87729940454194;-1.980118694115502 2.882925785647348;8.142823342037381;19.64707757002083;2.297685055770181;44.12311404431917
89;9;-5.396749316703694 -4.635215691343297;-5.747273564034596 -5.352366307284758;-5.894916220115789 -4.908945242037799;13.69956412512603;-1.980118694115502 2.882925785647348;8.142823342037381;19.64707757002083;2.297685055770181;7.853596533258378
89;10;23.79248628980711 25.15282752765803;23.79248628980711 25.15282752765803;23.79248628980711 25.15282752765803;21.04905210366633;-1.980118694115502 2.882925785647348;8.142823342037381;19.64707757002083;2.297685055770181;34.62292790170655
89;11;22.51249229483063 9.374883354432127;22.51249229483063 9.374883354432127;22.80539325336843 9.124189434371658;20.40630493096825;-1.980118694115502 2.882925785647348;8.142823342037381;19.64707757002083;2.297685055770181;24.38648698017033
89;12;-9.912705276151007 13.65983829882802;-9.912705276151007 13.65983829882802;-9.953481006533010 14.06932673887292;18.43047773364569;-1.980118694115502 2.882925785647348;8.142823342037381;19.64707757002083;2.297685055770181;16.87758597199140
89;13;-28.78000780033040 4.296879286318557;-28.78000780033040 4.296879286318557;-29.16439364416290 3.951887478612701;20.32447830536276;-1.980118694115502 2.882925785647348;8.142823342037381;19.64707757002083;2.297685055770181;29.09900377312378
89;14;13.21503165448268 16.35938759388433;13.21503165448268 16.35938759388433;12.98912377190575 16.03679260851320;18.95880385204291;-1.980118694115502 2.882925785647348;8.142823342037381;19.64707757002083;2.297685055770181;21.03013609266273
89;15;-10.88879755863092 -6.570431423349759;-10.88879755863092 -6.570431423349759;-9.983727979839646 -6.980445674068357;16.44596710011549;-1.980118694115502 2.882925785647348;8.142823342037381;19.64707757002083;2.297685055770181;12.71756585836255
89;16;-13.91554244675716 15.73089588256657;-13.91554244675716 15.73089588256657;-14.02205527158201 15.86909976695235;19.41159926478535;-1.980118694115502 2.882925785647348;8.142823342037381;19.64707757002083;2.297685055770181;21.00246192368052
89;17;-19.25699812534635 20.31369937171311;-19.25699812534635 20.31369937171311;-19.99361480221266 19.96121433129253;19.67297083299347;-1.980118694115502 2.882925785647348;8.142823342037381;19.64707757002083;2.297685055770181;27.99068343152647
89;18;-4.549696995856992 -9.074707370643996;-4.549696995856992 -9.074707370643996;-5.030776273546366 -8.010330546247765;14.77915653623989;-1.980118694115502 2.882925785647348;8.142823342037381;19.64707757002083;2.297685055770181;10.15135737805199
89;19;25.23910075496114 -28.64643933173495;25.23910075496114 -28.64643933173495;24.86677956600914 -28.88601554007369;20.58903247387093;-1.980118694115502 2.882925785647348;8.142823342037381;19.64707757002083;2.297685055770181;38.17892996543841
90;0;-15.62818182936705 -8.913553870417811;-15.62818182936705 -8.913553870417811;-15.92168029418498 -10.21163207179826;19.58937515101714;-1.980118694115502 2.882925785647348;8.142823342037381;19.61611918326392;2.274253071374518;17.99142878963755
90;1;4.289883182740236 20.00149191741699;4.289883182740236 20.00149191741699;4.058386101385703 20.96663532214607;19.14171099827978;-1.980118694115502 2.882925785647348;8.142823342037381;19.61611918326392;2.274253071374518;20.45636274228766
90;2;-29.88656350461774 8.847168721612842;-29.88656350461774 8.847168721612842;-30.05960391309116 7.997155224695192;19.84699162719464;-1.980118694115502 2.882925785647348;8.142823342037381;19.61611918326392;2.274253071374518;31.16855903798303
90;3;15.46519933502183 2.127038480150204;15.46519933502183 2.127038480150204;15.19680995838062 2.142801177746482;18.82622567335569;-1.980118694115502 2.882925785647348;8.142823342037381;19.61611918326392;2.274253071374518;15.61078739743769
90;7;6.065685575115426 0.7407482778304313;6.065685575115426 0.7407482778304313;6.125353699606759 0.9207329146955963;12.18140835532333;-1.980118694115502 2.882925785647348;8.142823342037381;19.61611918326392;2.274253071374518;6.110748686312677
90;5;25.93292817979536 -16.08284578418871;25.93292817979536 -16.08284578418871;25.93292817979536 -16.08284578418871;20.01588019857293;-1.980118694115502 2.882925785647348;8.142823342037381;19.61611918326392;2.274253071374518;30.51515512817231
90;6;11.68281534485721 -8.168661046513755;11.68281534485721 -8.168661046513755;11.68281534485721 -8.168661046513755;19.01407137272926;-1.980118694115502 2.882925785647348;8.142823342037381;19.61611918326392;2.274253071374518;14.25535680629785
90;8;30.55188809603301 -31.83443617743956;30.55188809603301 -31.83443617743956;30.55188809603301 -31.83443617743956;21.87729940454194;-1.980118694115502 2.882925785647348;8.142823342037381;19.61611918326392;2.274253071374518;44.12311404431917
90;9;-5.747273564034596 -5.352366307284758;-5.747273564034596 -5.352366307284758;-5.894916220115789 -4.908945242037799;13.69956412512603;-1.980118694115502 2.882925785647348;8.142823342037381;19.61611918326392;2.274253071374518;7.853596533258378
90;10;23.79248628980711 25.15282752765803;23.79248628980711 25.15282752765803;23.79248628980711 25.15282752765803;21.04905210366633;-1.980118694115502 2.882925785647348;8.142823342037381;19.61611918326392;2.274253071374518;34.62292790170655
90;11;22.51249229483063 9.374883354432127;22.43860006822858 8.933214088019614;22.80539325336843 9.124189434371658;20.40630493096825;-1.980118694115502 2.882925785647348;8.142823342037381;19.61611918326392;2.274253071374518;24.15146138361610
90;12;-9.912705276151007 13.65983829882802;-9.912705276151007 13.65983829882802;-9.953481006533010 14.06932673887292;18.43047773364569;-1.980118694115502 2.882925785647348;8.142823342037381;19.61611918326392;2.274253071374518;16.87758597199140
90;13;-28.78000780033040 4.296879286318557;-28.78000780033040 4.296879286318557;-29.16439364416290 3.951887478612701;20.32447830536276;-1.980118694115502 2.882925785647348;8.142823342037381;19.61611918326392;2.274253071374518;29.09900377312378
90;14;13.21503165448268 16.35938759388433;13.21503165448268 16.35938759388433;12.98912377190575 16.03679260851320;18.95880385204291;-1.980118694115502 2.882925785647348;8.142823342037381;19.61611918326392;2.274253071374518;21.03013609266273
90;15;-10.88879755863092 -6.570431423349759;-10.88879755863092 -6.570431423349759;-9.983727979839646 -6.980445674068357;16.44596710011549;-1.980118694115502 2.882925785647348;8.142823342037381;19.61611918326392;2.274253071374518;12.71756585836255
90;16;-13.91554244675716 15.73089588256657;-13.91554244675716 15.73089588256657;-14.02205527158201 15.86909976695235;19.41159926478535;-1.980118694115502 2.882925785647348;8.142823342037381;19.61611918326392;2.274253071374518;21.00246192368052
90;17;-19.25699812534635 20.31369937171311;-19.25699812534635 20.31369937171311;-19.99361480221266 19.96121433129253;19.67297083299347;-1.980118694115502 2.882925785647348;8.142823342037381;19.61611918326392;2.274253071374518;27.99068343152647
90;18;-4.549696995856992 -9.074707370643996;-4.549696995856992 -9.074707370643996;-5.030776273546366 -8.010330546247765;14.77915653623989;-1.980118694115502 2.882925785647348;8.142823342037381;19.61611918326392;2.274253071374518;10.15135737805199
90;19;25.23910075496114 -28.64643933173495;25.23910075496114 -28.64643933173495;24.86677956600914 -28.88601554007369;20.58903247387093;-1.980118694115502 2.882925785647348;8.142823342037381;19.61611918326392;2.274253071374518;38.17892996543841
91;0;-15.62818182936705 -8.913553870417811;-15.62818182936705 -8.913553870417811;-15.92168029418498 -10.21163207179826;19.58937515101714;-1.980118694115502 2.882925785647348;8.142823342037381;19.59516129662091;2.255072972071690;17.99142878963755
91;1;4.289883182740236 20.00149191741699;4.289883182740236 20.00149191741699;4.058386101385703 20.96663532214607;19.14171099827978;-1.980118694115502 2.882925785647348;8.142823342037381;19.59516129662091;2.255072972071690;20.45636274228766
91;2;-29.88656350461774 8.847168721612842;-29.88656350461774 8.847168721612842;-30.05960391309116 7.997155224695192;19.84699162719464;-1.980118694115502 2.882925785647348;8.142823342037381;19.59516129662091;2.255072972071690;31.16855903798303
91;3;15.46519933502183 2.127038480150204;15.46519933502183 2.127038480150204;15.19680995838062 2.142801177746482;18.82622567335569;-1.980118694115502 2.882925785647348;8.142823342037381;19.59516129662091;2.255072972071690;15.61078739743769
91;7;6.065685575115426 0.7407482778304313;6.065685575115426 0.7407482778304313;6.125353699606759 0.9207329146955963;12.18140835532333;-1.980118694115502 2.882925785647348;8.142823342037381;19.59516129662091;2.255072972071690;6.110748686312677
91;5;25.93292817979536 -16.08284578418871;25.93292817979536 -16.08284578418871;25.93292817979536 -16.08284578418871;20.01588019857293;-1.980118694115502 2.882925785647348;8.142823342037381;19.59516129662091;2.255072972071690;30.51515512817231
91;6;11.68281534485721 -8.168661046513755;11.68281534485721 -8.168661046513755;11.68281534485721 -8.168661046513755;19.01407137272926;-1.980118694115502 2.882925785647348;8.142823342037381;19.59516129662091;2.255072972071690;14.25535680629785
91;8;30.55188809603301 -31.83443617743956;30.96944748671339 -31.35585815080247;30.96944748671339 -31.35585815080247;21.47909955832472;-1.980118694115502 2.882925785647348;8.142823342037381;19.59516129662091;2.255072972071690;44.07149325817704
91;9;-5.747273564034596 -5.352366307284758;-5.747273564034596 -5.352366307284758;-5.894916220115789 -4.908945242037799;13.69956412512603;-1.980118694115502 2.882925785647348;8.142823342037381;19.59516129662091;2.255072972071690;7.853596533258378
91;10;23.79248628980711 25.15282752765803;23.79248628980711 25.15282752765803;23.79248628980711 25.15282752765803;21.04905210366633;-1.980118694115502 2.882925785647348;8.142823342037381;19.59516129662091;2.255072972071690;34.62292790170655
91;11;22.43860006822858 8.933214088019614;22.43860006822858 8.933214088019614;22.80539325336843 9.124189434371658;20.40630493096825;-1.980118694115502 2.882925785647348;8.142823342037381;19.59516129662091;2.255072972071690;24.15146138361610
91;12;-9.912705276151007 13.65983829882802;-9.912705276151007 13.65983829882802;-9.953481006533010 14.06932673887292;18.43047773364569;-1.980118694115502 2.882925785647348;8.142823342037381;19.59516129662091;2.255072972071690;16.87758597199140
91;13;-28.78000780033040 4.296879286318557;-28.78000780033040 4.296879286318557;-29.16439364416290 3.951887478612701;20.32447830536276;-1.980118694115502 2.882925785647348;8.142823342037381;19.59516129662091;2.255072972071690;29.09900377312378
91;14;13.21503165448268 16.35938759388433;13.21503165448268 16.35938759388433;12.98912377190575 16.03679260851320;18.95880385204291;-1.980118694115502 2.882925785647348;8.142823342037381;19.59516129662091;2.255072972071690;21.03013609266273
91;15;-10.88879755863092 -6.570431423349759;-10.88879755863092 -6.570431423349759;-9.983727979839646 -6.980445674068357;16.44596710011549;-1.980118694115502 2.882925785647348;8.142823342037381;19.59516129662091;2.255072972071690;12.71756585836255
91;16;-13.91554244675716 15.73089588256657;-13.91554244675716 15.73089588256657;-14.02205527158201 15.86909976695235;19.41159926478535;-1.980118694115502 2.882925785647348;8.142823342037381;19.59516129662091;2.255072972071690;21.00246192368052
91;17;-19.25699812534635 20.31369937171311;-19.25699812534635 20.31369937171311;-19.99361480221266 19.96121433129253;19.67297083299347;-1.980118694115502 2.882925785647348;8.142823342037381;19.59516129662091;2.255072972071690;27.99068343152647
91;18;-4.549696995856992 -9.074707370643996;-4.549696995856992 -9.074707370643996;-5.030776273546366 -8.010330546247765;14.77915653623989;-1.980118694115502 2.882925785647348;8.142823342037381;19.59516129662091;2.255072972071690;10.15135737805199
91;19;25.23910075496114 -28.64643933173495;25.23910075496114 -28.64643933173495;24.86677956600914 -28.88601554007369;20.58903247387093;-1.980118694115502 2.882925785647348;8.142823342037381;19.59516129662091;2.255072972071690;38.17892996543841
92;0;-15.62818182936705 -8.913553870417811;-15.62818182936705 -8.913553870417811;-15.92168029418498 -10.21163207179826;19.58937515101714;-1.980118694115502 2.882925785647348;8.142823342037381;19.61073543659226;2.230634034497649;17.99142878963755
92;1;4.289883182740236 20.00149191741699;4.289883182740236 20.00149191741699;4.058386101385703 20.96663532214607;19.14171099827978;-1.980118694115502 2.882925785647348;8.142823342037381;19.61073543659226;2.230634034497649;20.45636274228766
92;2;-29.88656350461774 8.847168721612842;-29.88656350461774 8.847168721612842;-30.05960391309116 7.997155224695192;19.84699162719464;-1.980118694115502 2.882925785647348;8.142823342037381;19.61073543659226;2.230634034497649;31.16855903798303
92;3;15.46519933502183 2.127038480150204;15.46519933502183 2.127038480150204;15.19680995838062 2.142801177746482;18.82622567335569;-1.980118694115502 2.882925785647348;8.142823342037381;19.61073543659226;2.230634034497649;15.61078739743769
92;7;6.065685575115426 0.7407482778304313;6.065685575115426 0.7407482778304313;6.125353699606759 0.9207329146955963;12.18140835532333;-1.980118694115502 2.882925785647348;8.142823342037381;19.61073543659226;2.230634034497649;6.110748686312677
92;5;25.93292817979536 -16.08284578418871;25.93292817979536 -16.08284578418871;25.93292817979536 -16.08284578418871;20.01588019857293;-1.980118694115502 2.882925785647348;8.142823342037381;19.61073543659226;2.230634034497649;30.51515512817231
92;6;11.68281534485721 -8.168661046513755;11.68281534485721 -8.168661046513755;11.68281534485721 -8.168661046513755;19.01407137272926;-1.980118694115502 2.882925785647348;8.142823342037381;19.61073543659226;2.230634034497649;14.25535680629785
92;8;30.96944748671339 -31.35585815080247;30.96944748671339 -31.35585815080247;30.96944748671339 -31.35585815080247;21.47909955832472;-1.980118694115502 2.882925785647348;8.142823342037381;19.61073543659226;2.230634034497649;44.07149325817704
92;9;-5.747273564034596 -5.352366307284758;-5.456174500915149 -5.751167902764273;-5.894916220115789 -4.908945242037799;13.69956412512603;-1.980118694115502 2.882925785647348;8.142823342037381;19.61073543659226;2.230634034497649;7.927532556238585
92;10;23.79248628980711 25.15282752765803;23.79248628980711 25.15282752765803;23.79248628980711 25.15282752765803;21.04905210366633;-1.980118694115502 2.882925785647348;8.142823342037381;19.61073543659226;2.230634034497649;34.62292790170655
92;11;22.43860006822858 8.933214088019614;22.43860006822858 8.933214088019614;22.80539325336843 9.124189434371658;20.40630493096825;-1.980118694115502 2.882925785647348;8.142823342037381;19.61073543659226;2.230634034497649;24.15146138361610
92;12;-9.912705276151007 13.65983829882802;-9.912705276151007 13.65983829882802;-9.953481006533010 14.06932673887292;18.43047773364569;-1.980118694115502 2.882925785647348;8.142823342037381;19.61073543659226;2.230634034497649;16.87758597199140
92;13;-28.78000780033040 4.296879286318557;-28.78000780033040 4.296879286318557;-29.16439364416290 3.951887478612701;20.32447830536276;-1.980118694115502 2.882925785647348;8.142823342037381;19.61073543659226;2.230634034497649;29.09900377312378
92;14;13.21503165448268 16.35938759388433;13.21503165448268 16.35938759388433;12.98912377190575 16.03679260851320;18.95880385204291;-1.980118694115502 2.882925785647348;8.142823342037381;19.61073543659226;2.230634034497649;21.03013609266273
92;15;-10.88879755863092 -6.570431423349759;-10.88879755863092 -6.570431423349759;-9.983727979839646 -6.980445674068357;16.44596710011549;-1.980118694115502 2.882925785647348;8.142823342037381;19.61073543659226;2.230634034497649;12.71756585836255
92;16;-13.91554244675716 15.73089588256657;-13.91554244675716 15.73089588256657;-14.02205527158201 15.86909976695235;19.41159926478535;-1.980118694115502 2.882925785647348;8.142823342037381;19.61073543659226;2.230634034497649;21.00246192368052
92;17;-19.25699812534635 20.31369937171311;-19.25699812534635 20.31369937171311;-19.99361480221266 19.96121433129253;19.67297083299347;-1.980118694115502 2.882925785647348;8.142823342037381;19.61073543659226;2.230634034497649;27.99068343152647
92;18;-4.549696995856992 -9.074707370643996;-4.472283382144161 -9.127257097337681;-5.030776273546366 -8.010330546247765;14.77915653623989;-1.980118694115502 2.882925785647348;8.142823342037381;19.61073543659226;2.230634034497649;10.16406123412802
92;19;25.23910075496114 -28.64643933173495;25.23910075496114 -28.64643933173495;24.86677956600914 -28.88601554007369;20.58903247387093;-1.980118694115502 2.882925785647348;8.142823342037381;19.61073543659226;2.230634034497649;38.17892996543841
93;0;-15.62818182936705 -8.913553870417811;-15.62818182936705 -8.913553870417811;-15.92168029418498 -10.21163207179826;19.58937515101714;-1.980118694115502 2.882925785647348;8.142823342037381;19.63661952616784;2.250158441032947;17.99142878963755
93;1;4.289883182740236 20.00149191741699;4.289883182740236 20.00149191741699;4.058386101385703 20.96663532214607;19.14171099827978;-1.980118694115502 2.882925785647348;8.142823342037381;19.63661952616784;2.250158441032947;20.45636274228766
93;2;-29.88656350461774 8.847168721612842;-29.88656350461774 8.847168721612842;-30.05960391309116 7.997155224695192;19.84699162719464;-1.980118694115502 2.882925785647348;8.142823342037381;19.63661952616784;2.250158441032947;31.16855903798303
93;3;15.46519933502183 2.127038480150204;15.46519933502183 2.127038480150204;15.19680995838062 2.142801177746482;18.82622567335569;-1.980118694115502 2.882925785647348;8.142823342037381;19.63661952616784;2.250158441032947;15.61078739743769
93;7;6.065685575115426 0.7407482778304313;6.065685575115426 0.7407482778304313;6.125353699606759 0.9207329146955963;12.18140835532333;-1.980118694115502 2.882925785647348;8.142823342037381;19.63661952616784;2.250158441032947;6.110748686312677
93;5;25.93292817979536 -16.08284578418871;25.93292817979536 -16.08284578418871;25.93292817979536 -16.08284578418871;20.01588019857293;-1.980118694115502 2.882925785647348;8.142823342037381;19.63661952616784;2.250158441032947;30.51515512817231
93;6;11.68281534485721 -8.168661046513755;11.68281534485721 -8.168661046513755;11.68281534485721 -8.168661046513755;19.01407137272926;-1.980118694115502 2.882925785647348;8.142823342037381;19.63661952616784;2.250158441032947;14.25535680629785
93;8;30.96944748671339 -31.35585815080247;30.96944748671339 -31.35585815080247;30.96944748671339 -31.35585815080247;21.47909955832472;-1.980118694115502 2.882925785647348;8.142823342037381;19.63661952616784;2.250158441032947;44.07149325817704
93;9;-5.456174500915149 -5.751167902764273;-5.456174500915149 -5.751167902764273;-5.894916220115789 -4.908945242037799;13.69956412512603;-1.980118694115502 2.882925785647348;8.142823342037381;19.63661952616784;2.250158441032947;7.927532556238585
93;10;23.79248628980711 25.15282752765803;23.79248628980711 25.15282752765803;23.79248628980711 25.15282752765803;21.04905210366633;-1.980118694115502 2.882925785647348;8.142823342037381;19.63661952616784;2.250158441032947;34.62292790170655
93;11;22.43860006822858 8.933214088019614;22.66855249515479 9.386529663724380;22.80539325336843 9.124189434371658;20.40630493096825;-1.980118694115502 2.882925785647348;8.142823342037381;19.63661952616784;2.250158441032947;24.53508123796549
93;12;-9.912705276151007 13.65983829882802;-9.912705276151007 13.65983829882802;-9.953481006533010 14.06932673887292;18.43047773364569;-1.980118694115502 2.882925785647348;8.142823342037381;19.63661952616784;2.250158441032947;16.87758597199140
93;13;-28.78000780033040 4.296879286318557;-28.78000780033040 4.296879286318557;-29.16439364416290 3.951887478612701;20.32447830536276;-1.980118694115502 2.882925785647348;8.142823342037381;19.63661952616784;2.250158441032947;29.09900377312378
93;14;13.21503165448268 16.35938759388433;13.21503165448268 16.35938759388433;12.98912377190575 16.03679260851320;18.95880385204291;-1.980118694115502 2.882925785647348;8.142823342037381;19.63661952616784;2.250158441032947;21.03013609266273
93;15;-10.88879755863092 -6.570431423349759;-10.88879755863092 -6.570431423349759;-9.983727979839646 -6.980445674068357;16.44596710011549;-1.980118694115502 2.882925785647348;8.142823342037381;19.63661952616784;2.250158441032947;12.71756585836255
93;16;-13.91554244675716 15.73089588256657;-13.91554244675716 15.73089588256657;-14.02205527158201 15.86909976695235;19.41159926478535;-1.980118694115502 2.882925785647348;8.142823342037381;19.63661952616784;2.250158441032947;21.00246192368052
93;17;-19.25699812534635 20.31369937171311;-19.25699812534635 20.31369937171311;-19.99361480221266 19.96121433129253;19.67297083299347;-1.980118694115502 2.882925785647348;8.142823342037381;19.63661952616784;2.250158441032947;27.99068343152647
93;18;-4.472283382144161 -9.127257097337681;-4.472283382144161 -9.127257097337681;-5.030776273546366 -8.010330546247765;14.77915653623989;-1.980118694115502 2.882925785647348;8.142823342037381;19.63661952616784;2.250158441032947;10.16406123412802
93;19;25.23910075496114 -28.64643933173495;25.23910075496114 -28.64643933173495;24.86677956600914 -28.88601554007369;20.58903247387093;-1.980118694115502 2.882925785647348;8.142823342037381;19.63661952616784;2.250158441032947;38.17892996543841
94;0;-15.62818182936705 -8.913553870417811;-15.62818182936705 -8.913553870417811;-15.92168029418498 -10.21163207179826;19.58937515101714;-1.980118694115502 2.882925785647348;8.142823342037381;19.60694180914412;2.246860042510066;17.99142878963755
94;1;4.289883182740236 20.00149191741699;4.137926022673328 20.10997388535196;4.058386101385703 20.96663532214607;19.14171099827978;-1.980118694115502 2.882925785647348;8.142823342037381;19.60694180914412;2.246860042510066;20.53128056012714
94;2;-29.88656350461774 8.847168721612842;-29.88656350461774 8.847168721612842;-30.05960391309116 7.997155224695192;19.84699162719464;-1.980118694115502 2.882925785647348;8.142823342037381;19.60694180914412;2.246860042510066;31.16855903798303
94;3;15.46519933502183 2.127038480150204;15.46519933502183 2.127038480150204;15.19680995838062 2.142801177746482;18.82622567335569;-1.980118694115502 2.882925785647348;8.142823342037381;19.60694180914412;2.246860042510066;15.61078739743769
94;7;6.065685575115426 0.7407482778304313;6.065685575115426 0.7407482778304313;6.125353699606759 0.9207329146955963;12.18140835532333;-1.980118694115502 2.882925785647348;8.142823342037381;19.60694180914412;2.246860042510066;6.110748686312677
94;5;25.93292817979536 -16.08284578418871;25.93292817979536 -16.08284578418871;25.93292817979536 -16.08284578418871;20.01588019857293;-1.980118694115502 2.882925785647348;8.142823342037381;19.60694180914412;2.246860042510066;30.51515512817231
94;6;11.68281534485721 -8.168661046513755;11.68281534485721 -8.168661046513755;11.68281534485721 -8.168661046513755;19.01407137272926;-1.980118694115502 2.882925785647348;8.142823342037381;19.60694180914412;2.246860042510066;14.25535680629785
94;8;30.96944748671339 -31.35585815080247;30.96944748671339 -31.35585815080247;30.96944748671339 -31.35585815080247;21.47909955832472;-1.980118694115502 2.882925785647348;8.142823342037381;19.60694180914412;2.246860042510066;44.07149325817704
94;9;-5.456174500915149 -5.751167902764273;-5.456174500915149 -5.751167902764273;-5.894916220115789 -4.908945242037799;13.69956412512603;-1.980118694115502 2.882925785647348;8.142823342037381;19.60694180914412;2.246860042510066;7.927532556238585
94;10;23.79248628980711 25.15282752765803;23.79248628980711 25.15282752765803;23.79248628980711 25.15282752765803;21.04905210366633;-1.980118694115502 2.882925785647348;8.142823342037381;19.60694180914412;2.246860042510066;34.62292790170655
94;11;22.66855249515479 9.386529663724380;22.66855249515479 9.386529663724380;22.80539325336843 9.124189434371658;20.40630493096825;-1.980118694115502 2.882925785647348;8.142823342037381;19.60694180914412;2.246860042510066;24.53508123796549
94;12;-9.912705276151007 13.65983829882802;-9.912705276151007 13.65983829882802;-9.953481006533010 14.06932673887292;18.43047773364569;-1.980118694115502 2.882925785647348;8.142823342037381;19.60694180914412;2.246860042510066;16.87758597199140
94;13;-28.78000780033040 4.296879286318557;-28.78000780033040 4.296879286318557;-29.16439364416290 3.951887478612701;20.32447830536276;-1.980118694115502 2.882925785647348;8.142823342037381;19.60694180914412;2.246860042510066;29.09900377312378
94;14;13.21503165448268 16.35938759388433;13.21503165448268 16.35938759388433;12.98912377190575 16.03679260851320;18.95880385204291;-1.980118694115502 2.882925785647348;8.142823342037381;19.60694180914412;2.246860042510066;21.03013609266273
94;15;-10.88879755863092 -6.570431423349759;-10.88879755863092 -6.570431423349759;-9.983727979839646 -6.980445674068357;16.44596710011549;-1.980118694115502 2.882925785647348;8.142823342037381;19.60694180914412;2.246860042510066;12.71756585836255
94;16;-13.91554244675716 15.73089588256657;-13.91554244675716 15.73089588256657;-14.02205527158201 15.86909976695235;19.41159926478535;-1.980118694115502 2.882925785647348;8.142823342037381;19.60694180914412;2.246860042510066;21.00246192368052
94;17;-19.25699812534635 20.31369937171311;-19.25699812534635 20.31369937171311;-19.99361480221266 19.96121433129253;19.67297083299347;-1.980118694115502 2.882925785647348;8.142823342037381;19.60694180914412;2.246860042510066;27.99068343152647
94;18;-4.472283382144161 -9.127257097337681;-4.472283382144161 -9.127257097337681;-5.030776273546366 -8.010330546247765;14.77915653623989;-1.980118694115502 2.882925785647348;8.142823342037381;19.60694180914412;2.246860042510066;10.16406123412802
94;19;25.23910075496114 -28.64643933173495;25.23910075496114 -28.64643933173495;24.86677956600914 -28.88601554007369;20.58903247387093;-1.980118694115502 2.882925785647348;8.142823342037381;19.60694180914412;2.246860042510066;38.17892996543841
95;0;-15.62818182936705 -8.913553870417811;-15.62818182936705 -8.913553870417811;-15.92168029418498 -10.21163207179826;19.58937515101714;-1.980118694115502 2.882925785647348;8.142823342037381;19.63897522418588;2.242513597582694;17.99142878963755
95;1;4.137926022673328 20.10997388535196;4.137926022673328 20.10997388535196;4.058386101385703 20.96663532214607;19.14171099827978;-1.980118694115502 2.882925785647348;8.142823342037381;19.63897522418588;2.242513597582694;20.53128056012714
95;2;-29.88656350461774 8.847168721612842;-29.88656350461774 8.847168721612842;-30.05960391309116 7.997155224695192;19.84699162719464;-1.980118694115502 2.882925785647348;8.142823342037381;19.63897522418588;2.242513597582694;31.16855903798303
95;3;15.46519933502183 2.127038480150204;15.46519933502183 2.127038480150204;15.19680995838062 2.142801177746482;18.82622567335569;-1.980118694115502 2.882925785647348;8.142823342037381;19.63897522418588;2.242513597582694;15.61078739743769
95;7;6.065685575115426 0.7407482778304313;6.065685575115426 0.7407482778304313;6.125353699606759 0.9207329146955963;12.18140835532333;-1.980118694115502 2.882925785647348;8.142823342037381;19.63897522418588;2.242513597582694;6.110748686312677
95;5;25.93292817979536 -16.08284578418871;25.93292817979536 -16.08284578418871;25.93292817979536 -16.08284578418871;20.01588019857293;-1.980118694115502 2.882925785647348;8.142823342037381;19.63897522418588;2.242513597582694;30.51515512817231
95;6;11.68281534485721 -8.168661046513755;12.31730427945934 -7.502596997173495;11.68281534485721 -8.168661046513755;19.01407137272926;-1.980118694115502 2.882925785647348;8.142823342037381;19.63897522418588;2.242513597582694;14.42237658691466
95;8;30.96944748671339 -31.35585815080247;30.96944748671339 -31.35585815080247;30.96944748671339 -31.35585815080247;21.47909955832472;-1.980118694115502 2.882925785647348;8.142823342037381;19.63897522418588;2.242513597582694;44.07149325817704
95;9;-5.456174500915149 -5.751167902764273;-5.456174500915149 -5.751167902764273;-5.894916220115789 -4.908945242037799;13.69956412512603;-1.980118694115502 2.882925785647348;8.142823342037381;19.63897522418588;2.242513597582694;7.927532556238585
95;10;23.79248628980711 25.15282752765803;23.79248628980711 25.15282752765803;23.79248628980711 25.15282752765803;21.04905210366633;-1.980118694115502 2.882925785647348;8.142823342037381;19.63897522418588;2.242513597582694;34.62292790170655
95;11;22.66855249515479 9.386529663724380;22.66855249515479 9.386529663724380;22.80539325336843 9.124189434371658;20.40630493096825;-1.980118694115502 2.882925785647348;8.142823342037381;19.63897522418588;2.242513597582694;24.53508123796549
95;12;-9.912705276151007 13.65983829882802;-9.912705276151007 13.65983829882802;-9.953481006533010 14.06932673887292;18.43047773364569;-1.980118694115502 2.882925785647348;8.142823342037381;19.63897522418588;2.242513597582694;16.87758597199140
95;13;-28.78000780033040 4.296879286318557;-28.78000780033040 4.296879286318557;-29.16439364416290 3.951887478612701;20.32447830536276;-1.980118694115502 2.882925785647348;8.142823342037381;19.63897522418588;2.242513597582694;29.09900377312378
95;14;13.21503165448268 16.35938759388433;13.21503165448268 16.35938759388433;12.98912377190575 16.03679260851320;18.95880385204291;-1.980118694115502 2.882925785647348;8.142823342037381;19.63897522418588;2.242513597582694;21.03013609266273
95;15;-10.88879755863092 -6.570431423349759;-10.88879755863092 -6.570431423349759;-9.983727979839646 -6.980445674068357;16.44596710011549;-1.980118694115502 2.882925785647348;8.142823342037381;19.63897522418588;2.242513597582694;12.71756585836255
95;16;-13.91554244675716 15.73089588256657;-13.91554244675716 15.73089588256657;-14.02205527158201 15.86909976695235;19.41159926478535;-1.980118694115502 2.882925785647348;8.142823342037381;19.63897522418588;2.242513597582694;21.00246192368052
95;17;-19.25699812534635 20.31369937171311;-19.25699812534635 20.31369937171311;-19.99361480221266 19.96121433129253;19.67297083299347;-1.980118694115502 2.882925785647348;8.142823342037381;19.63897522418588;2.242513597582694;27.99068343152647
95;18;-4.472283382144161 -9.127257097337681;-4.472283382144161 -9.127257097337681;-5.030776273546366 -8.010330546247765;14.77915653623989;-1.980118694115502 2.882925785647348;8.142823342037381;19.63897522418588;2.242513597582694;10.16406123412802
95;19;25.23910075496114 -28.64643933173495;25.23910075496114 -28.64643933173495;24.86677956600914 -28.88601554007369;20.58903247387093;-1.980118694115502 2.882925785647348;8.142823342037381;19.63897522418588;2.242513597582694;38.17892996543841
96;0;-15.62818182936705 -8.913553870417811;-15.62818182936705 -8.913553870417811;-15.92168029418498 -10.21163207179826;19.58937515101714;-1.980118694115502 2.882925785647348;8.142823342037381;19.72569327927907;2.286831114760225;17.99142878963755
96;1;4.137926022673328 20.10997388535196;4.137926022673328 20.10997388535196;4.058386101385703 20.96663532214607;19.14171099827978;-1.980118694115502 2.882925785647348;8.142823342037381;19.72569327927907;2.286831114760225;20.53128056012714
96;2;-29.88656350461774 8.847168721612842;-29.88656350461774 8.847168721612842;-30.05960391309116 7.997155224695192;19.84699162719464;-1.980118694115502 2.882925785647348;8.142823342037381;19.72569327927907;2.286831114760225;31.16855903798303
96;3;15.46519933502183 2.127038480150204;15.46519933502183 2.127038480150204;15.19680995838062 2.142801177746482;18.82622567335569;-1.980118694115502 2.882925785647348;8.142823342037381;19.72569327927907;2.286831114760225;15.61078739743769
96;7;6.065685575115426 0.7407482778304313;6.065685575115426 0.7407482778304313;6.125353699606759 0.9207329146955963;12.18140835532333;-1.980118694115502 2.882925785647348;8.142823342037381;19.72569327927907;2.286831114760225;6.110748686312677
96;5;25.93292817979536 -16.08284578418871;26.22702304439205 -15.64370991463615;25.93292817979536 -16.08284578418871;20.01588019857293;-1.980118694115502 2.882925785647348;8.142823342037381;19.72569327927907;2.286831114760225;30.53821209017249
96;6;12.31730427945934 -7.502596997173495;12.31730427945934 -7.502596997173495;11.68281534485721 -8.168661046513755;19.01407137272926;-1.980118694115502 2.882925785647348;8.142823342037381;19.72569327927907;2.286831114760225;14.42237658691466
96;8;30.96944748671339 -31.35585815080247;30.96944748671339 -31.35585815080247;30.96944748671339 -31.35585815080247;21.47909955832472;-1.980118694115502 2.882925785647348;8.142823342037381;19.72569327927907;2.286831114760225;44.07149325817704
96;9;-5.456174500915149 -5.751167902764273;-5.456174500915149 -5.751167902764273;-5.894916220115789 -4.908945242037799;13.69956412512603;-1.980118694115502 2.882925785647348;8.142823342037381;19.72569327927907;2.286831114760225;7.927532556238585
96;10;23.79248628980711 25.15282752765803;23.79248628980711 25.15282752765803;23.79248628980711 25.15282752765803;21.04905210366633;-1.980118694115502 2.882925785647348;8.142823342037381;19.72569327927907;2.286831114760225;34.62292790170655
96;11;22.66855249515479 9.386529663724380;22.66855249515479 9.386529663724380;22.80539325336843 9.124189434371658;20.40630493096825;-1.980118694115502 2.882925785647348;8.142823342037381;19.72569327927907;2.286831114760225;24.53508123796549
96;12;-9.912705276151007 13.65983829882802;-9.912705276151007 13.65983829882802;-9.953481006533010 14.06932673887292;18.43047773364569;-1.980118694115502 2.882925785647348;8.142823342037381;19.72569327927907;2.286831114760225;16.87758597199140
96;13;-28.78000780033040 4.296879286318557;-28.78000780033040 4.296879286318557;-29.16439364416290 3.951887478612701;20.32447830536276;-1.980118694115502 2.882925785647348;8.142823342037381;19.72569327927907;2.286831114760225;29.09900377312378
96;14;13.21503165448268 16.35938759388433;13.21503165448268 16.35938759388433;12.98912377190575 16.03679260851320;18.95880385204291;-1.980118694115502 2.882925785647348;8.142823342037381;19.72569327927907;2.286831114760225;21.03013609266273
96;15;-10.88879755863092 -6.570431423349759;-10.88879755863092 -6.570431423349759;-9.983727979839646 -6.980445674068357;16.44596710011549;-1.980118694115502 2.882925785647348;8.142823342037381;19.72569327927907;2.286831114760225;12.71756585836255
96;16;-13.91554244675716 15.73089588256657;-13.91554244675716 15.73089588256657;-14.02205527158201 15.86909976695235;19.41159926478535;-1.980118694115502 2.882925785647348;8.142823342037381;19.72569327927907;2.286831114760225;21.00246192368052
96;17;-19.25699812534635 20.31369937171311;-19.25699812534635 20.31369937171311;-19.99361480221266 19.96121433129253;19.67297083299347;-1.980118694115502 2.882925785647348;8.142823342037381;19.72569327927907;2.286831114760225;27.99068343152647
96;18;-4.472283382144161 -9.127257097337681;-4.472283382144161 -9.127257097337681;-5.030776273546366 -8.010330546247765;14.77915653623989;-1.980118694115502 2.882925785647348;8.142823342037381;19.72569327927907;2.286831114760225;10.16406123412802
96;19;25.23910075496114 -28.64643933173495;25.23910075496114 -28.64643933173495;24.86677956600914 -28.88601554007369;20.58903247387093;-1.980118694115502 2.882925785647348;8.142823342037381;19.72569327927907;2.286831114760225;38.17892996543841
97;0;-15.62818182936705 -8.913553870417811;-15.62818182936705 -8.913553870417811;-15.92168029418498 -10.21163207179826;19.58937515101714;-1.980118694115502 2.882925785647348;8.142823342037381;19.68662662923180;2.259570568446856;17.99142878963755
97;1;4.137926022673328 20.10997388535196;4.137926022673328 20.10997388535196;4.058386101385703 20.96663532214607;19.14171099827978;-1.980118694115502 2.882925785647348;8.142823342037381;19.68662662923180;2.259570568446856;20.53128056012714
97;2;-29.88656350461774 8.847168721612842;-29.88656350461774 8.847168721612842;-30.05960391309116 7.997155224695192;19.84699162719464;-1.980118694115502 2.882925785647348;8.142823342037381;19.68662662923180;2.259570568446856;31.16855903798303
97;3;15.46519933502183 2.127038480150204;15.46519933502183 2.127038480150204;15.19680995838062 2.142801177746482;18.82622567335569;-1.980118694115502 2.882925785647348;8.142823342037381;19.68662662923180;2.259570568446856;15.61078739743769
97;7;6.065685575115426 0.7407482778304313;6.065685575115426 0.7407482778304313;6.125353699606759 0.9207329146955963;12.18140835532333;-1.980118694115502 2.882925785647348;8.142823342037381;19.68662662923180;2.259570568446856;6.110748686312677
97;5;26.22702304439205 -15.64370991463615;26.25236198947931 -16.07937290539830;25.93292817979536 -16.08284578418871;20.01588019857293;-1.980118694115502 2.882925785647348;8.142823342037381;19.68662662923180;2.259570568446856;30.78526827977166
97;6;12.31730427945934 -7.502596997173495;12.31730427945934 -7.502596997173495;11.68281534485721 -8.168661046513755;19.01407137272926;-1.980118694115502 2.882925785647348;8.142823342037381;19.68662662923180;2.259570568446856;14.42237658691466
97;8;30.96944748671339 -31.35585815080247;30.96944748671339 -31.35585815080247;30.96944748671339 -31.35585815080247;21.47909955832472;-1.980118694115502 2.882925785647348;8.142823342037381;19.68662662923180;2.259570568446856;44.07149325817704
97;9;-5.456174500915149 -5.751167902764273;-5.456174500915149 -5.751167902764273;-5.894916220115789 -4.908945242037799;13.69956412512603;-1.980118694115502 2.882925785647348;8.142823342037381;19.68662662923180;2.259570568446856;7.927532556238585
97;10;23.79248628980711 25.15282752765803;23.79248628980711 25.15282752765803;23.79248628980711 25.15282752765803;21.04905210366633;-1.980118694115502 2.882925785647348;8.142823342037381;19.68662662923180;2.259570568446856;34.62292790170655
97;11;22.66855249515479 9.386529663724380;22.66855249515479 9.386529663724380;22.80539325336843 9.124189434371658;20.40630493096825;-1.980118694115502 2.882925785647348;8.142823342037381;19.68662662923180;2.259570568446856;24.53508123796549
97;12;-9.912705276151007 13.65983829882802;-9.912705276151007 13.65983829882802;-9.953481006533010 14.06932673887292;18.43047773364569;-1.980118694115502 2.882925785647348;8.142823342037381;19.68662662923180;2.259570568446856;16.87758597199140
97;13;-28.78000780033040 4.296879286318557;-28.78000780033040 4.296879286318557;-29.16439364416290 3.951887478612701;20.32447830536276;-1.980118694115502 2.882925785647348;8.142823342037381;19.68662662923180;2.259570568446856;29.09900377312378
97;14;13.21503165448268 16.35938759388433;13.21503165448268 16.35938759388433;12.98912377190575 16.03679260851320;18.95880385204291;-1.980118694115502 2.882925785647348;8.142823342037381;19.68662662923180;2.259570568446856;21.03013609266273
97;15;-10.88879755863092 -6.570431423349759;-10.88879755863092 -6.570431423349759;-9.983727979839646 -6.980445674068357;16.44596710011549;-1.980118694115502 2.882925785647348;8.142823342037381;19.68662662923180;2.259570568446856;12.71756585836255
97;16;-13.91554244675716 15.73089588256657;-13.91554244675716 15.73089588256657;-14.02205527158201 15.86909976695235;19.41159926478535;-1.980118694115502 2.882925785647348;8.142823342037381;19.68662662923180;2.259570568446856;21.00246192368052
97;17;-19.25699812534635 20.31369937171311;-19.25699812534635 20.31369937171311;-19.99361480221266 19.96121433129253;19.67297083299347;-1.980118694115502 2.882925785647348;8.142823342037381;19.68662662923180;2.259570568446856;27.99068343152647
97;18;-4.472283382144161 -9.127257097337681;-4.472283382144161 -9.127257097337681;-5.030776273546366 -8.010330546247765;14.77915653623989;-1.980118694115502 2.882925785647348;8.142823342037381;19.68662662923180;2.259570568446856;10.16406123412802
97;19;25.23910075496114 -28.64643933173495;25.23910075496114 -28.64643933173495;24.86677956600914 -28.88601554007369;20.58903247387093;-1.980118694115502 2.882925785647348;8.142823342037381;19.68662662923180;2.259570568446856;38.17892996543841
98;0;-15.62818182936705 -8.913553870417811;-15.62818182936705 -8.913553870417811;-15.92168029418498 -10.21163207179826;19.58937515101714;-1.980118694115502 2.882925785647348;8.142823342037381;19.60229807333964;2.274312779465444;17.99142878963755
98;1;4.137926022673328 20.10997388535196;4.137926022673328 20.10997388535196;4.058386101385703 20.96663532214607;19.14171099827978;-1.980118694115502 2.882925785647348;8.142823342037381;19.60229807333964;2.274312779465444;20.53128056012714
98;2;-29.88656350461774 8.847168721612842;-29.88656350461774 8.847168721612842;-30.05960391309116 7.997155224695192;19.84699162719464;-1.980118694115502 2.882925785647348;8.142823342037381;19.60229807333964;2.274312779465444;31.16855903798303
98;3;15.46519933502183 2.127038480150204;15.46519933502183 2.127038480150204;15.19680995838062 2.142801177746482;18.82622567335569;-1.980118694115502 2.882925785647348;8.142823342037381;19.60229807333964;2.274312779465444;15.61078739743769
98;7;6.065685575115426 0.7407482778304313;6.065685575115426 0.7407482778304313;6.125353699606759 0.9207329146955963;12.18140835532333;-1.980118694115502 2.882925785647348;8.142823342037381;19.60229807333964;2.274312779465444;6.110748686312677
98;5;26.25236198947931 -16.07937290539830;26.25236198947931 -16.07937290539830;25.93292817979536 -16.08284578418871;20.01588019857293;-1.980118694115502 2.882925785647348;8.142823342037381;19.60229807333964;2.274312779465444;30.78526827977166
98;6;12.31730427945934 -7.502596997173495;12.31730427945934 -7.502596997173495;11.68281534485721 -8.168661046513755;19.01407137272926;-1.980118694115502 2.882925785647348;8.142823342037381;19.60229807333964;2.274312779465444;14.42237658691466
98;8;30.96944748671339 -31.35585815080247;30.96944748671339 -31.35585815080247;30.96944748671339 -31.35585815080247;21.47909955832472;-1.980118694115502 2.882925785647348;8.142823342037381;19.60229807333964;2.274312779465444;44.07149325817704
98;9;-5.456174500915149 -5.751167902764273;-5.456174500915149 -5.751167902764273;-5.894916220115789 -4.908945242037799;13.69956412512603;-1.980118694115502 2.882925785647348;8.142823342037381;19.60229807333964;2.274312779465444;7.927532556238585
98;10;23.79248628980711 25.15282752765803;23.79248628980711 25.15282752765803;23.79248628980711 25.15282752765803;21.04905210366633;-1.980118694115502 2.882925785647348;8.142823342037381;19.60229807333964;2.274312779465444;34.62292790170655
98;11;22.66855249515479 9.386529663724380;22.66855249515479 9.386529663724380;22.80539325336843 9.124189434371658;20.40630493096825;-1.980118694115502 2.882925785647348;8.142823342037381;19.60229807333964;2.274312779465444;24.53508123796549
98;12;-9.912705276151007 13.65983829882802;-10.01501416278484 13.91900820328931;-10.01501416278484 13.91900820328931;18.40304020284941;-1.980118694115502 2.882925785647348;8.142823342037381;19.60229807333964;2.274312779465444;17.14757411542566
98;13;-28.78000780033040 4.296879286318557;-28.78000780033040 4.296879286318557;-29.16439364416290 3.951887478612701;20.32447830536276;-1.980118694115502 2.882925785647348;8.142823342037381;19.60229807333964;2.274312779465444;29.09900377312378
98;14;13.21503165448268 16.35938759388433;13.21503165448268 16.35938759388433;12.98912377190575 16.03679260851320;18.95880385204291;-1.980118694115502 2.882925785647348;8.142823342037381;19.60229807333964;2.274312779465444;21.03013609266273
98;15;-10.88879755863092 -6.570431423349759;-10.88879755863092 -6.570431423349759;-9.983727979839646 -6.980445674068357;16.44596710011549;-1.980118694115502 2.882925785647348;8.142823342037381;19.60229807333964;2.274312779465444;12.71756585836255
98;16;-13.91554244675716 15.73089588256657;-14.06496614000383 16.20655304468673;-14.02205527158201 15.86909976695235;19.41159926478535;-1.980118694115502 2.882925785647348;8.142823342037381;19.60229807333964;2.274312779465444;21.45869600208034
98;17;-19.25699812534635 20.31369937171311;-19.25699812534635 20.31369937171311;-19.99361480221266 19.96121433129253;19.67297083299347;-1.980118694115502 2.882925785647348;8.142823342037381;19.60229807333964;2.274312779465444;27.99068343152647
98;18;-4.472283382144161 -9.127257097337681;-4.472283382144161 -9.127257097337681;-5.030776273546366 -8.010330546247765;14.77915653623989;-1.980118694115502 2.882925785647348;8.142823342037381;19.60229807333964;2.274312779465444;10.16406123412802
98;19;25.23910075496114 -28.64643933173495;25.23910075496114 -28.64643933173495;24.86677956600914 -28.88601554007369;20.58903247387093;-1.980118694115502 2.882925785647348;8.142823342037381;19.60229807333964;2.274312779465444;38.17892996543841
99;0;-15.62818182936705 -8.913553870417811;-15.62818182936705 -8.913553870417811;-15.92168029418498 -10.21163207179826;19.58937515101714;-1.980118694115502 2.882925785647348;8.142823342037381;19.59640671779901;2.269679929849727;17.99142878963755
99;1;4.137926022673328 20.10997388535196;4.137926022673328 20.10997388535196;4.058386101385703 20.96663532214607;19.14171099827978;-1.980118694115502 2.882925785647348;8.142823342037381;19.59640671779901;2.269679929849727;20.53128056012714
99;2;-29.88656350461774 8.847168721612842;-29.88656350461774 8.847168721612842;-30.05960391309116 7.997155224695192;19.84699162719464;-1.980118694115502 2.882925785647348;8.142823342037381;19.59640671779901;2.269679929849727;31.16855903798303
99;3;15.46519933502183 2.127038480150204;15.46519933502183 2.127038480150204;15.19680995838062 2.142801177746482;18.82622567335569;-1.980118694115502 2.882925785647348;8.142823342037381;19.59640671779901;2.269679929849727;15.61078739743769
99;7;6.065685575115426 0.7407482778304313;6.065685575115426 0.7407482778304313;6.125353699606759 0.9207329146955963;12.18140835532333;-1.980118694115502 2.882925785647348;8.142823342037381;19.59640671779901;2.269679929849727;6.110748686312677
99;5;26.25236198947931 -16.07937290539830;26.25236198947931 -16.07937290539830;25.93292817979536 -16.08284578418871;20.01588019857293;-1.980118694115502 2.882925785647348;8.142823342037381;19.59640671779901;2.269679929849727;30.78526827977166
99;6;12.31730427945934 -7.502596997173495;12.31730427945934 -7.502596997173495;11.68281534485721 -8.168661046513755;19.01407137272926;-1.980118694115502 2.882925785647348;8.142823342037381;19.59640671779901;2.269679929849727;14.42237658691466
99;8;30.96944748671339 -31.35585815080247;30.96944748671339 -31.35585815080247;30.96944748671339 -31.35585815080247;21.47909955832472;-1.980118694115502 2.882925785647348;8.142823342037381;19.59640671779901;2.269679929849727;44.07149325817704
99;9;-5.456174500915149 -5.751167902764273;-5.456174500915149 -5.751167902764273;-5.894916220115789 -4.908945242037799;13.69956412512603;-1.980118694115502 2.882925785647348;8.142823342037381;19.59640671779901;2.269679929849727;7.927532556238585
99;10;23.79248628980711 25.15282752765803;23.79248628980711 25.15282752765803;23.79248628980711 25.15282752765803;21.04905210366633;-1.980118694115502 2.882925785647348;8.142823342037381;19.59640671779901;2.269679929849727;34.62292790170655
99;11;22.66855249515479 9.386529663724380;22.66855249515479 9.386529663724380;22.80539325336843 9.124189434371658;20.40630493096825;-1.980118694115502 2.882925785647348;8.142823342037381;19.59640671779901;2.269679929849727;24.53508123796549
99;12;-10.01501416278484 13.91900820328931;-10.01501416278484 13.91900820328931;-10.01501416278484 13.91900820328931;18.40304020284941;-1.980118694115502 2.882925785647348;8.142823342037381;19.59640671779901;2.269679929849727;17.14757411542566
99;13;-28.78000780033040 4.296879286318557;-28.63815760882654 4.114666290861818;-29.16439364416290 3.951887478612701;20.32447830536276;-1.980118694115502 2.882925785647348;8.142823342037381;19.59640671779901;2.269679929849727;28.93224066527070
99;14;13.21503165448268 16.35938759388433;13.21503165448268 16.35938759388433;12.98912377190575 16.03679260851320;18.95880385204291;-1.980118694115502 2.882925785647348;8.142823342037381;19.59640671779901;2.269679929849727;21.03013609266273
99;15;-10.88879755863092 -6.570431423349759;-10.88879755863092 -6.570431423349759;-9.983727979839646 -6.980445674068357;16.44596710011549;-1.980118694115502 2.882925785647348;8.142823342037381;19.59640671779901;2.269679929849727;12.71756585836255
99;16;-14.06496614000383 16.20655304468673;-14.06496614000383 16.20655304468673;-14.02205527158201 15.86909976695235;19.41159926478535;-1.980118694115502 2.882925785647348;8.142823342037381;19.59640671779901;2.269679929849727;21.45869600208034
99;17;-19.25699812534635 20.31369937171311;-19.25699812534635 20.31369937171311;-19.99361480221266 19.96121433129253;19.67297083299347;-1.980118694115502 2.882925785647348;8.142823342037381;19.59640671779901;2.269679929849727;27.99068343152647
99;18;-4.472283382144161 -9.127257097337681;-4.472283382144161 -9.127257097337681;-5.030776273546366 -8.010330546247765;14.77915653623989;-1.980118694115502 2.882925785647348;8.142823342037381;19.59640671779901;2.269679929849727;10.16406123412802
99;19;25.23910075496114 -28.64643933173495;25.23910075496114 -28.64643933173495;24.86677956600914 -28.88601554007369;20.58903247387093;-1.980118694115502 2.882925785647348;8.142823342037381;19.59640671779901;2.269679929849727;38.17892996543841
100;0;-15.62818182936705 -8.913553870417811;-15.62818182936705 -8.913553870417811;-15.92168029418498 -10.21163207179826;19.58937515101714;-1.980118694115502 2.882925785647348;8.142823342037381;19.60477357300199;2.255103579948718;17.99142878963755
100;1;4.137926022673328 20.10997388535196;4.137926022673328 20.10997388535196;4.058386101385703 20.96663532214607;19.14171099827978;-1.980118694115502 2.882925785647348;8.142823342037381;19.60477357300199;2.255103579948718;20.53128056012714
100;2;-29.88656350461774 8.847168721612842;-29.88656350461774 8.847168721612842;-30.05960391309116 7.997155224695192;19.84699162719464;-1.980118694115502 2.882925785647348;8.142823342037381;19.60477357300199;2.255103579948718;31.16855903798303
100;3;15.46519933502183 2.127038480150204;15.46519933502183 2.127038480150204;15.19680995838062 2.142801177746482;18.82622567335569;-1.980118694115502 2.882925785647348;8.142823342037381;19.60477357300199;2.255103579948718;15.61078739743769
100;7;6.065685575115426 0.7407482778304313;6.065685575115426 0.7407482778304313;6.125353699606759 0.9207329146955963;12.18140835532333;-1.980118694115502 2.882925785647348;8.142823342037381;19.60477357300199;2.255103579948718;6.110748686312677
100;5;26.25236198947931 -16.07937290539830;26.25236198947931 -16.07937290539830;25.93292817979536 -16.08284578418871;20.01588019857293;-1.980118694115502 2.882925785647348;8.142823342037381;19.60477357300199;2.255103579948718;30.78526827977166
100;6;12.31730427945934 -7.502596997173495;12.31730427945934 -7.502596997173495;11.68281534485721 -8.168661046513755;19.01407137272926;-1.980118694115502 2.882925785647348;8.142823342037381;19.60477357300199;2.255103579948718;14.42237658691466
100;8;30.96944748671339 -31.35585815080247;30.96944748671339 -31.35585815080247;30.96944748671339 -31.35585815080247;21.47909955832472;-1.980118694115502 2.882925785647348;8.142823342037381;19.60477357300199;2.255103579948718;44.07149325817704
100;9;-5.456174500915149 -5.751167902764273;-5.241210931165924 -6.361250796559013;-5.894916220115789 -4.908945242037799;13.69956412512603;-1.980118694115502 2.882925785647348;8.142823342037381;19.60477357300199;2.255103579948718;8.242317860996131
100;10;23.79248628980711 25.15282752765803;23.79248628980711 25.15282752765803;23.79248628980711 25.15282752765803;21.04905210366633;-1.980118694115502 2.882925785647348;8.142823342037381;19.60477357300199;2.255103579948718;34.62292790170655
100;11;22.66855249515479 9.386529663724380;22.66855249515479 9.386529663724380;22.80539325336843 9.124189434371658;20.40630493096825;-1.980118694115502 2.882925785647348;8.142823342037381;19.60477357300199;2.255103579948718;24.53508123796549
100;12;-10.01501416278484 13.91900820328931;-10.01501416278484 13.91900820328931;-10.01501416278484 13.91900820328931;18.40304020284941;-1.980118694115502 2.882925785647348;8.142823342037381;19.60477357300199;2.255103579948718;17.14757411542566
100;13;-28.63815760882654 4.114666290861818;-28.63815760882654 4.114666290861818;-29.16439364416290 3.951887478612701;20.32447830536276;-1.980118694115502 2.882925785647348;8.142823342037381;19.60477357300199;2.255103579948718;28.93224066527070
100;14;13.21503165448268 16.35938759388433;13.21503165448268 16.35938759388433;12.98912377190575 16.03679260851320;18.95880385204291;-1.980118694115502 2.882925785647348;8.142823342037381;19.60477357300199;2.255103579948718;21.03013609266273
100;15;-10.88879755863092 -6.570431423349759;-10.88879755863092 -6.570431423349759;-9.983727979839646 -6.980445674068357;16.44596710011549;-1.980118694115502 2.882925785647348;8.142823342037381;19.60477357300199;2.255103579948718;12.71756585836255
100;16;-14.06496614000383 16.20655304468673;-14.06496614000383 16.20655304468673;-14.02205527158201 15.86909976695235;19.41159926478535;-1.980118694115502 2.882925785647348;8.142823342037381;19.60477357300199;2.255103579948718;21.45869600208034
100;17;-19.25699812534635 20.31369937171311;-19.25699812534635 20.31369937171311;-19.99361480221266 19.96121433129253;19.67297083299347;-1.980118694115502 2.882925785647348;8.142823342037381;19.60477357300199;2.255103579948718;27.99068343152647
100;18;-4.472283382144161 -9.127257097337681;-4.472283382144161 -9.127257097337681;-5.030776273546366 -8.010330546247765;14.77915653623989;-1.980118694115502 2.882925785647348;8.142823342037381;19.60477357300199;2.255103579948718;10.16406123412802
100;19;25.23910075496114 -28.64643933173495;25.23910075496114 -28.64643933173495;24.86677956600914 -28.88601554007369;20.58903247387093;-1.980118694115502 2.882925785647348;8.142823342037381;19.60477357300199;2.255103579948718;38.17892996543841
